unique_key,created_date,closed_date,agency,complaint_type,borough,status
63577994,2025-01-01T00:00:12.000,2025-01-02T17:05:54.000,NYPD,Noise - Residential,BRONX,Closed
63584096,2025-01-01T00:00:13.000,2025-01-01T00:05:19.000,NYPD,Noise - Residential,BROOKLYN,Closed
63581480,2025-01-01T00:00:17.000,2025-01-01T09:01:06.000,NYPD,Noise - Residential,BRONX,Closed
63575612,2025-01-01T00:00:19.000,2025-01-01T00:43:08.000,NYPD,Illegal Fireworks,BROOKLYN,Closed
63586536,2025-01-01T00:00:34.000,2025-01-02T12:04:30.000,HPD,HEAT/HOT WATER,BRONX,Closed
63593943,2025-01-01T00:00:37.000,2025-01-01T22:50:30.000,HPD,HEAT/HOT WATER,MANHATTAN,Closed
63572426,2025-01-01T00:00:42.000,2025-01-01T00:41:12.000,NYPD,Noise - Residential,BROOKLYN,Closed
63581601,2025-01-01T00:00:50.000,2025-01-02T17:09:55.000,NYPD,Noise - Residential,BRONX,Closed
63575947,2025-01-01T00:00:50.000,2025-01-01T01:46:05.000,NYPD,Noise - Residential,BROOKLYN,Closed
63576541,2025-01-01T00:01:03.000,2025-01-01T08:38:08.000,NYPD,Noise - Residential,BRONX,Closed
63584548,2025-01-01T00:01:06.000,2025-01-01T00:19:04.000,NYPD,Noise - Street/Sidewalk,MANHATTAN,Closed
63575993,2025-01-01T00:01:24.000,2025-01-01T00:43:35.000,NYPD,Noise - Street/Sidewalk,MANHATTAN,Closed
63579629,2025-01-01T00:01:28.000,2025-01-02T17:07:28.000,NYPD,Noise - Residential,BRONX,Closed
63585577,2025-01-01T00:01:42.000,2025-01-01T00:44:35.000,NYPD,Illegal Parking,BROOKLYN,Closed
63576522,2025-01-01T00:01:49.000,2025-01-01T08:38:09.000,NYPD,Noise - Residential,BRONX,Closed
63583880,2025-01-01T00:01:57.000,2025-01-01T14:58:06.000,NYPD,Blocked Driveway,MANHATTAN,Closed
63580493,2025-01-01T00:02:00.000,2025-01-01T00:02:00.000,DOT,Traffic Signal Condition,QUEENS,Closed
63584101,2025-01-01T00:02:05.000,2025-01-01T01:03:56.000,NYPD,Illegal Fireworks,QUEENS,Closed
63581599,2025-01-01T00:02:06.000,2025-01-02T16:30:14.000,NYPD,Noise - Residential,BRONX,Closed
63577385,2025-01-01T00:02:09.000,2025-01-01T00:10:31.000,NYPD,Illegal Fireworks,BROOKLYN,Closed
63579011,2025-01-01T00:02:14.000,2025-01-01T00:27:50.000,NYPD,Noise - Commercial,QUEENS,Closed
63576018,2025-01-01T00:02:24.000,2025-01-01T00:19:44.000,NYPD,Noise - Street/Sidewalk,MANHATTAN,Closed
63572417,2025-01-01T00:02:31.000,2025-01-01T00:05:50.000,NYPD,Noise - Residential,BROOKLYN,Closed
63582736,2025-01-01T00:02:34.000,2025-01-01T01:07:15.000,NYPD,Noise - Street/Sidewalk,BRONX,Closed
63580050,2025-01-01T00:02:35.000,2025-01-01T09:01:53.000,NYPD,Noise - Residential,BRONX,Closed
63576437,2025-01-01T00:02:44.000,2025-01-02T17:08:14.000,NYPD,Noise - Residential,BRONX,Closed
63582421,2025-01-01T00:03:07.000,2025-01-01T00:42:55.000,NYPD,Illegal Fireworks,BROOKLYN,Closed
63583123,2025-01-01T00:03:15.000,2025-01-01T21:26:22.000,NYPD,Illegal Parking,MANHATTAN,Closed
63583644,2025-01-01T00:03:20.000,2025-01-01T01:39:32.000,NYPD,Illegal Parking,BROOKLYN,Closed
63573292,2025-01-01T00:03:21.000,2025-01-01T08:38:10.000,NYPD,Noise - Residential,BRONX,Closed
63573291,2025-01-01T00:03:23.000,2025-01-02T16:30:15.000,NYPD,Noise - Residential,BRONX,Closed
63588918,2025-01-01T00:03:37.000,2025-01-02T19:55:51.000,HPD,HEAT/HOT WATER,MANHATTAN,Closed
63580325,2025-01-01T00:03:41.000,2025-01-01T00:50:47.000,NYPD,Illegal Parking,QUEENS,Closed
63572401,2025-01-01T00:03:42.000,2025-01-01T00:17:17.000,NYPD,Noise - Commercial,MANHATTAN,Closed
63582434,2025-01-01T00:03:44.000,2025-01-01T00:07:59.000,NYPD,Noise - Commercial,MANHATTAN,Closed
63582221,2025-01-01T00:03:58.000,2025-01-01T00:53:01.000,NYPD,Blocked Driveway,QUEENS,Closed
63573117,2025-01-01T00:04:01.000,2025-01-02T17:05:54.000,NYPD,Noise - Residential,BRONX,Closed
63584449,2025-01-01T00:04:01.000,2025-01-01T00:36:10.000,NYPD,Noise - Residential,MANHATTAN,Closed
63584259,2025-01-01T00:04:03.000,2025-01-01T01:03:27.000,NYPD,Noise - Commercial,STATEN ISLAND,Closed
63576554,2025-01-01T00:04:07.000,2025-01-01T09:02:20.000,NYPD,Noise - Residential,BRONX,Closed
63580908,2025-01-01T00:04:15.000,2025-01-01T00:31:59.000,NYPD,Noise - Residential,BROOKLYN,Closed
63572740,2025-01-01T00:04:34.000,2025-01-01T01:20:14.000,NYPD,Noise - Residential,QUEENS,Closed
63582693,2025-01-01T00:04:34.000,2025-01-01T00:36:03.000,NYPD,Noise - Residential,BRONX,Closed
63578101,2025-01-01T00:04:39.000,2025-01-02T17:09:53.000,NYPD,Noise - Residential,BRONX,Closed
63572791,2025-01-01T00:04:40.000,2025-01-01T00:13:04.000,NYPD,Noise - Street/Sidewalk,BROOKLYN,Closed
63583735,2025-01-01T00:04:42.000,2025-01-01T00:53:46.000,NYPD,Illegal Parking,BROOKLYN,Closed
63579100,2025-01-01T00:04:44.000,2025-01-01T00:22:45.000,NYPD,Illegal Fireworks,QUEENS,Closed
63582776,2025-01-01T00:04:47.000,2025-01-01T00:22:55.000,NYPD,Noise - Residential,BROOKLYN,Closed
63574641,2025-01-01T00:04:54.000,2025-01-01T09:01:52.000,NYPD,Noise - Residential,BRONX,Closed
63584223,2025-01-01T00:04:54.000,2025-01-01T00:43:02.000,NYPD,Illegal Fireworks,BROOKLYN,Closed
63574681,2025-01-01T00:04:57.000,2025-01-01T03:05:10.000,NYPD,Noise - Residential,MANHATTAN,Closed
63582137,2025-01-01T00:05:00.000,2025-01-01T00:05:00.000,DOT,Traffic Signal Condition,QUEENS,Closed
63582455,2025-01-01T00:05:06.000,2025-01-01T00:55:24.000,NYPD,Noise - Residential,MANHATTAN,Closed
63579722,2025-01-01T00:05:17.000,2025-01-01T02:29:07.000,NYPD,Noise - Residential,QUEENS,Closed
63581613,2025-01-01T00:05:17.000,2025-01-02T16:30:16.000,NYPD,Noise - Residential,BRONX,Closed
63582496,2025-01-01T00:05:19.000,2025-01-01T00:32:11.000,NYPD,Noise - Residential,BROOKLYN,Closed
63574006,2025-01-01T00:05:22.000,2025-01-01T00:54:11.000,NYPD,Noise - Commercial,QUEENS,Closed
63574272,2025-01-01T00:05:24.000,2025-01-01T00:39:07.000,NYPD,Noise - Street/Sidewalk,MANHATTAN,Closed
63572361,2025-01-01T00:05:30.000,2025-01-01T00:54:18.000,NYPD,Illegal Fireworks,QUEENS,Closed
63581768,2025-01-01T00:05:39.000,2025-01-01T08:38:11.000,NYPD,Noise - Residential,BRONX,Closed
63582506,2025-01-01T00:05:45.000,2025-01-01T00:22:55.000,NYPD,Noise - Residential,MANHATTAN,Closed
63573235,2025-01-01T00:05:55.000,2025-01-02T17:08:18.000,NYPD,Noise - Residential,BRONX,Closed
63582523,2025-01-01T00:05:56.000,2025-01-01T00:28:28.000,NYPD,Illegal Fireworks,BROOKLYN,Closed
63582680,2025-01-01T00:06:04.000,2025-01-01T00:37:50.000,NYPD,Noise - Residential,MANHATTAN,Closed
63584429,2025-01-01T00:06:12.000,2025-01-01T00:21:10.000,NYPD,Noise - Street/Sidewalk,QUEENS,Closed
63576014,2025-01-01T00:06:18.000,2025-01-01T00:39:22.000,NYPD,Noise - Street/Sidewalk,BROOKLYN,Closed
63579709,2025-01-01T00:06:25.000,2025-01-01T09:01:54.000,NYPD,Noise - Residential,BRONX,Closed
63577404,2025-01-01T00:06:28.000,2025-01-01T00:59:01.000,NYPD,Illegal Fireworks,QUEENS,Closed
63574516,2025-01-01T00:06:32.000,2025-01-01T02:09:56.000,NYPD,Illegal Fireworks,QUEENS,Closed
63584323,2025-01-01T00:06:32.000,2025-01-01T00:32:25.000,NYPD,Noise - Residential,BROOKLYN,Closed
63578337,2025-01-01T00:06:33.000,2025-01-02T17:08:12.000,NYPD,Noise - Residential,BRONX,Closed
63580659,2025-01-01T00:06:40.000,2025-01-01T00:50:29.000,NYPD,Noise - Park,QUEENS,Closed
63579043,2025-01-01T00:06:44.000,2025-01-01T01:06:52.000,NYPD,Noise - Residential,BRONX,Closed
63572741,2025-01-01T00:06:46.000,2025-01-01T00:51:36.000,NYPD,Noise - Residential,STATEN ISLAND,Closed
63577254,2025-01-01T00:06:58.000,2025-01-01T00:42:19.000,NYPD,Illegal Fireworks,QUEENS,Closed
63580634,2025-01-01T00:07:00.000,2025-01-01T00:23:39.000,NYPD,Illegal Fireworks,BROOKLYN,Closed
63582454,2025-01-01T00:07:02.000,2025-01-01T00:23:10.000,NYPD,Noise - Residential,QUEENS,Closed
63577650,2025-01-01T00:07:04.000,2025-01-01T01:07:34.000,NYPD,Noise - Street/Sidewalk,QUEENS,Closed
63585070,2025-01-01T00:07:11.000,2025-01-01T09:01:05.000,NYPD,Noise - Residential,BRONX,Closed
63584779,2025-01-01T00:07:11.000,2025-01-02T17:03:48.000,NYPD,Noise - Residential,BRONX,Closed
63572376,2025-01-01T00:07:15.000,2025-01-01T00:20:48.000,NYPD,Illegal Fireworks,MANHATTAN,Closed
63579200,2025-01-01T00:07:15.000,2025-01-01T00:24:41.000,NYPD,Illegal Fireworks,BROOKLYN,Closed
63582825,2025-01-01T00:07:17.000,2025-01-01T01:08:27.000,NYPD,Noise - Street/Sidewalk,BROOKLYN,Closed
63574597,2025-01-01T00:07:19.000,2025-01-02T08:55:17.000,DSNY,Illegal Dumping,QUEENS,Closed
63572348,2025-01-01T00:07:20.000,2025-01-01T00:28:46.000,NYPD,Illegal Fireworks,BROOKLYN,Closed
63572219,2025-01-01T00:07:36.000,2025-01-01T01:33:12.000,NYPD,Blocked Driveway,QUEENS,Closed
63582601,2025-01-01T00:07:40.000,2025-01-01T00:36:46.000,NYPD,Noise - Residential,QUEENS,Closed
63573989,2025-01-01T00:07:42.000,2025-01-01T00:57:05.000,NYPD,Noise - Residential,BRONX,Closed
63575399,2025-01-01T00:07:48.000,2025-01-01T01:07:34.000,NYPD,Blocked Driveway,STATEN ISLAND,Closed
63576609,2025-01-01T00:07:49.000,2025-01-02T17:09:50.000,NYPD,Noise - Residential,BRONX,Closed
63577482,2025-01-01T00:07:50.000,2025-01-01T00:51:05.000,NYPD,Illegal Fireworks,STATEN ISLAND,Closed
63584393,2025-01-01T00:07:52.000,2025-01-01T00:44:28.000,NYPD,Noise - Residential,QUEENS,Closed
63575983,2025-01-01T00:07:54.000,2025-01-01T00:13:30.000,NYPD,Noise - Street/Sidewalk,BROOKLYN,Closed
63584043,2025-01-01T00:07:55.000,2025-01-01T00:22:35.000,NYPD,Noise - Commercial,MANHATTAN,Closed
63573307,2025-01-01T00:07:57.000,2025-01-01T09:02:03.000,NYPD,Noise - Residential,BRONX,Closed
63574062,2025-01-01T00:08:01.000,2025-01-01T00:56:06.000,NYPD,Noise - Residential,QUEENS,Closed
63577453,2025-01-01T00:08:09.000,2025-01-01T00:49:01.000,NYPD,Noise - Residential,MANHATTAN,Closed
63575331,2025-01-01T00:08:11.000,2025-02-12T22:19:14.000,DOHMH,Smoking or Vaping,BRONX,Closed
63574357,2025-01-01T00:08:21.000,2025-01-01T01:11:23.000,NYPD,Noise - Residential,BRONX,Closed
63581616,2025-01-01T00:08:24.000,2025-01-01T02:31:42.000,NYPD,Noise - Street/Sidewalk,QUEENS,Closed
63574754,2025-01-01T00:08:29.000,2025-01-02T17:09:52.000,NYPD,Noise - Residential,BRONX,Closed
63577514,2025-01-01T00:08:30.000,2025-01-01T00:39:40.000,NYPD,Noise - Street/Sidewalk,MANHATTAN,Closed
63580642,2025-01-01T00:08:30.000,2025-01-01T01:21:30.000,NYPD,Illegal Fireworks,STATEN ISLAND,Closed
63576373,2025-01-01T00:08:43.000,2025-01-01T09:02:20.000,NYPD,Noise - Residential,BRONX,Closed
63584238,2025-01-01T00:08:43.000,2025-01-01T00:15:27.000,NYPD,Noise - Commercial,MANHATTAN,Closed
63584105,2025-01-01T00:08:53.000,2025-01-01T00:46:52.000,NYPD,Illegal Fireworks,BROOKLYN,Closed
63581049,2025-01-01T00:08:57.000,2025-01-01T00:10:44.000,NYPD,Noise - Street/Sidewalk,BROOKLYN,Closed
63574002,2025-01-01T00:08:58.000,2025-01-01T00:29:02.000,NYPD,Illegal Fireworks,BROOKLYN,Closed
63573306,2025-01-01T00:09:05.000,2025-01-02T16:30:17.000,NYPD,Noise - Residential,BRONX,Closed
63575567,2025-01-01T00:09:09.000,2025-01-01T00:41:35.000,NYPD,Illegal Fireworks,STATEN ISLAND,Closed
63575584,2025-01-01T00:09:14.000,2025-01-01T00:54:11.000,NYPD,Illegal Fireworks,QUEENS,Closed
63578216,2025-01-01T00:09:16.000,2025-01-01T03:02:02.000,NYPD,Illegal Parking,QUEENS,Closed
63578990,2025-01-01T00:09:19.000,2025-01-01T00:59:30.000,NYPD,Illegal Fireworks,BROOKLYN,Closed
63582719,2025-01-01T00:09:27.000,2025-01-01T00:41:06.000,NYPD,Noise - Street/Sidewalk,MANHATTAN,Closed
63579760,2025-01-01T00:09:29.000,2025-01-01T09:02:02.000,NYPD,Noise - Residential,BRONX,Closed
63580632,2025-01-01T00:09:35.000,2025-01-01T00:24:26.000,NYPD,Illegal Fireworks,BROOKLYN,Closed
63579795,2025-01-01T00:09:45.000,2025-01-02T17:05:54.000,NYPD,Noise - Residential,BRONX,Closed
63577151,2025-01-01T00:09:53.000,2025-01-01T02:04:13.000,NYPD,Abandoned Vehicle,QUEENS,Closed
63578936,2025-01-01T00:10:00.000,2025-01-01T02:30:00.000,DOT,Traffic Signal Condition,QUEENS,Closed
63580566,2025-01-01T00:10:03.000,2025-01-01T01:22:39.000,NYPD,Blocked Driveway,BROOKLYN,Closed
63577297,2025-01-01T00:10:05.000,2025-01-01T01:29:49.000,NYPD,Noise - Residential,BRONX,Closed
63580804,2025-01-01T00:10:05.000,2025-01-01T00:23:36.000,NYPD,Illegal Fireworks,QUEENS,Closed
63582731,2025-01-01T00:10:13.000,2025-01-01T00:32:44.000,NYPD,Noise - Street/Sidewalk,BROOKLYN,Closed
63573085,2025-01-01T00:10:15.000,2025-01-01T09:01:05.000,NYPD,Noise - Residential,BRONX,Closed
63574404,2025-01-01T00:10:20.000,2025-01-01T00:16:03.000,NYPD,Noise - Street/Sidewalk,BROOKLYN,Closed
63578113,2025-01-01T00:10:22.000,2025-01-02T17:09:53.000,NYPD,Noise - Residential,BRONX,Closed
63583959,2025-01-01T00:10:23.000,2025-01-01T01:26:21.000,NYPD,Blocked Driveway,QUEENS,Closed
63591499,2025-01-01T00:10:25.000,2025-01-02T13:49:04.000,HPD,HEAT/HOT WATER,BRONX,Closed
63579078,2025-01-01T00:10:26.000,2025-01-01T01:24:26.000,NYPD,Illegal Fireworks,STATEN ISLAND,Closed
63572351,2025-01-01T00:10:30.000,2025-01-01T00:42:35.000,NYPD,Illegal Fireworks,BROOKLYN,Closed
63573972,2025-01-01T00:10:30.000,2025-01-01T00:56:42.000,NYPD,Illegal Fireworks,QUEENS,Closed
63577486,2025-01-01T00:10:32.000,2025-01-01T00:22:31.000,NYPD,Illegal Fireworks,MANHATTAN,Closed
63579105,2025-01-01T00:10:36.000,2025-01-01T00:15:30.000,NYPD,Noise - Commercial,MANHATTAN,Closed
63585438,2025-01-01T00:10:41.000,2025-01-01T00:49:50.000,NYPD,Illegal Parking,QUEENS,Closed
63582735,2025-01-01T00:10:41.000,2025-01-01T00:16:38.000,NYPD,Noise - Street/Sidewalk,MANHATTAN,Closed
63575836,2025-01-01T00:10:45.000,2025-01-01T00:50:34.000,NYPD,Noise - Street/Sidewalk,BROOKLYN,Closed
63574056,2025-01-01T00:10:46.000,2025-01-01T01:14:47.000,NYPD,Noise - Residential,BROOKLYN,Closed
63582220,2025-01-01T00:10:56.000,2025-01-01T01:47:39.000,NYPD,Blocked Driveway,QUEENS,Closed
63574000,2025-01-01T00:10:58.000,2025-01-01T00:42:18.000,NYPD,Illegal Fireworks,BROOKLYN,Closed
63584800,2025-01-01T00:11:00.000,2025-01-02T17:11:27.000,NYPD,Noise - Residential,BRONX,Closed
63585242,2025-01-01T00:11:01.000,2025-01-01T09:02:02.000,NYPD,Noise - Residential,BRONX,Closed
63577492,2025-01-01T00:11:03.000,2025-01-01T00:43:28.000,NYPD,Noise - Street/Sidewalk,BROOKLYN,Closed
63578992,2025-01-01T00:11:05.000,2025-01-01T00:29:25.000,NYPD,Illegal Fireworks,BROOKLYN,Closed
63577405,2025-01-01T00:11:09.000,2025-01-01T00:26:00.000,NYPD,Illegal Fireworks,BROOKLYN,Closed
63575942,2025-01-01T00:11:14.000,2025-01-01T00:45:33.000,NYPD,Noise - Street/Sidewalk,BROOKLYN,Closed
63579326,2025-01-01T00:11:23.000,2025-01-01T00:20:56.000,NYPD,Noise - Street/Sidewalk,QUEENS,Closed
63580664,2025-01-01T00:11:35.000,2025-01-01T00:24:49.000,NYPD,Illegal Fireworks,BROOKLYN,Closed
63581438,2025-01-01T00:11:38.000,2025-01-02T17:08:18.000,NYPD,Noise - Residential,BRONX,Closed
63576463,2025-01-01T00:11:39.000,2025-01-01T02:18:56.000,NYPD,Illegal Parking,MANHATTAN,Closed
63576165,2025-01-01T00:11:41.000,2025-01-01T23:21:21.000,NYPD,Noise - Residential,BRONX,Closed
63582779,2025-01-01T00:11:41.000,2025-01-01T00:52:57.000,NYPD,Noise - Street/Sidewalk,MANHATTAN,Closed
63572778,2025-01-01T00:11:43.000,2025-01-01T00:17:22.000,NYPD,Noise - Street/Sidewalk,BROOKLYN,Closed
63577267,2025-01-01T00:11:44.000,2025-01-01T00:47:03.000,NYPD,Noise - Commercial,BROOKLYN,Closed
63573490,2025-01-01T00:11:45.000,2025-01-01T00:59:59.000,NYPD,Illegal Parking,STATEN ISLAND,Closed
63572310,2025-01-01T00:11:45.000,2025-01-01T01:21:57.000,NYPD,Illegal Fireworks,QUEENS,Closed
63573999,2025-01-01T00:11:47.000,2025-01-01T00:53:33.000,NYPD,Illegal Fireworks,STATEN ISLAND,Closed
63583321,2025-01-01T00:11:48.000,2025-01-01T09:01:33.000,NYPD,Noise - Residential,BRONX,Closed
63574004,2025-01-01T00:11:50.000,2025-01-01T00:52:56.000,NYPD,Illegal Fireworks,BROOKLYN,Closed
63575958,2025-01-01T00:12:12.000,2025-01-01T00:22:11.000,NYPD,Noise - Street/Sidewalk,MANHATTAN,Closed
63579002,2025-01-01T00:12:13.000,2025-01-01T01:10:35.000,NYPD,Illegal Fireworks,QUEENS,Closed
63579860,2025-01-01T00:12:16.000,2025-01-02T16:30:18.000,NYPD,Noise - Residential,BRONX,Closed
63572396,2025-01-01T00:12:21.000,2025-01-01T01:22:53.000,NYPD,Illegal Fireworks,MANHATTAN,Closed
63573369,2025-01-01T00:12:24.000,2025-01-01T01:18:42.000,NYPD,Illegal Parking,BRONX,Closed
63573896,2025-01-01T00:12:24.000,2025-01-01T00:19:15.000,NYPD,Blocked Driveway,BROOKLYN,Closed
63576848,2025-01-01T00:12:26.000,2025-01-01T01:09:12.000,NYPD,Illegal Parking,QUEENS,Closed
63577381,2025-01-01T00:12:28.000,2025-01-01T00:33:50.000,NYPD,Illegal Fireworks,STATEN ISLAND,Closed
63576278,2025-01-01T00:12:32.000,2025-01-01T02:03:48.000,NYPD,Illegal Fireworks,QUEENS,Closed
63587695,2025-01-01T00:12:32.000,2025-01-04T14:12:23.000,HPD,HEAT/HOT WATER,BRONX,Closed
63579669,2025-01-01T00:12:33.000,2025-01-01T09:01:24.000,NYPD,Noise - Residential,BRONX,Closed
63573872,2025-01-01T00:12:34.000,2025-01-01T00:43:50.000,NYPD,Blocked Driveway,BROOKLYN,Closed
63588885,2025-01-01T00:12:41.000,2025-01-02T19:46:23.000,HPD,HEAT/HOT WATER,BROOKLYN,Closed
63586823,2025-01-01T00:12:41.000,2025-01-05T15:06:23.000,HPD,PLUMBING,BROOKLYN,Closed
63584106,2025-01-01T00:12:44.000,2025-01-01T00:50:49.000,NYPD,Illegal Fireworks,MANHATTAN,Closed
63573995,2025-01-01T00:12:46.000,2025-01-01T00:44:06.000,NYPD,Illegal Fireworks,BROOKLYN,Closed
63584233,2025-01-01T00:12:49.000,2025-01-01T00:53:47.000,NYPD,Illegal Fireworks,QUEENS,Closed
63584826,2025-01-01T00:12:54.000,2025-01-02T17:08:13.000,NYPD,Noise - Residential,BRONX,Closed
63577679,2025-01-01T00:12:58.000,2025-01-01T01:32:51.000,NYPD,Noise - Street/Sidewalk,BRONX,Closed
63582422,2025-01-01T00:13:00.000,2025-01-01T00:44:09.000,NYPD,Illegal Fireworks,BROOKLYN,Closed
63579202,2025-01-01T00:13:03.000,2025-01-01T00:30:14.000,NYPD,Illegal Fireworks,STATEN ISLAND,Closed
63579461,2025-01-01T00:13:05.000,2025-01-01T00:16:06.000,NYPD,Noise - Street/Sidewalk,BROOKLYN,Closed
63585168,2025-01-01T00:13:05.000,2025-01-01T04:42:59.000,NYPD,Noise - Street/Sidewalk,BROOKLYN,Closed
63583643,2025-01-01T00:13:12.000,2025-01-01T01:00:36.000,NYPD,Illegal Parking,BROOKLYN,Closed
63577513,2025-01-01T00:13:14.000,2025-01-01T00:46:38.000,NYPD,Illegal Fireworks,BROOKLYN,Closed
63573981,2025-01-01T00:13:18.000,2025-01-01T00:43:15.000,NYPD,Illegal Fireworks,BROOKLYN,Closed
63576520,2025-01-01T00:13:20.000,2025-01-01T08:38:11.000,NYPD,Noise - Residential,BRONX,Closed
63595150,2025-01-01T00:13:21.000,2025-01-02T13:49:04.000,HPD,HEAT/HOT WATER,BRONX,Closed
63588095,2025-01-01T00:13:24.000,2025-01-03T11:55:29.000,HPD,UNSANITARY CONDITION,BRONX,Closed
63591541,2025-01-01T00:13:24.000,2025-01-03T11:55:29.000,HPD,PLUMBING,BRONX,Closed
63586859,2025-01-01T00:13:24.000,2025-01-03T11:55:29.000,HPD,UNSANITARY CONDITION,BRONX,Closed
63594017,2025-01-01T00:13:24.000,2025-01-03T11:55:29.000,HPD,PAINT/PLASTER,BRONX,Closed
63581600,2025-01-01T00:13:32.000,2025-01-02T17:09:58.000,NYPD,Noise - Residential,BRONX,Closed
63582379,2025-01-01T00:13:32.000,2025-01-01T00:42:13.000,NYPD,Illegal Fireworks,STATEN ISLAND,Closed
63584027,2025-01-01T00:13:46.000,2025-01-01T00:45:40.000,NYPD,Illegal Fireworks,STATEN ISLAND,Closed
63575986,2025-01-01T00:13:55.000,2025-01-01T00:24:12.000,NYPD,Noise - Street/Sidewalk,MANHATTAN,Closed
63577253,2025-01-01T00:13:59.000,2025-01-01T00:46:14.000,NYPD,Illegal Fireworks,BROOKLYN,Closed
63584943,2025-01-01T00:14:05.000,2025-01-01T09:01:27.000,NYPD,Noise - Residential,BRONX,Closed
63581415,2025-01-01T00:14:10.000,2025-01-02T17:07:28.000,NYPD,Noise - Residential,BRONX,Closed
63574013,2025-01-01T00:14:11.000,2025-01-01T01:07:17.000,NYPD,Noise - Residential,BRONX,Closed
63576955,2025-01-01T00:14:18.000,2025-01-01T00:26:07.000,NYPD,Noise - Residential,MANHATTAN,Closed
63576523,2025-01-01T00:14:23.000,2025-01-01T02:13:04.000,NYPD,Noise - Residential,BRONX,Closed
63584551,2025-01-01T00:14:26.000,2025-01-01T00:33:53.000,NYPD,Noise - Street/Sidewalk,QUEENS,Closed
63578998,2025-01-01T00:14:31.000,2025-01-01T00:50:03.000,NYPD,Illegal Fireworks,BRONX,Closed
63575610,2025-01-01T00:14:36.000,2025-01-01T01:24:37.000,NYPD,Illegal Fireworks,STATEN ISLAND,Closed
63575585,2025-01-01T00:14:38.000,2025-01-01T00:35:30.000,NYPD,Illegal Fireworks,BROOKLYN,Closed
63575654,2025-01-01T00:14:38.000,2025-01-01T01:22:05.000,NYPD,Illegal Fireworks,BROOKLYN,Closed
63580720,2025-01-01T00:14:40.000,2025-01-01T00:34:54.000,NYPD,Noise - Commercial,MANHATTAN,Closed
63578640,2025-01-01T00:14:41.000,2025-01-01T01:06:08.000,NYPD,Drug Activity,QUEENS,Closed
63579069,2025-01-01T00:14:42.000,2025-01-01T00:28:16.000,NYPD,Noise - Residential,QUEENS,Closed
63574921,2025-01-01T00:14:49.000,2025-01-02T16:30:18.000,NYPD,Noise - Residential,BRONX,Closed
63580646,2025-01-01T00:14:49.000,2025-01-01T00:18:51.000,NYPD,Illegal Fireworks,QUEENS,Closed
63581108,2025-01-01T00:14:49.000,2025-01-01T00:17:25.000,NYPD,Noise - Street/Sidewalk,BROOKLYN,Closed
63583953,2025-01-01T00:14:50.000,2025-01-02T01:36:35.000,NYPD,Blocked Driveway,BRONX,Closed
63574532,2025-01-01T00:14:51.000,2025-01-01T09:01:36.000,NYPD,Noise - Residential,BRONX,Closed
63572311,2025-01-01T00:14:54.000,2025-01-01T01:19:02.000,NYPD,Illegal Fireworks,BROOKLYN,Closed
63575581,2025-01-01T00:14:55.000,2025-01-01T00:51:53.000,NYPD,Illegal Fireworks,BROOKLYN,Closed
63575609,2025-01-01T00:15:07.000,2025-01-01T00:40:32.000,NYPD,Illegal Fireworks,QUEENS,Closed
63580775,2025-01-01T00:15:10.000,2025-01-01T00:35:30.000,NYPD,Noise - Residential,MANHATTAN,Closed
63578839,2025-01-01T00:15:17.000,2025-02-12T22:19:15.000,DOHMH,Smoking or Vaping,BRONX,Closed
63577707,2025-01-01T00:15:20.000,2025-01-01T00:43:11.000,NYPD,Noise - Street/Sidewalk,QUEENS,Closed
63572373,2025-01-01T00:15:20.000,2025-01-01T01:23:02.000,NYPD,Illegal Fireworks,BROOKLYN,Closed
63582394,2025-01-01T00:15:23.000,2025-01-01T00:21:14.000,NYPD,Noise - House of Worship,BROOKLYN,Closed
63582563,2025-01-01T00:15:27.000,2025-01-01T00:57:31.000,NYPD,Noise - Residential,MANHATTAN,Closed
63583035,2025-01-01T00:15:27.000,2025-01-02T17:07:26.000,NYPD,Noise - Residential,BRONX,Closed
63574393,2025-01-01T00:15:28.000,2025-01-01T01:08:34.000,NYPD,Noise - Street/Sidewalk,QUEENS,Closed
63580560,2025-01-01T00:15:35.000,2025-01-01T02:41:26.000,NYPD,Blocked Driveway,BROOKLYN,Closed
63581333,2025-01-01T00:15:35.000,2025-01-01T09:41:52.000,NYPD,Noise - Commercial,MANHATTAN,Closed
63579862,2025-01-01T00:15:37.000,2025-01-01T09:02:04.000,NYPD,Noise - Residential,BRONX,Closed
63574138,2025-01-01T00:15:51.000,2025-01-01T01:02:58.000,NYPD,Noise - Residential,BRONX,Closed
63579424,2025-01-01T00:15:51.000,2025-01-01T01:39:49.000,NYPD,Noise - Residential,QUEENS,Closed
63576705,2025-01-01T00:15:53.000,2025-01-01T01:05:33.000,NYPD,Illegal Parking,MANHATTAN,Closed
63583787,2025-01-01T00:15:59.000,2025-01-01T01:03:25.000,NYPD,Illegal Parking,QUEENS,Closed
63582378,2025-01-01T00:16:03.000,2025-01-01T01:15:52.000,NYPD,Illegal Fireworks,BROOKLYN,Closed
63573072,2025-01-01T00:16:05.000,2025-01-02T17:03:45.000,NYPD,Noise - Residential,BRONX,Closed
63578997,2025-01-01T00:16:06.000,2025-01-01T00:55:37.000,NYPD,Illegal Fireworks,STATEN ISLAND,Closed
63577660,2025-01-01T00:16:08.000,2025-01-01T00:57:47.000,NYPD,Noise - Residential,BRONX,Closed
63572367,2025-01-01T00:16:10.000,2025-01-01T00:50:47.000,NYPD,Noise - Park,QUEENS,Closed
63578981,2025-01-01T00:16:20.000,2025-01-01T01:06:07.000,NYPD,Illegal Fireworks,QUEENS,Closed
63583479,2025-01-01T00:16:23.000,2025-01-01T08:38:12.000,NYPD,Noise - Residential,BRONX,Closed
63572630,2025-01-01T00:16:24.000,2025-01-01T00:57:02.000,NYPD,Noise - Residential,BROOKLYN,Closed
63579303,2025-01-01T00:16:30.000,2025-01-01T01:39:17.000,NYPD,Noise - Residential,BROOKLYN,Closed
63572887,2025-01-01T00:16:33.000,2025-01-01T02:03:58.000,NYPD,Illegal Fireworks,QUEENS,Closed
63585086,2025-01-01T00:16:34.000,2025-01-01T01:59:24.000,NYPD,Illegal Fireworks,QUEENS,Closed
63575653,2025-01-01T00:16:37.000,2025-01-01T00:27:03.000,NYPD,Illegal Fireworks,BROOKLYN,Closed
63576013,2025-01-01T00:16:37.000,2025-01-01T00:25:43.000,NYPD,Noise - Residential,MANHATTAN,Closed
63579859,2025-01-01T00:16:43.000,2025-01-02T16:30:19.000,NYPD,Noise - Residential,BRONX,Closed
63575672,2025-01-01T00:16:47.000,2025-01-01T00:47:12.000,NYPD,Illegal Fireworks,QUEENS,Closed
63579020,2025-01-01T00:16:48.000,2025-01-01T01:35:56.000,NYPD,Noise - Commercial,MANHATTAN,Closed
63577361,2025-01-01T00:16:53.000,2025-01-01T01:37:35.000,NYPD,Illegal Fireworks,QUEENS,Closed
63589078,2025-01-01T00:17:01.000,2025-01-01T00:17:01.000,DOB,General Construction/Plumbing,STATEN ISLAND,Open
63575686,2025-01-01T00:17:04.000,2025-01-01T00:46:11.000,NYPD,Illegal Fireworks,BROOKLYN,Closed
63574075,2025-01-01T00:17:06.000,2025-01-01T00:32:23.000,NYPD,Noise - Residential,BROOKLYN,Closed
63579758,2025-01-01T00:17:09.000,2025-01-01T09:02:02.000,NYPD,Noise - Residential,BRONX,Closed
63577537,2025-01-01T00:17:13.000,2025-01-01T01:39:54.000,NYPD,Noise - Residential,QUEENS,Closed
63579000,2025-01-01T00:17:14.000,2025-01-01T00:29:24.000,NYPD,Illegal Fireworks,BROOKLYN,Closed
63582501,2025-01-01T00:17:14.000,2025-01-01T01:20:08.000,NYPD,Noise - Residential,BROOKLYN,Closed
63583198,2025-01-01T00:17:16.000,2025-01-01T02:08:18.000,NYPD,Noise - Residential,QUEENS,Closed
63579203,2025-01-01T00:17:16.000,2025-01-01T01:11:01.000,NYPD,Illegal Fireworks,STATEN ISLAND,Closed
63582815,2025-01-01T00:17:17.000,2025-01-01T00:44:47.000,NYPD,Noise - Residential,QUEENS,Closed
63579861,2025-01-01T00:17:21.000,2025-01-02T17:09:56.000,NYPD,Noise - Residential,BRONX,Closed
63583287,2025-01-01T00:17:39.000,2025-01-01T01:53:27.000,NYPD,Illegal Parking,BRONX,Closed
63572312,2025-01-01T00:17:41.000,2025-01-01T00:30:38.000,NYPD,Illegal Fireworks,BROOKLYN,Closed
63580610,2025-01-01T00:17:41.000,2025-01-01T00:40:56.000,NYPD,Blocked Driveway,QUEENS,Closed
63579168,2025-01-01T00:17:41.000,2025-01-01T00:18:22.000,NYPD,Noise - Residential,BROOKLYN,Closed
63577365,2025-01-01T00:17:42.000,2025-01-01T00:25:25.000,NYPD,Illegal Fireworks,BROOKLYN,Closed
63577337,2025-01-01T00:17:47.000,2025-01-01T00:45:40.000,NYPD,Illegal Fireworks,QUEENS,Closed
63582733,2025-01-01T00:17:48.000,2025-01-01T00:41:10.000,NYPD,Noise - Street/Sidewalk,MANHATTAN,Closed
63583467,2025-01-01T00:17:55.000,2025-01-01T09:02:02.000,NYPD,Noise - Residential,BRONX,Closed
63581700,2025-01-01T00:17:59.000,2025-01-02T17:03:44.000,NYPD,Noise - Residential,BRONX,Closed
63575630,2025-01-01T00:18:01.000,2025-01-01T00:41:24.000,NYPD,Illegal Fireworks,QUEENS,Closed
63579174,2025-01-01T00:18:05.000,2025-01-01T00:24:23.000,NYPD,Noise - Residential,MANHATTAN,Closed
63584026,2025-01-01T00:18:05.000,2025-01-01T00:50:51.000,NYPD,Illegal Fireworks,BRONX,Closed
63572892,2025-01-01T00:18:13.000,2025-01-02T02:04:28.000,NYPD,Illegal Parking,BRONX,Closed
63579014,2025-01-01T00:18:13.000,2025-01-01T00:55:57.000,NYPD,Illegal Fireworks,QUEENS,Closed
63579397,2025-01-01T00:18:13.000,2025-01-01T00:32:08.000,NYPD,Noise - Street/Sidewalk,MANHATTAN,Closed
63572704,2025-01-01T00:18:15.000,2025-01-01T00:32:57.000,NYPD,Noise - Street/Sidewalk,MANHATTAN,Closed
63572794,2025-01-01T00:18:17.000,2025-01-01T00:25:21.000,NYPD,Noise - Street/Sidewalk,MANHATTAN,Closed
63574383,2025-01-01T00:18:23.000,2025-01-01T01:04:44.000,NYPD,Noise - Street/Sidewalk,QUEENS,Closed
63585085,2025-01-01T00:18:31.000,2025-01-01T23:45:24.000,NYPD,Illegal Fireworks,BRONX,Closed
63574585,2025-01-01T00:18:37.000,2025-01-02T17:05:54.000,NYPD,Noise - Residential,BRONX,Closed
63573231,2025-01-01T00:18:43.000,2025-01-01T09:02:05.000,NYPD,Noise - Residential,BRONX,Closed
63579460,2025-01-01T00:18:51.000,2025-01-01T00:25:55.000,NYPD,Noise - Street/Sidewalk,MANHATTAN,Closed
63577485,2025-01-01T00:18:53.000,2025-01-01T00:56:42.000,NYPD,Illegal Fireworks,QUEENS,Closed
63582829,2025-01-01T00:18:55.000,2025-01-01T00:41:42.000,NYPD,Noise - Street/Sidewalk,QUEENS,Closed
63572256,2025-01-01T00:19:00.000,2025-01-01T00:19:00.000,DOT,Traffic Signal Condition,QUEENS,Closed
63577252,2025-01-01T00:19:05.000,2025-01-01T01:46:20.000,NYPD,Illegal Fireworks,STATEN ISLAND,Closed
63577523,2025-01-01T00:19:07.000,2025-01-01T01:39:00.000,NYPD,Illegal Fireworks,BROOKLYN,Closed
63582698,2025-01-01T00:19:07.000,2025-01-01T00:26:42.000,NYPD,Noise - Residential,MANHATTAN,Closed
63574689,2025-01-01T00:19:15.000,2025-01-02T17:03:43.000,NYPD,Noise - Residential,BRONX,Closed
63582381,2025-01-01T00:19:24.000,2025-01-01T00:52:51.000,NYPD,Illegal Fireworks,STATEN ISLAND,Closed
63576540,2025-01-01T00:19:27.000,2025-01-01T09:02:03.000,NYPD,Noise - Residential,BRONX,Closed
63573953,2025-01-01T00:19:28.000,2025-01-01T00:52:03.000,NYPD,Noise - Commercial,BROOKLYN,Closed
63579009,2025-01-01T00:19:34.000,2025-01-01T00:30:15.000,NYPD,Illegal Fireworks,BROOKLYN,Closed
63580711,2025-01-01T00:19:37.000,2025-01-01T01:16:24.000,NYPD,Illegal Fireworks,BROOKLYN,Closed
63578106,2025-01-01T00:19:42.000,2025-01-01T02:31:55.000,NYPD,Noise - Street/Sidewalk,QUEENS,Closed
63572979,2025-01-01T00:19:55.000,2025-01-02T17:07:29.000,NYPD,Noise - Residential,BRONX,Closed
63579398,2025-01-01T00:19:55.000,2025-01-01T00:54:45.000,NYPD,Noise - Street/Sidewalk,QUEENS,Closed
63576023,2025-01-01T00:19:59.000,2025-01-01T00:20:44.000,NYPD,Noise - Street/Sidewalk,BROOKLYN,Closed
63573442,2025-01-01T00:19:59.000,2025-01-01T01:44:18.000,NYPD,Illegal Parking,BROOKLYN,Closed
63583708,2025-01-01T00:20:02.000,2025-01-01T01:18:20.000,NYPD,Illegal Parking,BROOKLYN,Closed
63576370,2025-01-01T00:20:13.000,2025-01-01T09:01:05.000,NYPD,Noise - Residential,BRONX,Closed
63573934,2025-01-01T00:20:14.000,2025-01-01T00:56:15.000,NYPD,Illegal Fireworks,MANHATTAN,Closed
63572329,2025-01-01T00:20:19.000,2025-01-01T00:48:58.000,NYPD,Illegal Fireworks,QUEENS,Closed
63584235,2025-01-01T00:20:19.000,2025-01-01T00:55:10.000,NYPD,Illegal Fireworks,MANHATTAN,Closed
63575566,2025-01-01T00:20:21.000,2025-01-01T00:50:02.000,NYPD,Illegal Fireworks,QUEENS,Closed
63577364,2025-01-01T00:20:26.000,2025-01-01T00:41:08.000,NYPD,Illegal Fireworks,STATEN ISLAND,Closed
63584155,2025-01-01T00:20:33.000,2025-01-01T00:29:08.000,NYPD,Noise - Residential,QUEENS,Closed
63579389,2025-01-01T00:20:40.000,2025-01-01T00:43:07.000,NYPD,Noise - Residential,MANHATTAN,Closed
63574394,2025-01-01T00:20:42.000,2025-01-01T00:35:25.000,NYPD,Noise - Street/Sidewalk,MANHATTAN,Closed
63582585,2025-01-01T00:20:57.000,2025-01-01T00:36:16.000,NYPD,Noise - Residential,QUEENS,Closed
63578368,2025-01-01T00:21:00.000,2025-01-01T08:38:13.000,NYPD,Noise - Residential,BRONX,Closed
63579391,2025-01-01T00:21:02.000,2025-01-01T00:52:50.000,NYPD,Noise - Street/Sidewalk,MANHATTAN,Closed
63582718,2025-01-01T00:21:05.000,2025-01-01T00:35:44.000,NYPD,Noise - Street/Sidewalk,MANHATTAN,Closed
63575343,2025-01-01T00:21:06.000,2025-01-01T04:05:24.000,NYPD,Blocked Driveway,QUEENS,Closed
63584347,2025-01-01T00:21:06.000,2025-01-01T00:53:35.000,NYPD,Noise - Street/Sidewalk,BROOKLYN,Closed
63579004,2025-01-01T00:21:08.000,2025-01-01T00:56:06.000,NYPD,Illegal Fireworks,MANHATTAN,Closed
63582429,2025-01-01T00:21:09.000,2025-01-01T00:32:52.000,NYPD,Noise - Commercial,BROOKLYN,Closed
63583481,2025-01-01T00:21:11.000,2025-01-02T17:09:52.000,NYPD,Noise - Residential,BRONX,Closed
63577258,2025-01-01T00:21:22.000,2025-01-01T00:25:49.000,NYPD,Illegal Fireworks,BROOKLYN,Closed
63572792,2025-01-01T00:21:23.000,2025-01-01T00:30:27.000,NYPD,Noise - Street/Sidewalk,QUEENS,Closed
63582833,2025-01-01T00:21:29.000,2025-01-01T00:26:20.000,NYPD,Noise - Street/Sidewalk,BROOKLYN,Closed
63592755,2025-01-01T00:21:36.000,2025-01-04T10:59:02.000,HPD,HEAT/HOT WATER,MANHATTAN,Closed
63579098,2025-01-01T00:21:43.000,2025-01-01T00:58:47.000,NYPD,Illegal Fireworks,QUEENS,Closed
63577131,2025-01-01T00:21:44.000,2025-01-01T01:30:46.000,NYPD,Illegal Parking,BROOKLYN,Closed
63581534,2025-01-01T00:21:46.000,2025-01-01T09:02:06.000,NYPD,Noise - Residential,BRONX,Closed
63576539,2025-01-01T00:21:48.000,2025-01-02T16:30:20.000,NYPD,Noise - Residential,BRONX,Closed
63583387,2025-01-01T00:21:54.000,2025-01-01T02:02:14.000,NYPD,Noise - Residential,MANHATTAN,Closed
63577122,2025-01-01T00:22:00.000,2025-01-01T07:05:00.000,DOT,Traffic Signal Condition,QUEENS,Closed
63583480,2025-01-01T00:22:00.000,2025-01-01T02:28:03.000,NYPD,Noise - Residential,QUEENS,Closed
63572625,2025-01-01T00:22:08.000,2025-01-01T00:34:20.000,NYPD,Noise - Residential,BROOKLYN,Closed
63580807,2025-01-01T00:22:21.000,2025-01-01T00:33:56.000,NYPD,Illegal Fireworks,QUEENS,Closed
63576233,2025-01-01T00:22:26.000,2025-01-02T17:09:53.000,NYPD,Noise - Residential,BRONX,Closed
63579017,2025-01-01T00:22:28.000,2025-01-01T01:12:30.000,NYPD,Illegal Fireworks,BROOKLYN,Closed
63574688,2025-01-01T00:22:32.000,2025-01-01T09:01:06.000,NYPD,Noise - Residential,BRONX,Closed
63573936,2025-01-01T00:22:38.000,2025-01-01T01:20:56.000,NYPD,Illegal Fireworks,BROOKLYN,Closed
63577652,2025-01-01T00:22:39.000,2025-01-01T01:20:16.000,NYPD,Noise - Street/Sidewalk,BROOKLYN,Closed
63578991,2025-01-01T00:22:55.000,2025-01-01T01:20:17.000,NYPD,Illegal Fireworks,BROOKLYN,Closed
63583092,2025-01-01T00:22:55.000,2025-01-01T14:35:16.000,NYPD,Noise - Residential,MANHATTAN,Closed
63572559,2025-01-01T00:23:00.000,2025-01-01T00:47:46.000,NYPD,Noise - Residential,BROOKLYN,Closed
63574251,2025-01-01T00:23:02.000,2025-01-01T00:27:09.000,NYPD,Noise - Residential,MANHATTAN,Closed
63584965,2025-01-01T00:23:04.000,2025-01-02T17:11:26.000,NYPD,Noise - Residential,BRONX,Closed
63575632,2025-01-01T00:23:06.000,2025-01-01T01:21:40.000,NYPD,Illegal Fireworks,QUEENS,Closed
63575580,2025-01-01T00:23:11.000,2025-01-01T00:44:56.000,NYPD,Illegal Fireworks,STATEN ISLAND,Closed
63579046,2025-01-01T00:23:14.000,2025-01-01T01:04:00.000,NYPD,Noise - Residential,BRONX,Closed
63584964,2025-01-01T00:23:18.000,2025-01-01T09:02:20.000,NYPD,Noise - Residential,BRONX,Closed
63577402,2025-01-01T00:23:21.000,2025-01-01T00:54:36.000,NYPD,Noise - Residential,MANHATTAN,Closed
63579007,2025-01-01T00:23:25.000,2025-01-01T00:35:51.000,NYPD,Illegal Fireworks,STATEN ISLAND,Closed
63584079,2025-01-01T00:23:27.000,2025-01-01T01:13:43.000,NYPD,Noise - Residential,QUEENS,Closed
63577350,2025-01-01T00:23:31.000,2025-01-01T01:03:14.000,NYPD,Noise - Residential,BRONX,Closed
63573793,2025-01-01T00:23:36.000,2025-01-01T01:57:27.000,NYPD,Blocked Driveway,BROOKLYN,Closed
63573935,2025-01-01T00:23:39.000,2025-01-01T00:25:37.000,NYPD,Illegal Fireworks,BROOKLYN,Closed
63575681,2025-01-01T00:23:41.000,2025-01-01T01:18:04.000,NYPD,Illegal Fireworks,BROOKLYN,Closed
63583417,2025-01-01T00:23:42.000,2025-01-02T17:08:18.000,NYPD,Noise - Residential,BRONX,Closed
63582720,2025-01-01T00:23:45.000,2025-01-01T00:41:35.000,NYPD,Noise - Street/Sidewalk,MANHATTAN,Closed
63581897,2025-01-01T00:23:51.000,2025-01-01T01:22:10.000,NYPD,Illegal Parking,BROOKLYN,Closed
63584869,2025-01-01T00:23:52.000,2025-01-01T02:08:38.000,NYPD,Noise - Street/Sidewalk,QUEENS,Closed
63576485,2025-01-01T00:23:54.000,2025-01-01T13:00:07.000,NYPD,Noise - Residential,QUEENS,Closed
63579093,2025-01-01T00:23:57.000,2025-01-01T00:55:00.000,NYPD,Illegal Fireworks,MANHATTAN,Closed
63583117,2025-01-01T00:24:04.000,2025-01-01T08:38:14.000,NYPD,Noise - Residential,BRONX,Closed
63581952,2025-01-01T00:24:07.000,2025-01-01T00:45:12.000,NYPD,Illegal Parking,BROOKLYN,Closed
63582586,2025-01-01T00:24:09.000,2025-01-01T00:41:08.000,NYPD,Noise - Residential,MANHATTAN,Closed
63574364,2025-01-01T00:24:13.000,2025-01-01T00:39:11.000,NYPD,Noise - Street/Sidewalk,MANHATTAN,Closed
63583029,2025-01-01T00:24:20.000,2025-01-01T05:07:49.000,NYPD,Noise - Residential,MANHATTAN,Closed
63583118,2025-01-01T00:24:20.000,2025-01-02T17:09:56.000,NYPD,Noise - Residential,BRONX,Closed
63582517,2025-01-01T00:24:42.000,2025-01-01T00:51:30.000,NYPD,Illegal Fireworks,BRONX,Closed
63575227,2025-01-01T00:24:47.000,2025-01-01T00:43:11.000,NYPD,Illegal Fireworks,QUEENS,Closed
63572375,2025-01-01T00:24:47.000,2025-01-01T01:30:34.000,NYPD,Illegal Fireworks,QUEENS,Closed
63573997,2025-01-01T00:24:48.000,2025-01-01T00:48:09.000,NYPD,Illegal Fireworks,QUEENS,Closed
63581399,2025-01-01T00:24:49.000,2025-01-01T09:01:06.000,NYPD,Noise - Residential,BRONX,Closed
63573975,2025-01-01T00:24:52.000,2025-01-01T00:43:46.000,NYPD,Illegal Fireworks,QUEENS,Closed
63582521,2025-01-01T00:24:58.000,2025-01-01T00:41:47.000,NYPD,Illegal Fireworks,BROOKLYN,Closed
63583173,2025-01-01T00:24:59.000,2025-01-02T17:05:53.000,NYPD,Noise - Residential,BRONX,Closed
63577382,2025-01-01T00:25:05.000,2025-01-01T00:57:18.000,NYPD,Illegal Fireworks,QUEENS,Closed
63577678,2025-01-01T00:25:12.000,2025-01-01T00:26:24.000,NYPD,Noise - Street/Sidewalk,BROOKLYN,Closed
63581544,2025-01-01T00:25:14.000,2025-01-01T05:08:06.000,NYPD,Noise - Residential,MANHATTAN,Closed
63584524,2025-01-01T00:25:21.000,2025-01-01T00:39:34.000,NYPD,Noise - Street/Sidewalk,MANHATTAN,Closed
63577658,2025-01-01T00:25:31.000,2025-01-01T00:52:33.000,NYPD,Noise - Residential,MANHATTAN,Closed
63573949,2025-01-01T00:25:33.000,2025-01-01T00:44:06.000,NYPD,Illegal Fireworks,BROOKLYN,Closed
63577370,2025-01-01T00:25:34.000,2025-01-01T00:31:57.000,NYPD,Noise - Commercial,MANHATTAN,Closed
63578041,2025-01-01T00:25:36.000,2025-01-01T09:02:20.000,NYPD,Noise - Residential,BRONX,Closed
63583069,2025-01-01T00:25:37.000,2025-01-02T17:05:54.000,NYPD,Noise - Residential,BRONX,Closed
63573954,2025-01-01T00:25:45.000,2025-01-01T01:07:36.000,NYPD,Noise - Commercial,MANHATTAN,Closed
63572632,2025-01-01T00:25:51.000,2025-01-01T00:54:24.000,NYPD,Noise - Residential,MANHATTAN,Closed
63577702,2025-01-01T00:25:55.000,2025-01-01T00:53:30.000,NYPD,Noise - Street/Sidewalk,QUEENS,Closed
63579262,2025-01-01T00:26:08.000,2025-01-01T00:45:07.000,NYPD,Noise - Residential,QUEENS,Closed
63579858,2025-01-01T00:26:15.000,2025-01-02T17:09:57.000,NYPD,Noise - Residential,BRONX,Closed
63584541,2025-01-01T00:26:20.000,2025-01-01T00:27:18.000,NYPD,Noise - Street/Sidewalk,BROOKLYN,Closed
63576214,2025-01-01T00:26:24.000,2025-01-01T09:01:53.000,NYPD,Noise - Residential,BRONX,Closed
63582371,2025-01-01T00:26:24.000,2025-01-01T00:50:18.000,NYPD,Illegal Fireworks,BROOKLYN,Closed
63573977,2025-01-01T00:26:27.000,2025-01-01T00:57:34.000,NYPD,Illegal Fireworks,QUEENS,Closed
63577748,2025-01-01T00:26:30.000,2025-01-01T01:48:12.000,NYPD,Noise - Street/Sidewalk,QUEENS,Closed
63580667,2025-01-01T00:26:34.000,2025-01-01T00:52:15.000,NYPD,Noise - Commercial,BROOKLYN,Closed
63574003,2025-01-01T00:26:37.000,2025-01-01T01:00:03.000,NYPD,Illegal Fireworks,STATEN ISLAND,Closed
63577260,2025-01-01T00:26:54.000,2025-01-01T00:52:19.000,NYPD,Noise - Commercial,BROOKLYN,Closed
63573583,2025-01-01T00:26:57.000,2025-01-01T01:23:37.000,NYPD,Encampment,MANHATTAN,Closed
63574073,2025-01-01T00:26:59.000,2025-01-01T00:48:14.000,NYPD,Noise - Residential,MANHATTAN,Closed
63582675,2025-01-01T00:27:07.000,2025-01-01T01:34:12.000,NYPD,Noise - Residential,BRONX,Closed
63583199,2025-01-01T00:27:08.000,2025-01-01T09:01:54.000,NYPD,Noise - Residential,BRONX,Closed
63584209,2025-01-01T00:27:15.000,2025-01-01T00:47:06.000,NYPD,Illegal Fireworks,BROOKLYN,Closed
63574639,2025-01-01T00:27:31.000,2025-01-02T17:08:20.000,NYPD,Noise - Residential,BRONX,Closed
63586558,2025-01-01T00:27:35.000,2025-01-02T23:06:06.000,HPD,HEAT/HOT WATER,BROOKLYN,Closed
63577363,2025-01-01T00:27:37.000,2025-01-01T01:29:05.000,NYPD,Illegal Fireworks,BRONX,Closed
63587671,2025-01-01T00:27:37.000,2025-01-02T23:06:06.000,HPD,HEAT/HOT WATER,BROOKLYN,Closed
63582759,2025-01-01T00:27:41.000,2025-01-01T01:03:29.000,NYPD,Noise - Residential,BRONX,Closed
63577483,2025-01-01T00:27:42.000,2025-01-01T00:43:23.000,NYPD,Illegal Fireworks,BROOKLYN,Closed
63572566,2025-01-01T00:27:44.000,2025-01-01T01:34:39.000,NYPD,Noise - Residential,BRONX,Closed
63584525,2025-01-01T00:27:50.000,2025-01-01T01:19:52.000,NYPD,Noise - Street/Sidewalk,QUEENS,Closed
63581366,2025-01-01T00:27:54.000,2025-01-01T09:01:34.000,NYPD,Noise - Residential,BRONX,Closed
63584997,2025-01-01T00:28:01.000,2025-01-01T02:14:17.000,NYPD,Illegal Fireworks,STATEN ISLAND,Closed
63582732,2025-01-01T00:28:01.000,2025-01-01T01:13:19.000,NYPD,Noise - Street/Sidewalk,BROOKLYN,Closed
63583294,2025-01-01T00:28:01.000,2025-01-01T23:44:59.000,NYPD,Illegal Fireworks,BRONX,Closed
63573906,2025-01-01T00:28:05.000,2025-01-01T00:28:50.000,NYPD,Blocked Driveway,BROOKLYN,Closed
63575579,2025-01-01T00:28:09.000,2025-01-01T00:29:08.000,NYPD,Illegal Fireworks,BROOKLYN,Closed
63579706,2025-01-01T00:28:09.000,2025-01-02T17:11:33.000,NYPD,Noise - Residential,BRONX,Closed
63573973,2025-01-01T00:28:10.000,2025-01-01T00:54:00.000,NYPD,Illegal Fireworks,BROOKLYN,Closed
63582700,2025-01-01T00:28:18.000,2025-01-01T00:42:34.000,NYPD,Noise - Street/Sidewalk,BROOKLYN,Closed
63584107,2025-01-01T00:28:20.000,2025-01-01T01:16:57.000,NYPD,Illegal Fireworks,QUEENS,Closed
63572350,2025-01-01T00:28:27.000,2025-01-01T00:51:52.000,NYPD,Illegal Fireworks,STATEN ISLAND,Closed
63576507,2025-01-01T00:28:42.000,2025-01-01T09:01:35.000,NYPD,Noise - Residential,BRONX,Closed
63586985,2025-01-01T00:29:00.000,2025-01-07T12:29:00.000,DEP,Noise,BROOKLYN,Closed
63589443,2025-01-01T00:29:00.000,2025-01-07T13:00:00.000,DEP,Noise,BROOKLYN,Closed
63574729,2025-01-01T00:29:02.000,2025-01-01T02:02:45.000,NYPD,Illegal Fireworks,STATEN ISLAND,Closed
63585458,2025-01-01T00:29:11.000,2025-01-01T01:04:21.000,NYPD,Illegal Parking,QUEENS,Closed
63584942,2025-01-01T00:29:25.000,2025-01-02T17:05:54.000,NYPD,Noise - Residential,BRONX,Closed
63582372,2025-01-01T00:29:38.000,2025-01-01T01:21:05.000,NYPD,Illegal Fireworks,QUEENS,Closed
63581331,2025-01-01T00:29:41.000,2025-01-01T02:17:21.000,NYPD,Illegal Parking,QUEENS,Closed
63584115,2025-01-01T00:29:46.000,2025-01-01T01:02:52.000,NYPD,Noise - Commercial,QUEENS,Closed
63584292,2025-01-01T00:29:57.000,2025-01-01T00:43:12.000,NYPD,Noise - Residential,QUEENS,Closed
63577701,2025-01-01T00:29:59.000,2025-01-01T01:23:48.000,NYPD,Noise - Street/Sidewalk,BROOKLYN,Closed
63572609,2025-01-01T00:30:02.000,2025-01-01T01:17:49.000,NYPD,Noise - Residential,STATEN ISLAND,Closed
63578042,2025-01-01T00:30:04.000,2025-01-02T17:08:14.000,NYPD,Noise - Residential,BRONX,Closed
63577747,2025-01-01T00:30:09.000,2025-01-01T00:35:21.000,NYPD,Noise - Street/Sidewalk,MANHATTAN,Closed
63582810,2025-01-01T00:30:15.000,2025-01-01T01:11:15.000,NYPD,Noise - Residential,BROOKLYN,Closed
63579308,2025-01-01T00:30:15.000,2025-01-01T01:00:32.000,NYPD,Noise - Residential,BROOKLYN,Closed
63582553,2025-01-01T00:30:20.000,2025-01-01T01:09:09.000,NYPD,Noise - Residential,QUEENS,Closed
63582432,2025-01-01T00:30:20.000,2025-01-01T01:11:19.000,NYPD,Noise - Commercial,MANHATTAN,Closed
63583765,2025-01-01T00:30:23.000,2025-01-01T00:42:56.000,NYPD,Illegal Parking,BROOKLYN,Closed
63575989,2025-01-01T00:30:24.000,2025-01-01T01:00:16.000,NYPD,Noise - Street/Sidewalk,BROOKLYN,Closed
63580644,2025-01-01T00:30:32.000,2025-01-01T00:42:39.000,NYPD,Illegal Fireworks,BROOKLYN,Closed
63579665,2025-01-01T00:30:42.000,2025-01-02T17:03:50.000,NYPD,Noise - Residential,BRONX,Closed
63584220,2025-01-01T00:30:43.000,2025-01-01T00:40:12.000,NYPD,Illegal Fireworks,BROOKLYN,Closed
63579101,2025-01-01T00:30:52.000,2025-01-01T01:07:56.000,NYPD,Illegal Fireworks,MANHATTAN,Closed
63579394,2025-01-01T00:30:53.000,2025-01-01T01:19:33.000,NYPD,Noise - Street/Sidewalk,MANHATTAN,Closed
63572328,2025-01-01T00:30:55.000,2025-01-01T01:22:16.000,NYPD,Illegal Fireworks,BRONX,Closed
63577113,2025-01-01T00:31:08.000,2025-01-01T00:32:53.000,NYPD,Blocked Driveway,BROOKLYN,Closed
63586833,2025-01-01T00:31:14.000,2025-01-03T13:51:07.000,HPD,PLUMBING,MANHATTAN,Closed
63576490,2025-01-01T00:31:20.000,2025-01-02T17:09:52.000,NYPD,Noise - Residential,BRONX,Closed
63579031,2025-01-01T00:31:27.000,2025-01-01T01:07:39.000,NYPD,Noise - Residential,BRONX,Closed
63574630,2025-01-01T00:31:42.000,2025-01-01T02:53:48.000,NYPD,Noise - Residential,BRONX,Closed
63584207,2025-01-01T00:31:47.000,2025-01-01T01:03:52.000,NYPD,Illegal Fireworks,STATEN ISLAND,Closed
63581054,2025-01-01T00:31:54.000,2025-01-01T00:32:57.000,NYPD,Noise - Street/Sidewalk,BROOKLYN,Closed
63576461,2025-01-01T00:31:58.000,2025-01-02T17:11:25.000,NYPD,Noise - Residential,BRONX,Closed
63572338,2025-01-01T00:32:00.000,2025-01-01T01:11:40.000,NYPD,Illegal Fireworks,BROOKLYN,Closed
63572333,2025-01-01T00:32:01.000,2025-01-01T01:19:38.000,NYPD,Illegal Fireworks,BROOKLYN,Closed
63573809,2025-01-01T00:32:04.000,2025-01-01T08:30:31.000,NYPD,Blocked Driveway,BRONX,Closed
63578890,2025-01-01T00:32:08.000,2025-01-01T01:17:00.000,NYPD,Blocked Driveway,QUEENS,Closed
63582782,2025-01-01T00:32:25.000,2025-01-01T01:30:54.000,NYPD,Noise - Street/Sidewalk,QUEENS,Closed
63575730,2025-01-01T00:32:29.000,2025-01-01T01:11:44.000,NYPD,Noise - Residential,BRONX,Closed
63581506,2025-01-01T00:32:36.000,2025-01-02T16:30:21.000,NYPD,Noise - Residential,BRONX,Closed
63582717,2025-01-01T00:32:59.000,2025-01-01T00:35:27.000,NYPD,Noise - Street/Sidewalk,MANHATTAN,Closed
63577409,2025-01-01T00:33:09.000,2025-01-01T01:29:23.000,NYPD,Noise - Commercial,QUEENS,Closed
63585241,2025-01-01T00:33:15.000,2025-01-02T17:09:54.000,NYPD,Noise - Residential,BRONX,Closed
63577259,2025-01-01T00:33:30.000,2025-01-01T01:19:28.000,NYPD,Illegal Fireworks,QUEENS,Closed
63580652,2025-01-01T00:33:34.000,2025-01-01T00:36:00.000,NYPD,Noise - Commercial,BROOKLYN,Closed
63590599,2025-01-01T00:33:37.000,2025-01-19T17:51:32.000,HPD,UNSANITARY CONDITION,BROOKLYN,Closed
63577442,2025-01-01T00:33:43.000,2025-01-01T01:05:38.000,NYPD,Noise - Residential,MANHATTAN,Closed
63583268,2025-01-01T00:33:52.000,2025-01-02T17:09:54.000,NYPD,Noise - Residential,BRONX,Closed
63584039,2025-01-01T00:33:54.000,2025-01-01T00:42:58.000,NYPD,Illegal Fireworks,BROOKLYN,Closed
63584536,2025-01-01T00:34:03.000,2025-01-01T01:32:08.000,NYPD,Noise - Street/Sidewalk,BROOKLYN,Closed
63591418,2025-01-01T00:34:08.000,2025-01-01T19:01:13.000,HPD,HEAT/HOT WATER,BROOKLYN,Closed
63583369,2025-01-01T00:34:31.000,2025-01-02T17:03:43.000,NYPD,Noise - Residential,BRONX,Closed
63580893,2025-01-01T00:34:35.000,2025-01-01T00:48:33.000,NYPD,Noise - Residential,MANHATTAN,Closed
63577388,2025-01-01T00:34:36.000,2025-01-01T00:54:55.000,NYPD,Noise - Commercial,MANHATTAN,Closed
63582369,2025-01-01T00:34:46.000,2025-01-01T01:32:07.000,NYPD,Illegal Fireworks,QUEENS,Closed
63573279,2025-01-01T00:34:49.000,2025-01-01T02:31:11.000,NYPD,Noise - Vehicle,BROOKLYN,Closed
63577556,2025-01-01T00:35:01.000,2025-01-01T00:59:03.000,NYPD,Noise - Residential,BROOKLYN,Closed
63576910,2025-01-01T00:35:09.000,2025-01-01T01:27:18.000,NYPD,Illegal Parking,QUEENS,Closed
63584867,2025-01-01T00:35:09.000,2025-01-02T17:09:54.000,NYPD,Noise - Residential,BRONX,Closed
63584117,2025-01-01T00:35:23.000,2025-01-01T01:06:19.000,NYPD,Noise - Commercial,MANHATTAN,Closed
63577704,2025-01-01T00:35:25.000,2025-01-01T00:53:00.000,NYPD,Noise - Street/Sidewalk,QUEENS,Closed
63583624,2025-01-01T00:35:29.000,2025-01-01T01:19:04.000,NYPD,Noise - Vehicle,BRONX,Closed
63574517,2025-01-01T00:35:34.000,2025-01-01T01:56:14.000,NYPD,Illegal Fireworks,BROOKLYN,Closed
63577233,2025-01-01T00:35:38.000,2025-06-03T16:27:28.000,DPR,New Tree Request,BROOKLYN,Closed
63584108,2025-01-01T00:35:39.000,2025-01-01T00:55:20.000,NYPD,Illegal Fireworks,MANHATTAN,Closed
63574785,2025-01-01T00:35:46.000,2025-01-01T04:04:01.000,NYPD,Illegal Parking,BROOKLYN,Closed
63573230,2025-01-01T00:35:47.000,2025-01-02T17:09:57.000,NYPD,Noise - Residential,BRONX,Closed
63577966,2025-01-01T00:35:54.000,2025-01-01T02:36:59.000,NYPD,Noise - Residential,STATEN ISLAND,Closed
63576020,2025-01-01T00:36:00.000,2025-01-01T01:03:22.000,NYPD,Noise - Street/Sidewalk,QUEENS,Closed
63572697,2025-01-01T00:36:00.000,2025-01-01T00:57:18.000,NYPD,Noise - Residential,BROOKLYN,Closed
63580650,2025-01-01T00:36:12.000,2025-01-01T01:17:41.000,NYPD,Illegal Fireworks,QUEENS,Closed
63580944,2025-01-01T00:36:21.000,2025-01-01T00:49:14.000,NYPD,Noise - Residential,MANHATTAN,Closed
63583466,2025-01-01T00:36:25.000,2025-01-02T16:30:22.000,NYPD,Noise - Residential,BRONX,Closed
63586555,2025-01-01T00:36:34.000,2025-01-03T20:37:11.000,HPD,HEAT/HOT WATER,QUEENS,Closed
63582814,2025-01-01T00:36:38.000,2025-01-01T00:55:28.000,NYPD,Noise - Residential,MANHATTAN,Closed
63577380,2025-01-01T00:36:38.000,2025-01-01T00:37:01.000,NYPD,Illegal Fireworks,BROOKLYN,Closed
63577527,2025-01-01T00:36:39.000,2025-01-01T00:49:38.000,NYPD,Noise - Residential,MANHATTAN,Closed
63582761,2025-01-01T00:36:39.000,2025-01-01T00:51:40.000,NYPD,Noise - Street/Sidewalk,MANHATTAN,Closed
63595102,2025-01-01T00:36:39.000,2025-01-01T15:05:58.000,HPD,HEAT/HOT WATER,QUEENS,Closed
63574402,2025-01-01T00:36:44.000,2025-01-01T00:59:59.000,NYPD,Noise - Street/Sidewalk,BROOKLYN,Closed
63580679,2025-01-01T00:36:48.000,2025-01-01T01:18:45.000,NYPD,Noise - Residential,BRONX,Closed
63577301,2025-01-01T00:36:56.000,2025-01-01T01:34:26.000,NYPD,Noise - Residential,BRONX,Closed
63577386,2025-01-01T00:36:56.000,2025-01-01T00:50:45.000,NYPD,Noise - Commercial,STATEN ISLAND,Closed
63584104,2025-01-01T00:36:57.000,2025-01-01T00:52:52.000,NYPD,Illegal Fireworks,QUEENS,Closed
63580949,2025-01-01T00:37:02.000,2025-01-01T00:38:26.000,NYPD,Noise - Residential,MANHATTAN,Closed
63574920,2025-01-01T00:37:03.000,2025-01-02T17:09:53.000,NYPD,Noise - Residential,BRONX,Closed
63579945,2025-01-01T00:37:05.000,2025-01-01T02:02:16.000,NYPD,Illegal Parking,BROOKLYN,Closed
63574363,2025-01-01T00:37:08.000,2025-01-01T00:42:50.000,NYPD,Noise - Street/Sidewalk,BROOKLYN,Closed
63576882,2025-01-01T00:37:19.000,2025-01-01T00:54:47.000,NYPD,Illegal Parking,BROOKLYN,Closed
63573795,2025-01-01T00:37:31.000,2025-01-01T08:25:53.000,NYPD,Blocked Driveway,MANHATTAN,Closed
63574648,2025-01-01T00:37:43.000,2025-01-02T17:07:28.000,NYPD,Noise - Residential,BRONX,Closed
63572331,2025-01-01T00:37:52.000,2025-01-01T00:50:50.000,NYPD,Illegal Fireworks,MANHATTAN,Closed
63579001,2025-01-01T00:37:58.000,2025-01-01T00:51:15.000,NYPD,Illegal Fireworks,BRONX,Closed
63584243,2025-01-01T00:38:02.000,2025-01-01T00:48:29.000,NYPD,Noise - Commercial,QUEENS,Closed
63582291,2025-01-01T00:38:13.000,2025-01-01T01:44:26.000,NYPD,Blocked Driveway,BROOKLYN,Closed
63572326,2025-01-01T00:38:37.000,2025-01-01T01:14:24.000,NYPD,Noise - Commercial,MANHATTAN,Closed
63578136,2025-01-01T00:38:39.000,2025-01-01T01:58:19.000,NYPD,Illegal Fireworks,QUEENS,Closed
63574338,2025-01-01T00:38:49.000,2025-01-01T01:25:40.000,NYPD,Noise - Residential,BROOKLYN,Closed
63573980,2025-01-01T00:38:57.000,2025-01-01T01:20:39.000,NYPD,Illegal Fireworks,QUEENS,Closed
63576608,2025-01-01T00:38:58.000,2025-01-02T16:30:23.000,NYPD,Noise - Residential,BRONX,Closed
63585444,2025-01-01T00:38:58.000,2025-01-01T01:48:51.000,NYPD,Illegal Parking,BRONX,Closed
63607002,2025-01-01T00:39:00.000,2025-01-02T07:19:00.000,DSNY,Derelict Vehicles,BROOKLYN,Closed
63575100,2025-01-01T00:39:01.000,2025-01-01T00:45:42.000,NYPD,Illegal Parking,BROOKLYN,Closed
63580803,2025-01-01T00:39:14.000,2025-01-01T01:02:29.000,NYPD,Illegal Fireworks,BROOKLYN,Closed
63573133,2025-01-01T00:39:20.000,2025-01-01T03:32:33.000,NYPD,Noise - Residential,QUEENS,Closed
63579003,2025-01-01T00:39:22.000,2025-01-01T01:21:24.000,NYPD,Illegal Fireworks,BROOKLYN,Closed
63576581,2025-01-01T00:39:35.000,2025-01-02T17:11:29.000,NYPD,Noise - Residential,BRONX,Closed
63587730,2025-01-01T00:39:50.000,2025-01-01T12:12:51.000,HPD,HEAT/HOT WATER,QUEENS,Closed
63582479,2025-01-01T00:39:54.000,2025-01-01T01:11:28.000,NYPD,Illegal Fireworks,QUEENS,Closed
63573289,2025-01-01T00:40:14.000,2025-01-02T16:30:24.000,NYPD,Noise - Residential,BRONX,Closed
63580805,2025-01-01T00:40:15.000,2025-01-01T00:48:52.000,NYPD,Illegal Fireworks,MANHATTAN,Closed
63577993,2025-01-01T00:40:19.000,2025-01-01T02:09:29.000,NYPD,Noise - Residential,QUEENS,Closed
63572573,2025-01-01T00:40:27.000,2025-01-01T00:51:58.000,NYPD,Noise - Residential,MANHATTAN,Closed
63582420,2025-01-01T00:40:33.000,2025-01-01T01:46:59.000,NYPD,Illegal Fireworks,QUEENS,Closed
63576431,2025-01-01T00:40:49.000,2025-01-01T09:54:09.000,NYPD,Illegal Fireworks,BRONX,Closed
63573290,2025-01-01T00:40:52.000,2025-01-02T17:09:58.000,NYPD,Noise - Residential,BRONX,Closed
63577958,2025-01-01T00:40:54.000,2025-01-01T05:08:18.000,NYPD,Noise - Residential,MANHATTAN,Closed
63580237,2025-01-01T00:41:05.000,2025-01-01T01:26:00.000,NYPD,Illegal Parking,BROOKLYN,Closed
63582430,2025-01-01T00:41:11.000,2025-01-01T01:20:49.000,NYPD,Noise - Commercial,MANHATTAN,Closed
63575643,2025-01-01T00:41:18.000,2025-01-01T01:20:04.000,NYPD,Noise - Commercial,QUEENS,Closed
63584222,2025-01-01T00:41:20.000,2025-01-01T01:20:25.000,NYPD,Illegal Fireworks,QUEENS,Closed
63572978,2025-01-01T00:41:30.000,2025-01-02T17:07:29.000,NYPD,Noise - Residential,BRONX,Closed
63584221,2025-01-01T00:41:45.000,2025-01-01T01:35:46.000,NYPD,Illegal Fireworks,BROOKLYN,Closed
63577667,2025-01-01T00:41:57.000,2025-01-01T01:06:38.000,NYPD,Noise - Residential,QUEENS,Closed
63579628,2025-01-01T00:42:08.000,2025-01-02T17:07:27.000,NYPD,Noise - Residential,BRONX,Closed
63573952,2025-01-01T00:42:09.000,2025-01-01T00:51:43.000,NYPD,Illegal Fireworks,BRONX,Closed
63578874,2025-01-01T00:42:16.000,2025-01-02T02:03:21.000,NYPD,Blocked Driveway,BRONX,Closed
63579019,2025-01-01T00:42:21.000,2025-01-01T01:13:51.000,NYPD,Noise - Commercial,MANHATTAN,Closed
63577383,2025-01-01T00:42:23.000,2025-01-01T01:28:16.000,NYPD,Illegal Fireworks,BROOKLYN,Closed
63584095,2025-01-01T00:42:24.000,2025-01-01T01:39:55.000,NYPD,Noise - Residential,QUEENS,Closed
63591400,2025-01-01T00:42:40.000,2025-01-01T15:05:58.000,HPD,HEAT/HOT WATER,QUEENS,Closed
63582296,2025-01-01T00:42:41.000,2025-03-21T07:43:16.000,TLC,Taxi Complaint,QUEENS,Closed
63577446,2025-01-01T00:42:43.000,2025-01-01T01:48:44.000,NYPD,Noise - Residential,BRONX,Closed
63581341,2025-01-01T00:42:46.000,2025-01-02T17:07:29.000,NYPD,Noise - Residential,BRONX,Closed
63575839,2025-01-01T00:42:55.000,2025-01-01T01:19:26.000,NYPD,Noise - Street/Sidewalk,STATEN ISLAND,Closed
63582788,2025-01-01T00:42:55.000,2025-01-01T01:21:05.000,NYPD,Noise - Street/Sidewalk,QUEENS,Closed
63577651,2025-01-01T00:42:56.000,2025-01-01T01:01:13.000,NYPD,Noise - Street/Sidewalk,MANHATTAN,Closed
63582716,2025-01-01T00:42:56.000,2025-01-01T01:04:18.000,NYPD,Noise - Street/Sidewalk,MANHATTAN,Closed
63584040,2025-01-01T00:43:00.000,2025-01-01T00:52:23.000,NYPD,Illegal Fireworks,MANHATTAN,Closed
63580190,2025-01-01T00:43:01.000,2025-01-01T01:34:25.000,NYPD,Illegal Parking,QUEENS,Closed
63572784,2025-01-01T00:43:02.000,2025-01-01T01:21:57.000,NYPD,Noise - Street/Sidewalk,QUEENS,Closed
63581071,2025-01-01T00:43:04.000,2025-01-01T01:02:12.000,NYPD,Noise - Residential,QUEENS,Closed
63582813,2025-01-01T00:43:10.000,2025-01-01T01:11:00.000,NYPD,Noise - Residential,QUEENS,Closed
63580722,2025-01-01T00:43:11.000,2025-01-01T01:19:06.000,NYPD,Noise - Commercial,QUEENS,Closed
63579317,2025-01-01T00:43:15.000,2025-01-01T01:39:34.000,NYPD,Noise - Street/Sidewalk,QUEENS,Closed
63579284,2025-01-01T00:43:19.000,2025-01-01T01:29:47.000,NYPD,Noise - Residential,BRONX,Closed
63581332,2025-01-01T00:43:23.000,2025-01-01T03:08:21.000,NYPD,Illegal Parking,QUEENS,Closed
63579298,2025-01-01T00:43:24.000,2025-01-01T01:17:13.000,NYPD,Noise - Residential,BROOKLYN,Closed
63583116,2025-01-01T00:43:25.000,2025-01-02T17:09:54.000,NYPD,Noise - Residential,BRONX,Closed
63579283,2025-01-01T00:43:27.000,2025-01-01T01:10:51.000,NYPD,Noise - Residential,BROOKLYN,Closed
63573067,2025-01-01T00:43:31.000,2025-01-01T02:04:43.000,NYPD,Noise - Residential,MANHATTAN,Closed
63577741,2025-01-01T00:43:32.000,2025-01-01T00:50:26.000,NYPD,Noise - Residential,MANHATTAN,Closed
63577432,2025-01-01T00:43:42.000,2025-01-01T01:26:40.000,NYPD,Noise - Commercial,BROOKLYN,Closed
63580473,2025-01-01T00:43:43.000,2025-01-02T10:24:48.000,DOHMH,Rodent,BROOKLYN,Closed
63573528,2025-01-01T00:43:55.000,2025-01-01T01:34:52.000,NYPD,Illegal Parking,BROOKLYN,Closed
63577439,2025-01-01T00:44:01.000,2025-01-01T01:15:51.000,NYPD,Noise - Residential,BROOKLYN,Closed
63575669,2025-01-01T00:44:02.000,2025-01-01T00:55:52.000,NYPD,Noise - Residential,QUEENS,Closed
63574746,2025-01-01T00:44:03.000,2025-01-02T17:11:30.000,NYPD,Noise - Residential,BRONX,Closed
63572553,2025-01-01T00:44:05.000,2025-01-01T01:07:35.000,NYPD,Noise - Residential,BROOKLYN,Closed
63580816,2025-01-01T00:44:15.000,2025-01-01T01:00:10.000,NYPD,Noise - Residential,MANHATTAN,Closed
63574844,2025-01-01T00:44:17.000,2025-01-01T01:57:16.000,NYPD,Noise - Residential,MANHATTAN,Closed
63574039,2025-01-01T00:44:35.000,2025-01-01T01:10:29.000,NYPD,Noise - Residential,BROOKLYN,Closed
63580781,2025-01-01T00:44:38.000,2025-01-01T01:45:56.000,NYPD,Noise - Residential,QUEENS,Closed
63576607,2025-01-01T00:44:40.000,2025-01-02T17:09:54.000,NYPD,Noise - Residential,BRONX,Closed
63575928,2025-01-01T00:44:49.000,2025-01-01T01:05:41.000,NYPD,Noise - Residential,BRONX,Closed
63574074,2025-01-01T00:45:10.000,2025-01-01T01:12:03.000,NYPD,Noise - Residential,BRONX,Closed
63574234,2025-01-01T00:45:11.000,2025-01-01T01:22:27.000,NYPD,Noise - Residential,BRONX,Closed
63573805,2025-01-01T00:45:11.000,2025-01-01T04:11:52.000,NYPD,Blocked Driveway,BROOKLYN,Closed
63584866,2025-01-01T00:45:19.000,2025-01-02T16:30:25.000,NYPD,Noise - Residential,BRONX,Closed
63575909,2025-01-01T00:45:24.000,2025-01-01T01:00:13.000,NYPD,Noise - Residential,BRONX,Closed
63580628,2025-01-01T00:45:26.000,2025-01-01T01:50:09.000,NYPD,Illegal Fireworks,BROOKLYN,Closed
63575981,2025-01-01T00:45:29.000,2025-01-01T00:52:35.000,NYPD,Noise - Street/Sidewalk,MANHATTAN,Closed
63575611,2025-01-01T00:45:35.000,2025-01-01T01:49:47.000,NYPD,Illegal Fireworks,BROOKLYN,Closed
63582323,2025-01-01T00:45:42.000,2025-01-01T01:47:43.000,NYPD,Blocked Driveway,QUEENS,Closed
63584546,2025-01-01T00:45:48.000,2025-01-01T00:46:20.000,NYPD,Noise - Street/Sidewalk,BROOKLYN,Closed
63576489,2025-01-01T00:45:57.000,2025-01-02T17:02:39.000,NYPD,Noise - Residential,BRONX,Closed
63582533,2025-01-01T00:46:00.000,2025-01-01T00:51:33.000,NYPD,Noise - Commercial,STATEN ISLAND,Closed
63582704,2025-01-01T00:46:03.000,2025-01-01T00:52:38.000,NYPD,Noise - Street/Sidewalk,QUEENS,Closed
63577686,2025-01-01T00:46:13.000,2025-01-01T00:49:57.000,NYPD,Noise - Residential,MANHATTAN,Closed
63584356,2025-01-01T00:46:15.000,2025-01-01T01:19:35.000,NYPD,Noise - Residential,QUEENS,Closed
63577588,2025-01-01T00:46:16.000,2025-01-01T01:42:59.000,NYPD,Noise - Residential,QUEENS,Closed
63572395,2025-01-01T00:46:20.000,2025-01-01T01:05:06.000,NYPD,Noise - Residential,BRONX,Closed
63574016,2025-01-01T00:46:23.000,2025-01-01T01:22:24.000,NYPD,Noise - Commercial,QUEENS,Closed
63579154,2025-01-01T00:46:25.000,2025-01-01T01:24:09.000,NYPD,Noise - Residential,QUEENS,Closed
63574340,2025-01-01T00:46:28.000,2025-01-01T01:08:09.000,NYPD,Noise - Residential,QUEENS,Closed
63573187,2025-01-01T00:46:35.000,2025-01-02T17:08:16.000,NYPD,Noise - Residential,BRONX,Closed
63580651,2025-01-01T00:46:35.000,2025-01-01T00:56:25.000,NYPD,Illegal Fireworks,MANHATTAN,Closed
63574373,2025-01-01T00:46:36.000,2025-01-01T00:57:14.000,NYPD,Noise - Street/Sidewalk,STATEN ISLAND,Closed
63575683,2025-01-01T00:46:37.000,2025-01-01T00:47:39.000,NYPD,Illegal Fireworks,BROOKLYN,Closed
63575617,2025-01-01T00:46:46.000,2025-01-01T01:28:23.000,NYPD,Noise - Commercial,BROOKLYN,Closed
63580932,2025-01-01T00:46:50.000,2025-01-01T01:28:24.000,NYPD,Noise - Residential,QUEENS,Closed
63578816,2025-01-01T00:46:53.000,2025-01-01T02:22:02.000,NYPD,Blocked Driveway,QUEENS,Closed
63572548,2025-01-01T00:46:56.000,2025-01-01T00:58:23.000,NYPD,Noise - Residential,MANHATTAN,Closed
63577671,2025-01-01T00:46:57.000,2025-01-01T01:00:52.000,NYPD,Noise - Residential,BRONX,Closed
63588113,2025-01-01T00:47:00.000,2025-01-03T14:21:00.000,DEP,Lead,BROOKLYN,Closed
63591830,2025-01-01T00:47:00.000,2025-01-03T14:21:00.000,DEP,Lead,MANHATTAN,Closed
63577456,2025-01-01T00:47:02.000,2025-01-01T00:54:51.000,NYPD,Noise - Residential,QUEENS,Closed
63575893,2025-01-01T00:47:06.000,2025-01-01T01:28:55.000,NYPD,Noise - Residential,QUEENS,Closed
63585089,2025-01-01T00:47:13.000,2025-01-02T17:03:50.000,NYPD,Noise - Residential,BRONX,Closed
63579276,2025-01-01T00:47:49.000,2025-01-01T01:40:07.000,NYPD,Noise - Residential,QUEENS,Closed
63584933,2025-01-01T00:47:51.000,2025-01-02T17:03:56.000,NYPD,Noise - Residential,BRONX,Closed
63576022,2025-01-01T00:47:55.000,2025-01-01T00:49:12.000,NYPD,Noise - Street/Sidewalk,BROOKLYN,Closed
63583172,2025-01-01T00:47:56.000,2025-01-01T02:35:06.000,NYPD,Noise - Residential,BRONX,Closed
63578519,2025-01-01T00:47:57.000,2025-01-01T00:53:29.000,NYPD,Illegal Parking,BROOKLYN,Closed
63580072,2025-01-01T00:47:58.000,2025-01-01T01:19:09.000,NYPD,Encampment,MANHATTAN,Closed
63575583,2025-01-01T00:48:05.000,2025-01-01T00:48:57.000,NYPD,Illegal Fireworks,BROOKLYN,Closed
63574335,2025-01-01T00:48:16.000,2025-01-01T01:44:43.000,NYPD,Noise - Residential,MANHATTAN,Closed
63580581,2025-01-01T00:48:25.000,2025-01-01T01:01:46.000,NYPD,Blocked Driveway,QUEENS,Closed
63573132,2025-01-01T00:48:29.000,2025-01-02T17:05:53.000,NYPD,Noise - Residential,BRONX,Closed
63574053,2025-01-01T00:48:31.000,2025-01-01T00:53:52.000,NYPD,Noise - Residential,QUEENS,Closed
63582534,2025-01-01T00:48:34.000,2025-01-01T00:50:25.000,NYPD,Noise - Commercial,MANHATTAN,Closed
63586581,2025-01-01T00:48:38.000,2025-01-02T20:02:44.000,HPD,HEAT/HOT WATER,BROOKLYN,Closed
63580794,2025-01-01T00:48:45.000,2025-01-01T01:38:04.000,NYPD,Noise - Residential,BROOKLYN,Closed
63579857,2025-01-01T00:48:51.000,2025-01-01T01:53:50.000,NYPD,Noise - Residential,MANHATTAN,Closed
63585505,2025-01-01T00:48:51.000,2025-01-01T01:05:49.000,NYPD,Illegal Parking,BROOKLYN,Closed
63579455,2025-01-01T00:49:02.000,2025-01-01T00:55:40.000,NYPD,Noise - Street/Sidewalk,BROOKLYN,Closed
63572696,2025-01-01T00:49:06.000,2025-01-01T01:01:13.000,NYPD,Noise - Residential,BRONX,Closed
63576579,2025-01-01T00:49:07.000,2025-01-01T02:08:43.000,NYPD,Noise - Residential,QUEENS,Closed
63576232,2025-01-01T00:49:07.000,2025-01-02T17:02:39.000,NYPD,Noise - Residential,BRONX,Closed
63575910,2025-01-01T00:49:12.000,2025-01-01T00:57:58.000,NYPD,Noise - Residential,MANHATTAN,Closed
63578302,2025-01-01T00:49:43.000,2025-01-01T03:05:44.000,NYPD,Noise - Street/Sidewalk,MANHATTAN,Closed
63576538,2025-01-01T00:49:45.000,2025-01-02T17:09:56.000,NYPD,Noise - Residential,BRONX,Closed
63573424,2025-01-01T00:49:53.000,2025-01-01T01:05:22.000,NYPD,Illegal Parking,BROOKLYN,Closed
63573071,2025-01-01T00:50:09.000,2025-01-01T01:52:38.000,NYPD,Noise - Residential,STATEN ISLAND,Closed
63577756,2025-01-01T00:50:09.000,2025-01-01T01:19:04.000,NYPD,Noise - Street/Sidewalk,MANHATTAN,Closed
63575980,2025-01-01T00:50:22.000,2025-01-01T01:16:10.000,NYPD,Noise - Street/Sidewalk,BROOKLYN,Closed
63574915,2025-01-01T00:50:24.000,2025-01-02T17:08:12.000,NYPD,Noise - Residential,BRONX,Closed
63581604,2025-01-01T00:50:30.000,2025-01-01T14:34:41.000,NYPD,Noise - Street/Sidewalk,MANHATTAN,Closed
63584185,2025-01-01T00:50:31.000,2025-01-01T01:06:30.000,NYPD,Noise - Residential,MANHATTAN,Closed
63584742,2025-01-01T00:50:34.000,2025-01-01T03:11:37.000,NYPD,Illegal Parking,BROOKLYN,Closed
63574307,2025-01-01T00:50:42.000,2025-01-01T00:52:59.000,NYPD,Noise - Residential,QUEENS,Closed
63573455,2025-01-01T00:50:44.000,2025-01-01T01:04:10.000,NYPD,Illegal Parking,BROOKLYN,Closed
63581032,2025-01-01T00:50:48.000,2025-01-01T01:01:36.000,NYPD,Noise - Residential,BRONX,Closed
63573066,2025-01-01T00:51:02.000,2025-01-02T17:03:49.000,NYPD,Noise - Residential,BRONX,Closed
63572086,2025-01-01T00:51:02.000,2025-03-02T00:51:37.000,DOHMH,Smoking or Vaping,BRONX,Closed
63577672,2025-01-01T00:51:12.000,2025-01-01T01:01:19.000,NYPD,Noise - Residential,QUEENS,Closed
63572974,2025-01-01T00:51:20.000,2025-01-01T05:08:32.000,NYPD,Noise - Residential,MANHATTAN,Closed
63577687,2025-01-01T00:51:21.000,2025-01-01T01:35:49.000,NYPD,Noise - Street/Sidewalk,BROOKLYN,Closed
63582558,2025-01-01T00:51:27.000,2025-01-01T01:33:53.000,NYPD,Noise - Residential,BROOKLYN,Closed
63572580,2025-01-01T00:51:34.000,2025-01-01T01:09:03.000,NYPD,Noise - Residential,QUEENS,Closed
63580954,2025-01-01T00:51:36.000,2025-01-01T01:09:35.000,NYPD,Noise - Street/Sidewalk,MANHATTAN,Closed
63573288,2025-01-01T00:51:40.000,2025-01-02T17:09:55.000,NYPD,Noise - Residential,BRONX,Closed
63582058,2025-01-01T00:51:42.000,2025-01-01T01:04:59.000,NYPD,Illegal Parking,BROOKLYN,Closed
63593938,2025-01-01T00:51:55.000,2025-01-02T11:43:03.000,HPD,HEAT/HOT WATER,BRONX,Closed
63577620,2025-01-01T00:51:58.000,2025-01-01T01:11:36.000,NYPD,Noise - Residential,MANHATTAN,Closed
63582512,2025-01-01T00:52:06.000,2025-01-01T01:29:44.000,NYPD,Noise - Residential,MANHATTAN,Closed
63573287,2025-01-01T00:52:18.000,2025-01-02T17:09:51.000,NYPD,Noise - Residential,BRONX,Closed
63593960,2025-01-01T00:52:30.000,2025-01-02T13:49:04.000,HPD,HEAT/HOT WATER,BRONX,Closed
63572504,2025-01-01T00:52:40.000,2025-01-01T01:43:04.000,NYPD,Noise - Residential,QUEENS,Closed
63579015,2025-01-01T00:52:42.000,2025-01-01T01:12:24.000,NYPD,Noise - Commercial,MANHATTAN,Closed
63575124,2025-01-01T00:52:45.000,2025-01-01T01:03:13.000,NYPD,Illegal Parking,BROOKLYN,Closed
63580087,2025-01-01T00:52:56.000,2025-01-02T17:09:53.000,NYPD,Noise - Residential,BRONX,Closed
63583890,2025-01-01T00:52:57.000,2025-01-01T01:15:44.000,NYPD,Blocked Driveway,QUEENS,Closed
63588112,2025-01-01T00:53:00.000,2025-01-03T14:21:00.000,DEP,Lead,QUEENS,Closed
63580953,2025-01-01T00:53:03.000,2025-01-01T01:23:06.000,NYPD,Noise - Street/Sidewalk,QUEENS,Closed
63579721,2025-01-01T00:53:10.000,2025-01-01T02:21:52.000,NYPD,Noise - Residential,BRONX,Closed
63574010,2025-01-01T00:53:16.000,2025-01-01T01:23:45.000,NYPD,Noise - Commercial,BROOKLYN,Closed
63577454,2025-01-01T00:53:16.000,2025-01-01T01:03:49.000,NYPD,Noise - Residential,QUEENS,Closed
63572344,2025-01-01T00:53:21.000,2025-01-01T01:19:07.000,NYPD,Noise - Commercial,QUEENS,Closed
63583618,2025-01-01T00:53:21.000,2025-01-01T01:06:14.000,NYPD,Illegal Parking,MANHATTAN,Closed
63581488,2025-01-01T00:53:34.000,2025-01-02T17:03:51.000,NYPD,Noise - Residential,BRONX,Closed
63572674,2025-01-01T00:53:40.000,2025-01-01T01:09:12.000,NYPD,Noise - Residential,QUEENS,Closed
63574081,2025-01-01T00:53:50.000,2025-01-01T01:05:46.000,NYPD,Noise - Residential,BRONX,Closed
63575668,2025-01-01T00:53:54.000,2025-01-01T00:55:27.000,NYPD,Noise - Residential,QUEENS,Closed
63583681,2025-01-01T00:53:54.000,2025-01-01T01:02:48.000,NYPD,Illegal Parking,BROOKLYN,Closed
63580876,2025-01-01T00:53:55.000,2025-01-01T01:38:58.000,NYPD,Noise - Residential,BROOKLYN,Closed
63580713,2025-01-01T00:53:59.000,2025-01-01T01:44:43.000,NYPD,Illegal Fireworks,BROOKLYN,Closed
63575532,2025-01-01T00:54:05.000,2025-01-01T01:33:50.000,NYPD,Noise - Commercial,BRONX,Closed
63579929,2025-01-01T00:54:12.000,2025-01-02T17:05:54.000,NYPD,Noise - Residential,BRONX,Closed
63577573,2025-01-01T00:54:25.000,2025-01-01T01:34:04.000,NYPD,Noise - Residential,BRONX,Closed
63572092,2025-01-01T00:54:26.000,2025-01-01T01:47:36.000,NYPD,Illegal Parking,QUEENS,Closed
63577581,2025-01-01T00:54:28.000,2025-01-01T01:19:43.000,NYPD,Noise - Residential,MANHATTAN,Closed
63581653,2025-01-01T00:54:29.000,2025-01-01T03:04:57.000,NYPD,Illegal Parking,QUEENS,Closed
63577340,2025-01-01T00:54:31.000,2025-01-01T01:44:58.000,NYPD,Noise - Residential,BROOKLYN,Closed
63575591,2025-01-01T00:54:32.000,2025-01-01T01:29:53.000,NYPD,Noise - Residential,BROOKLYN,Closed
63573565,2025-01-01T00:54:34.000,2025-01-01T01:26:22.000,NYPD,Noise - Vehicle,BRONX,Closed
63572365,2025-01-01T00:54:34.000,2025-01-01T01:22:07.000,NYPD,Noise - Commercial,BROOKLYN,Closed
63587683,2025-01-01T00:54:39.000,2025-01-03T16:20:11.000,HPD,HEAT/HOT WATER,QUEENS,Closed
63576401,2025-01-01T00:54:51.000,2025-01-02T17:05:53.000,NYPD,Noise - Residential,BRONX,Closed
63582826,2025-01-01T00:54:53.000,2025-01-01T01:10:46.000,NYPD,Noise - Street/Sidewalk,BROOKLYN,Closed
63580556,2025-01-01T00:54:57.000,2025-01-01T01:02:22.000,NYPD,Abandoned Vehicle,BROOKLYN,Closed
63583817,2025-01-01T00:55:00.000,2025-01-01T01:30:00.000,DOT,Traffic Signal Condition,QUEENS,Closed
63573794,2025-01-01T00:55:01.000,2025-01-01T02:31:31.000,NYPD,Blocked Driveway,BROOKLYN,Closed
63574160,2025-01-01T00:55:02.000,2025-01-01T01:42:49.000,NYPD,Noise - Residential,QUEENS,Closed
63575586,2025-01-01T00:55:08.000,2025-01-01T01:38:52.000,NYPD,Noise - Commercial,QUEENS,Closed
63575659,2025-01-01T00:55:19.000,2025-01-01T01:24:46.000,NYPD,Noise - Commercial,QUEENS,Closed
63575747,2025-01-01T00:55:22.000,2025-01-01T01:05:10.000,NYPD,Noise - Residential,BRONX,Closed
63591474,2025-01-01T00:55:27.000,2025-01-02T13:49:04.000,HPD,HEAT/HOT WATER,BRONX,Closed
63573065,2025-01-01T00:55:29.000,2025-01-02T17:03:43.000,NYPD,Noise - Residential,BRONX,Closed
63584042,2025-01-01T00:55:36.000,2025-01-01T00:57:33.000,NYPD,Noise - Commercial,STATEN ISLAND,Closed
63581085,2025-01-01T00:55:45.000,2025-01-01T00:56:27.000,NYPD,Noise - Residential,QUEENS,Closed
63575454,2025-01-01T00:55:52.000,2025-01-01T01:01:10.000,NYPD,Abandoned Vehicle,BROOKLYN,Closed
63581508,2025-01-01T00:55:58.000,2025-01-01T03:42:51.000,NYPD,Noise - Residential,QUEENS,Closed
63577327,2025-01-01T00:56:00.000,2025-01-03T13:25:00.000,DOT,Street Light Condition,BRONX,Closed
63586984,2025-01-01T00:56:00.000,2025-01-07T14:15:00.000,DEP,Noise,QUEENS,Closed
63577754,2025-01-01T00:56:06.000,2025-01-01T00:57:51.000,NYPD,Noise - Street/Sidewalk,BROOKLYN,Closed
63573186,2025-01-01T00:56:07.000,2025-01-02T17:11:23.000,NYPD,Noise - Residential,BRONX,Closed
63576557,2025-01-01T00:56:19.000,2025-01-01T02:31:03.000,NYPD,Noise - Street/Sidewalk,MANHATTAN,Closed
63583939,2025-01-01T00:56:19.000,2025-01-01T05:36:49.000,NYPD,Blocked Driveway,BROOKLYN,Closed
63574913,2025-01-01T00:56:45.000,2025-01-02T17:08:19.000,NYPD,Noise - Residential,BRONX,Closed
63580704,2025-01-01T00:56:50.000,2025-01-01T01:13:06.000,NYPD,Noise - Residential,BROOKLYN,Closed
63575342,2025-01-01T00:56:52.000,2025-01-01T01:01:57.000,NYPD,Abandoned Vehicle,BROOKLYN,Closed
63574203,2025-01-01T00:56:58.000,2025-01-01T01:09:26.000,NYPD,Noise - Residential,BROOKLYN,Closed
63580318,2025-01-01T00:57:00.000,2025-05-08T15:03:00.000,DOT,Street Light Condition,BRONX,Closed
63579204,2025-01-01T00:57:02.000,2025-01-01T01:17:11.000,NYPD,Illegal Fireworks,BROOKLYN,Closed
63573978,2025-01-01T00:57:05.000,2025-01-01T01:15:15.000,NYPD,Illegal Fireworks,MANHATTAN,Closed
63575843,2025-01-01T00:57:05.000,2025-01-01T01:42:12.000,NYPD,Noise - Residential,QUEENS,Closed
63577460,2025-01-01T00:57:12.000,2025-01-01T01:02:57.000,NYPD,Noise - Residential,QUEENS,Closed
63580850,2025-01-01T00:57:18.000,2025-01-01T01:01:02.000,NYPD,Noise - Residential,QUEENS,Closed
63572398,2025-01-01T00:57:23.000,2025-01-01T01:12:46.000,NYPD,Noise - Commercial,MANHATTAN,Closed
63578323,2025-01-01T00:57:23.000,2025-01-02T17:08:14.000,NYPD,Noise - Residential,BRONX,Closed
63581069,2025-01-01T00:57:24.000,2025-01-01T01:12:38.000,NYPD,Noise - Residential,BRONX,Closed
63582615,2025-01-01T00:57:29.000,2025-01-01T00:59:56.000,NYPD,Noise - Residential,MANHATTAN,Closed
63574836,2025-01-01T00:57:39.000,2025-01-01T02:38:54.000,NYPD,Noise - Residential,BRONX,Closed
63574959,2025-01-01T00:57:44.000,2025-01-01T02:15:33.000,NYPD,Noise - Residential,MANHATTAN,Closed
63579042,2025-01-01T00:57:44.000,2025-01-01T01:42:29.000,NYPD,Noise - Residential,STATEN ISLAND,Closed
63578915,2025-01-01T00:57:47.000,2025-01-01T01:00:12.000,NYPD,Abandoned Vehicle,BROOKLYN,Closed
63582821,2025-01-01T00:57:48.000,2025-01-01T01:04:22.000,NYPD,Noise - Street/Sidewalk,MANHATTAN,Closed
63584741,2025-01-01T00:57:56.000,2025-01-01T02:08:40.000,NYPD,Illegal Fireworks,BROOKLYN,Closed
63580615,2025-01-01T00:58:00.000,2025-01-03T13:15:00.000,DOT,Street Light Condition,BRONX,Closed
63578100,2025-01-01T00:58:01.000,2025-01-02T17:02:39.000,NYPD,Noise - Residential,BRONX,Closed
63574059,2025-01-01T00:58:05.000,2025-01-01T01:02:11.000,NYPD,Noise - Residential,QUEENS,Closed
63576663,2025-01-01T00:58:14.000,2025-01-01T01:47:28.000,NYPD,Illegal Parking,QUEENS,Closed
63576412,2025-01-01T00:58:14.000,2025-01-01T02:03:39.000,NYPD,Noise - Residential,BROOKLYN,Closed
63580665,2025-01-01T00:58:18.000,2025-01-01T01:32:00.000,NYPD,Illegal Fireworks,BROOKLYN,Closed
63584516,2025-01-01T00:58:28.000,2025-01-01T01:10:06.000,NYPD,Noise - Street/Sidewalk,BROOKLYN,Closed
63573176,2025-01-01T00:58:39.000,2025-01-02T17:08:17.000,NYPD,Noise - Residential,BRONX,Closed
63577529,2025-01-01T00:58:43.000,2025-01-01T01:04:46.000,NYPD,Noise - Street/Sidewalk,MANHATTAN,Closed
63583878,2025-01-01T00:58:44.000,2025-01-01T01:04:34.000,NYPD,Abandoned Vehicle,BROOKLYN,Closed
63583692,2025-01-01T00:58:58.000,2025-01-01T01:42:13.000,NYPD,Illegal Parking,BROOKLYN,Closed
63572341,2025-01-01T00:59:00.000,2025-01-01T01:13:08.000,NYPD,Noise - Commercial,MANHATTAN,Closed
63582592,2025-01-01T00:59:01.000,2025-01-01T01:38:54.000,NYPD,Noise - Residential,QUEENS,Closed
63574756,2025-01-01T00:59:04.000,2025-01-01T02:03:14.000,NYPD,Noise - Street/Sidewalk,MANHATTAN,Closed
63579462,2025-01-01T00:59:13.000,2025-01-01T01:46:55.000,NYPD,Noise - Street/Sidewalk,QUEENS,Closed
63584522,2025-01-01T00:59:15.000,2025-01-01T01:12:01.000,NYPD,Noise - Street/Sidewalk,MANHATTAN,Closed
63574690,2025-01-01T00:59:17.000,2025-01-02T17:03:52.000,NYPD,Noise - Residential,BRONX,Closed
63572902,2025-01-01T00:59:22.000,2025-01-01T02:06:14.000,NYPD,Illegal Parking,BRONX,Closed
63578837,2025-01-01T00:59:54.000,2025-01-01T01:50:11.000,NYPD,Blocked Driveway,QUEENS,Closed
63576488,2025-01-01T00:59:55.000,2025-01-02T17:09:54.000,NYPD,Noise - Residential,BRONX,Closed
63582809,2025-01-01T00:59:56.000,2025-01-01T01:01:47.000,NYPD,Noise - Residential,QUEENS,Closed
63578322,2025-01-01T00:59:59.000,2025-01-01T12:18:24.000,NYPD,Noise - Residential,MANHATTAN,Closed
63578499,2025-01-01T01:00:04.000,2025-01-01T01:30:01.000,NYPD,Illegal Parking,QUEENS,Closed
63582522,2025-01-01T01:00:15.000,2025-01-01T01:01:36.000,NYPD,Illegal Fireworks,BROOKLYN,Closed
63575671,2025-01-01T01:00:16.000,2025-01-01T01:17:26.000,NYPD,Noise - Residential,BROOKLYN,Closed
63579966,2025-01-01T01:00:34.000,2025-01-02T17:08:11.000,NYPD,Noise - Residential,BRONX,Closed
63581039,2025-01-01T01:00:39.000,2025-01-01T01:17:58.000,NYPD,Noise - Residential,BROOKLYN,Closed
63592778,2025-01-01T01:00:42.000,2025-01-02T17:02:58.000,HPD,HEAT/HOT WATER,BRONX,Closed
63572405,2025-01-01T01:00:45.000,2025-01-01T01:27:13.000,NYPD,Noise - Park,QUEENS,Closed
63577302,2025-01-01T01:00:48.000,2025-01-01T01:03:40.000,NYPD,Blocked Driveway,BROOKLYN,Closed
63582820,2025-01-01T01:00:49.000,2025-01-01T01:14:46.000,NYPD,Noise - Residential,BRONX,Closed
63578142,2025-01-01T01:00:53.000,2025-01-01T03:07:12.000,NYPD,Illegal Parking,QUEENS,Closed
63579038,2025-01-01T01:00:55.000,2025-01-01T01:40:39.000,NYPD,Noise - Residential,QUEENS,Closed
63578634,2025-01-01T01:00:59.000,2025-01-01T01:42:05.000,NYPD,Illegal Parking,QUEENS,Closed
63577539,2025-01-01T01:01:04.000,2025-01-01T01:01:34.000,NYPD,Noise - Residential,QUEENS,Closed
63590224,2025-01-01T01:01:06.000,2025-01-02T19:43:40.000,HPD,HEAT/HOT WATER,BRONX,Closed
63576191,2025-01-01T01:01:12.000,2025-01-02T17:05:54.000,NYPD,Noise - Residential,BRONX,Closed
63584534,2025-01-01T01:01:13.000,2025-01-01T01:09:49.000,NYPD,Noise - Street/Sidewalk,BROOKLYN,Closed
63575540,2025-01-01T01:01:14.000,2025-01-01T01:27:09.000,NYPD,Noise - Commercial,BROOKLYN,Closed
63577545,2025-01-01T01:01:17.000,2025-01-01T01:30:59.000,NYPD,Noise - Residential,QUEENS,Closed
63575333,2025-01-01T01:01:23.000,2025-01-01T02:57:18.000,NYPD,Illegal Fireworks,BROOKLYN,Closed
63579388,2025-01-01T01:01:25.000,2025-01-01T01:47:01.000,NYPD,Noise - Residential,BROOKLYN,Closed
63584025,2025-01-01T01:01:26.000,2025-01-01T01:13:18.000,NYPD,Illegal Fireworks,QUEENS,Closed
63579794,2025-01-01T01:01:50.000,2025-01-02T17:05:54.000,NYPD,Noise - Residential,BRONX,Closed
63574032,2025-01-01T01:02:00.000,2025-01-01T01:13:34.000,NYPD,Noise - Commercial,MANHATTAN,Closed
63584215,2025-01-01T01:02:03.000,2025-01-01T01:42:15.000,NYPD,Noise - Residential,STATEN ISLAND,Closed
63583780,2025-01-01T01:02:04.000,2025-01-01T01:37:05.000,NYPD,Illegal Parking,QUEENS,Closed
63580680,2025-01-01T01:02:21.000,2025-01-01T01:40:53.000,NYPD,Noise - Residential,QUEENS,Closed
63577103,2025-01-01T01:02:24.000,2025-01-01T01:37:39.000,NYPD,Blocked Driveway,BROOKLYN,Closed
63579369,2025-01-01T01:02:28.000,2025-01-01T01:31:40.000,NYPD,Noise - Residential,BRONX,Closed
63579963,2025-01-01T01:02:28.000,2025-01-02T17:11:38.000,NYPD,Noise - Residential,BRONX,Closed
63579702,2025-01-01T01:02:29.000,2025-01-01T02:23:46.000,NYPD,Noise - Commercial,MANHATTAN,Closed
63577849,2025-01-01T01:02:31.000,2025-01-02T11:50:53.000,DSNY,Dirty Condition,STATEN ISLAND,Closed
63576385,2025-01-01T01:02:34.000,2025-01-01T02:38:47.000,NYPD,Noise - Residential,MANHATTAN,Closed
63573994,2025-01-01T01:02:35.000,2025-01-01T01:18:43.000,NYPD,Illegal Fireworks,BROOKLYN,Closed
63583551,2025-01-01T01:02:37.000,2025-01-01T04:42:15.000,DHS,Homeless Person Assistance,BROOKLYN,Closed
63580939,2025-01-01T01:02:37.000,2025-01-01T01:44:36.000,NYPD,Noise - Residential,BROOKLYN,Closed
63577648,2025-01-01T01:02:41.000,2025-01-01T01:20:24.000,NYPD,Noise - Street/Sidewalk,MANHATTAN,Closed
63578369,2025-01-01T01:02:47.000,2025-01-01T02:54:35.000,NYPD,Noise - Vehicle,BROOKLYN,Closed
63574008,2025-01-01T01:02:53.000,2025-01-01T01:21:27.000,NYPD,Noise - Commercial,BROOKLYN,Closed
63584803,2025-01-01T01:03:06.000,2025-01-02T17:05:54.000,NYPD,Noise - Residential,BRONX,Closed
63576866,2025-01-01T01:03:11.000,2025-01-01T01:25:16.000,NYPD,Illegal Parking,QUEENS,Closed
63580645,2025-01-01T01:03:15.000,2025-01-01T01:31:08.000,NYPD,Illegal Fireworks,BROOKLYN,Closed
63579012,2025-01-01T01:03:26.000,2025-01-01T01:46:54.000,NYPD,Noise - Commercial,QUEENS,Closed
63582383,2025-01-01T01:03:38.000,2025-01-01T01:27:07.000,NYPD,Noise - Commercial,STATEN ISLAND,Closed
63585123,2025-01-01T01:03:44.000,2025-01-02T17:11:33.000,NYPD,Noise - Residential,BRONX,Closed
63595401,2025-01-01T01:04:00.000,2025-01-01T03:30:00.000,DOT,Traffic Signal Condition,BROOKLYN,Closed
63585528,2025-01-01T01:04:01.000,2025-01-01T01:26:45.000,NYPD,Illegal Parking,QUEENS,Closed
63575783,2025-01-01T01:04:20.000,2025-01-01T01:10:16.000,NYPD,Noise - Residential,QUEENS,Closed
63574384,2025-01-01T01:04:21.000,2025-01-01T01:35:26.000,NYPD,Noise - Street/Sidewalk,BROOKLYN,Closed
63581383,2025-01-01T01:04:22.000,2025-01-01T01:58:17.000,NYPD,Illegal Parking,QUEENS,Closed
63577969,2025-01-01T01:04:22.000,2025-01-02T17:03:52.000,NYPD,Noise - Residential,BRONX,Closed
63582827,2025-01-01T01:04:33.000,2025-01-01T01:17:43.000,NYPD,Noise - Street/Sidewalk,BROOKLYN,Closed
63575931,2025-01-01T01:04:38.000,2025-01-01T01:44:18.000,NYPD,Noise - Residential,QUEENS,Closed
63583946,2025-01-01T01:04:56.000,2025-01-01T04:13:16.000,NYPD,Blocked Driveway,BROOKLYN,Closed
63593124,2025-01-01T01:05:00.000,2025-01-02T12:03:00.000,DEP,Noise,MANHATTAN,Closed
63609190,2025-01-01T01:05:00.000,2025-01-02T04:50:00.000,DSNY,Derelict Vehicles,QUEENS,Closed
63585013,2025-01-01T01:05:01.000,2025-01-02T17:02:39.000,NYPD,Noise - Residential,BRONX,Closed
63575639,2025-01-01T01:05:14.000,2025-01-01T01:19:07.000,NYPD,Noise - Commercial,QUEENS,Closed
63585487,2025-01-01T01:05:38.000,2025-01-01T01:33:41.000,NYPD,Illegal Parking,BRONX,Closed
63585190,2025-01-01T01:05:39.000,2025-01-02T17:05:54.000,NYPD,Noise - Residential,BRONX,Closed
63572748,2025-01-01T01:05:43.000,2025-01-01T01:16:32.000,NYPD,Noise - Street/Sidewalk,QUEENS,Closed
63582666,2025-01-01T01:05:43.000,2025-01-01T01:07:42.000,NYPD,Noise - Residential,QUEENS,Closed
63577158,2025-01-01T01:05:47.000,2025-01-01T18:54:48.000,NYPD,Blocked Driveway,BRONX,Closed
63580703,2025-01-01T01:05:49.000,2025-01-01T01:30:59.000,NYPD,Noise - Residential,BRONX,Closed
63582532,2025-01-01T01:05:54.000,2025-01-01T01:32:39.000,NYPD,Noise - Residential,BROOKLYN,Closed
63574687,2025-01-01T01:05:57.000,2025-01-01T14:34:10.000,NYPD,Noise - Residential,MANHATTAN,Closed
63579065,2025-01-01T01:06:15.000,2025-01-01T01:49:13.000,NYPD,Noise - Residential,MANHATTAN,Closed
63574837,2025-01-01T01:06:17.000,2025-01-02T17:03:45.000,NYPD,Noise - Residential,BRONX,Closed
63578999,2025-01-01T01:06:28.000,2025-01-01T01:19:59.000,NYPD,Illegal Fireworks,QUEENS,Closed
63574214,2025-01-01T01:06:29.000,2025-01-01T01:11:54.000,NYPD,Noise - Residential,MANHATTAN,Closed
63572795,2025-01-01T01:06:46.000,2025-01-01T01:37:02.000,NYPD,Noise - Street/Sidewalk,BROOKLYN,Closed
63578646,2025-01-01T01:06:49.000,2025-01-01T01:41:30.000,NYPD,Illegal Parking,BROOKLYN,Closed
63581767,2025-01-01T01:06:55.000,2025-01-02T17:09:59.000,NYPD,Noise - Residential,BRONX,Closed
63591575,2025-01-01T01:07:00.000,2025-01-01T03:30:00.000,DOT,Traffic Signal Condition,BROOKLYN,Closed
63592845,2025-01-01T01:07:00.000,2025-01-01T03:25:00.000,DOT,Traffic Signal Condition,QUEENS,Closed
63577459,2025-01-01T01:07:03.000,2025-01-01T01:48:06.000,NYPD,Noise - Residential,QUEENS,Closed
63574391,2025-01-01T01:07:16.000,2025-01-01T01:36:50.000,NYPD,Noise - Street/Sidewalk,BROOKLYN,Closed
63583012,2025-01-01T01:07:17.000,2025-01-01T02:23:35.000,NYPD,Illegal Parking,QUEENS,Closed
63579443,2025-01-01T01:07:24.000,2025-01-01T01:19:42.000,NYPD,Noise - Residential,QUEENS,Closed
63574724,2025-01-01T01:07:33.000,2025-01-02T17:09:57.000,NYPD,Noise - Residential,BRONX,Closed
63574294,2025-01-01T01:07:38.000,2025-01-01T01:14:59.000,NYPD,Noise - Street/Sidewalk,STATEN ISLAND,Closed
63583403,2025-01-01T01:07:43.000,2025-01-01T01:54:46.000,NYPD,Noise - Residential,BROOKLYN,Closed
63582268,2025-01-01T01:07:48.000,2025-01-01T02:11:39.000,NYPD,Blocked Driveway,QUEENS,Closed
63580779,2025-01-01T01:07:55.000,2025-01-01T01:09:02.000,NYPD,Noise - Residential,QUEENS,Closed
63579121,2025-01-01T01:08:04.000,2025-01-01T01:30:45.000,NYPD,Noise - Residential,QUEENS,Closed
63572582,2025-01-01T01:08:10.000,2025-01-01T01:32:52.000,NYPD,Noise - Residential,BROOKLYN,Closed
63583386,2025-01-01T01:08:11.000,2025-01-02T17:05:55.000,NYPD,Noise - Residential,BRONX,Closed
63579255,2025-01-01T01:08:21.000,2025-01-01T01:25:06.000,NYPD,Noise - Residential,QUEENS,Closed
63576904,2025-01-01T01:08:22.000,2025-01-01T01:36:46.000,NYPD,Illegal Parking,QUEENS,Closed
63579316,2025-01-01T01:08:35.000,2025-01-01T01:10:10.000,NYPD,Noise - Street/Sidewalk,BROOKLYN,Closed
63575982,2025-01-01T01:08:49.000,2025-01-01T01:24:00.000,NYPD,Noise - Street/Sidewalk,BROOKLYN,Closed
63584938,2025-01-01T01:08:49.000,2025-01-02T17:05:55.000,NYPD,Noise - Residential,BRONX,Closed
63594649,2025-01-01T01:09:00.000,2025-01-11T10:55:00.000,DOT,Street Light Condition,STATEN ISLAND,Closed
63578777,2025-01-01T01:09:21.000,2025-01-01T02:32:31.000,NYPD,Blocked Driveway,STATEN ISLAND,Closed
63572763,2025-01-01T01:09:23.000,2025-01-01T01:28:14.000,NYPD,Noise - Street/Sidewalk,QUEENS,Closed
63573234,2025-01-01T01:09:28.000,2025-01-02T17:08:21.000,NYPD,Noise - Residential,BRONX,Closed
63578301,2025-01-01T01:09:29.000,2025-01-01T01:56:41.000,NYPD,Noise - Residential,BROOKLYN,Closed
63579286,2025-01-01T01:09:33.000,2025-01-01T01:41:39.000,NYPD,Noise - Residential,QUEENS,Closed
63580849,2025-01-01T01:09:44.000,2025-01-01T01:38:22.000,NYPD,Noise - Residential,MANHATTAN,Closed
63576300,2025-01-01T01:09:49.000,2025-01-01T02:11:57.000,NYPD,Illegal Parking,QUEENS,Closed
63585073,2025-01-01T01:10:02.000,2025-01-01T02:00:41.000,NYPD,Noise - Residential,QUEENS,Closed
63585240,2025-01-01T01:10:05.000,2025-01-02T17:09:53.000,NYPD,Noise - Residential,BRONX,Closed
63575791,2025-01-01T01:10:13.000,2025-01-01T01:41:20.000,NYPD,Noise - Residential,BRONX,Closed
63577583,2025-01-01T01:10:16.000,2025-01-01T01:11:23.000,NYPD,Noise - Residential,MANHATTAN,Closed
63585484,2025-01-01T01:10:42.000,2025-01-01T01:38:25.000,NYPD,Noise - Vehicle,BROOKLYN,Closed
63577968,2025-01-01T01:10:44.000,2025-01-02T17:04:04.000,NYPD,Noise - Residential,BRONX,Closed
63582584,2025-01-01T01:10:58.000,2025-01-01T01:43:53.000,NYPD,Noise - Residential,BROOKLYN,Closed
63572458,2025-01-01T01:11:03.000,2025-01-01T01:30:11.000,NYPD,Noise - Residential,QUEENS,Closed
63579380,2025-01-01T01:11:08.000,2025-01-01T01:42:19.000,NYPD,Noise - Residential,BROOKLYN,Closed
63582210,2025-01-01T01:11:11.000,2025-01-01T04:11:31.000,NYPD,Blocked Driveway,BROOKLYN,Closed
63579912,2025-01-01T01:11:11.000,2025-01-01T01:53:45.000,NYPD,Noise - Residential,BROOKLYN,Closed
63579793,2025-01-01T01:11:22.000,2025-01-02T17:05:54.000,NYPD,Noise - Residential,BRONX,Closed
63583777,2025-01-01T01:11:22.000,2025-01-01T01:41:18.000,NYPD,Illegal Parking,BROOKLYN,Closed
63580243,2025-01-01T01:11:30.000,2025-01-01T01:32:58.000,NYPD,Illegal Parking,BRONX,Closed
63585153,2025-01-01T01:11:39.000,2025-01-01T02:08:06.000,NYPD,Noise - Residential,MANHATTAN,Closed
63574530,2025-01-01T01:11:45.000,2025-01-01T02:31:54.000,NYPD,Noise - Residential,BROOKLYN,Closed
63585076,2025-01-01T01:12:00.000,2025-01-02T17:03:50.000,NYPD,Noise - Residential,BRONX,Closed
63584306,2025-01-01T01:12:03.000,2025-01-01T01:13:04.000,NYPD,Noise - Residential,BRONX,Closed
63575834,2025-01-01T01:12:17.000,2025-01-01T01:30:29.000,NYPD,Noise - Street/Sidewalk,QUEENS,Closed
63584331,2025-01-01T01:12:25.000,2025-01-01T01:38:41.000,NYPD,Noise - Residential,BROOKLYN,Closed
63572131,2025-01-01T01:12:27.000,2025-01-01T04:37:23.000,NYPD,Blocked Driveway,BROOKLYN,Closed
63573137,2025-01-01T01:12:27.000,2025-01-01T02:05:52.000,NYPD,Noise - Residential,QUEENS,Closed
63576333,2025-01-01T01:12:38.000,2025-01-02T17:07:30.000,NYPD,Noise - Residential,BRONX,Closed
63582516,2025-01-01T01:12:47.000,2025-01-01T01:44:59.000,NYPD,Illegal Fireworks,BROOKLYN,Closed
63572889,2025-01-01T01:12:48.000,2025-01-01T01:57:11.000,NYPD,Illegal Parking,BROOKLYN,Closed
63572702,2025-01-01T01:12:52.000,2025-01-01T01:20:38.000,NYPD,Noise - Residential,QUEENS,Closed
63574264,2025-01-01T01:13:04.000,2025-01-01T01:28:00.000,NYPD,Noise - Residential,BROOKLYN,Closed
63578978,2025-01-01T01:13:04.000,2025-01-01T01:34:51.000,NYPD,Blocked Driveway,QUEENS,Closed
63576231,2025-01-01T01:13:16.000,2025-01-02T17:02:39.000,NYPD,Noise - Residential,BRONX,Closed
63582161,2025-01-01T01:13:17.000,2025-01-01T02:18:43.000,NYPD,Blocked Driveway,QUEENS,Closed
63582509,2025-01-01T01:13:39.000,2025-01-01T01:29:55.000,NYPD,Noise - Residential,QUEENS,Closed
63581521,2025-01-01T01:13:43.000,2025-01-01T02:46:33.000,NYPD,Noise - Residential,BROOKLYN,Closed
63583088,2025-01-01T01:13:49.000,2025-01-01T02:08:42.000,NYPD,Noise - Residential,BRONX,Closed
63576398,2025-01-01T01:13:54.000,2025-01-02T17:05:54.000,NYPD,Noise - Residential,BRONX,Closed
63593120,2025-01-01T01:14:00.000,2025-01-08T03:00:00.000,DEP,Noise,BROOKLYN,Closed
63575136,2025-01-01T01:14:13.000,2025-01-01T01:34:38.000,NYPD,Illegal Parking,BROOKLYN,Closed
63576799,2025-01-01T01:14:18.000,2025-01-01T01:34:33.000,NYPD,Illegal Parking,QUEENS,Closed
63574957,2025-01-01T01:14:24.000,2025-01-01T04:02:38.000,NYPD,Noise - Residential,MANHATTAN,Closed
63573823,2025-01-01T01:14:26.000,2025-01-01T01:44:29.000,NYPD,Blocked Driveway,QUEENS,Closed
63572113,2025-01-01T01:14:30.000,2025-01-01T04:38:47.000,NYPD,Blocked Driveway,BROOKLYN,Closed
63581693,2025-01-01T01:14:32.000,2025-01-02T17:07:28.000,NYPD,Noise - Residential,BRONX,Closed
63584788,2025-01-01T01:14:39.000,2025-01-01T02:20:21.000,NYPD,Noise - Residential,BROOKLYN,Closed
63579318,2025-01-01T01:14:41.000,2025-01-01T01:33:29.000,NYPD,Noise - Vehicle,BRONX,Closed
63579943,2025-01-01T01:14:42.000,2025-01-01T09:31:31.000,NYPD,Illegal Parking,BRONX,Closed
63573249,2025-01-01T01:14:43.000,2025-01-01T02:14:23.000,NYPD,Noise - Street/Sidewalk,MANHATTAN,Closed
63580653,2025-01-01T01:15:07.000,2025-01-01T01:28:37.000,NYPD,Noise - Commercial,QUEENS,Closed
63574747,2025-01-01T01:15:10.000,2025-01-02T17:08:13.000,NYPD,Noise - Residential,BRONX,Closed
63583316,2025-01-01T01:15:13.000,2025-01-01T05:00:27.000,NYPD,Noise - Residential,BRONX,Closed
63577400,2025-01-01T01:15:24.000,2025-01-01T01:33:19.000,NYPD,Noise - Residential,BRONX,Closed
63576236,2025-01-01T01:15:31.000,2025-01-01T02:12:13.000,NYPD,Noise - Street/Sidewalk,QUEENS,Closed
63579785,2025-01-01T01:15:34.000,2025-01-13T07:28:57.000,DSNY,Illegal Dumping,MANHATTAN,Closed
63576537,2025-01-01T01:15:45.000,2025-01-01T02:04:32.000,NYPD,Noise - Residential,BROOKLYN,Closed
63583382,2025-01-01T01:15:49.000,2025-01-02T17:03:44.000,NYPD,Noise - Residential,BRONX,Closed
63574784,2025-01-01T01:15:52.000,2025-01-01T03:17:55.000,NYPD,Illegal Parking,BRONX,Closed
63581106,2025-01-01T01:16:00.000,2025-01-01T01:33:01.000,NYPD,Noise - Street/Sidewalk,BROOKLYN,Closed
63576483,2025-01-01T01:16:10.000,2025-01-01T02:04:31.000,NYPD,Noise - Residential,BROOKLYN,Closed
63580086,2025-01-01T01:16:27.000,2025-01-02T17:02:39.000,NYPD,Noise - Residential,BRONX,Closed
63583846,2025-01-01T01:16:45.000,2025-01-01T02:21:28.000,NYPD,Blocked Driveway,QUEENS,Closed
63581024,2025-01-01T01:16:50.000,2025-01-01T01:36:22.000,NYPD,Noise - Residential,QUEENS,Closed
63591542,2025-01-01T01:17:00.000,2025-01-01T03:15:00.000,DOT,Traffic Signal Condition,BRONX,Closed
63595225,2025-01-01T01:17:00.000,2025-01-01T07:00:00.000,DOT,Traffic Signal Condition,BROOKLYN,Closed
63575685,2025-01-01T01:17:04.000,2025-01-01T01:31:42.000,NYPD,Illegal Fireworks,BROOKLYN,Closed
63573036,2025-01-01T01:17:06.000,2025-01-02T17:07:28.000,NYPD,Noise - Residential,BRONX,Closed
63576552,2025-01-01T01:17:13.000,2025-01-01T02:23:29.000,NYPD,Noise - Residential,MANHATTAN,Closed
63575576,2025-01-01T01:17:13.000,2025-01-01T01:37:57.000,NYPD,Noise - Residential,BROOKLYN,Closed
63575775,2025-01-01T01:17:14.000,2025-01-01T01:51:14.000,NYPD,Noise - Residential,BRONX,Closed
63575817,2025-01-01T01:17:17.000,2025-01-01T01:34:48.000,NYPD,Noise - Residential,BROOKLYN,Closed
63573074,2025-01-01T01:17:25.000,2025-01-01T02:01:15.000,NYPD,Noise - Residential,BROOKLYN,Closed
63578038,2025-01-01T01:17:31.000,2025-01-01T01:57:11.000,NYPD,Noise - Residential,QUEENS,Closed
63576549,2025-01-01T01:17:41.000,2025-01-01T01:57:23.000,NYPD,Noise - Residential,QUEENS,Closed
63573024,2025-01-01T01:17:43.000,2025-01-02T17:07:32.000,NYPD,Noise - Residential,BRONX,Closed
63572364,2025-01-01T01:17:47.000,2025-01-01T01:36:22.000,NYPD,Noise - Commercial,QUEENS,Closed
63579756,2025-01-01T01:17:54.000,2025-01-01T02:20:15.000,NYPD,Noise - Residential,QUEENS,Closed
63579402,2025-01-01T01:18:01.000,2025-01-01T01:49:52.000,NYPD,Noise - Residential,MANHATTAN,Closed
63575694,2025-01-01T01:18:11.000,2025-01-01T01:31:04.000,NYPD,Noise - Residential,QUEENS,Closed
63585009,2025-01-01T01:18:21.000,2025-01-02T17:09:54.000,NYPD,Noise - Residential,BRONX,Closed
63583379,2025-01-01T01:18:22.000,2025-01-01T02:39:28.000,NYPD,Noise - Residential,BROOKLYN,Closed
63575455,2025-01-01T01:18:31.000,2025-01-01T02:21:12.000,NYPD,Blocked Driveway,QUEENS,Closed
63574257,2025-01-01T01:18:37.000,2025-01-01T01:45:42.000,NYPD,Noise - Residential,QUEENS,Closed
63577145,2025-01-01T01:18:46.000,2025-01-01T03:33:02.000,NYPD,Blocked Driveway,QUEENS,Closed
63584257,2025-01-01T01:18:50.000,2025-01-01T01:40:03.000,NYPD,Noise - Residential,QUEENS,Closed
63579849,2025-01-01T01:18:53.000,2025-01-01T02:33:51.000,NYPD,Noise - Commercial,MANHATTAN,Closed
63575524,2025-01-01T01:18:56.000,2025-01-01T01:38:44.000,NYPD,Illegal Fireworks,BROOKLYN,Closed
63576011,2025-01-01T01:18:56.000,2025-01-01T01:35:09.000,NYPD,Noise - Residential,STATEN ISLAND,Closed
63578255,2025-01-01T01:18:59.000,2025-01-02T17:08:19.000,NYPD,Noise - Residential,BRONX,Closed
63574265,2025-01-01T01:19:05.000,2025-01-01T01:41:50.000,NYPD,Noise - Residential,QUEENS,Closed
63575377,2025-01-01T01:19:10.000,2025-01-01T08:11:38.000,NYPD,Blocked Driveway,MANHATTAN,Closed
63577909,2025-01-01T01:19:14.000,2025-01-01T02:11:50.000,NYPD,Illegal Parking,QUEENS,Closed
63574519,2025-01-01T01:19:16.000,2025-01-01T03:38:41.000,NYPD,Illegal Parking,QUEENS,Closed
63585104,2025-01-01T01:19:23.000,2025-01-01T05:07:57.000,NYPD,Illegal Parking,BROOKLYN,Closed
63576411,2025-01-01T01:19:37.000,2025-01-02T17:08:20.000,NYPD,Noise - Residential,BRONX,Closed
63574395,2025-01-01T01:19:39.000,2025-01-01T01:30:28.000,NYPD,Noise - Vehicle,BROOKLYN,Closed
63573079,2025-01-01T01:19:51.000,2025-01-01T02:09:53.000,NYPD,Noise - Residential,MANHATTAN,Closed
63578637,2025-01-01T01:19:51.000,2025-01-01T01:34:48.000,NYPD,Illegal Parking,BROOKLYN,Closed
63577271,2025-01-01T01:19:52.000,2025-01-01T01:29:00.000,NYPD,Noise - Commercial,BROOKLYN,Closed
63584028,2025-01-01T01:20:16.000,2025-01-01T01:37:24.000,NYPD,Illegal Fireworks,BRONX,Closed
63581981,2025-01-01T01:20:16.000,2025-01-01T01:49:14.000,NYPD,Illegal Parking,QUEENS,Closed
63581731,2025-01-01T01:20:16.000,2025-01-02T17:08:15.000,NYPD,Noise - Residential,BRONX,Closed
63573208,2025-01-01T01:20:33.000,2025-01-01T01:54:48.000,NYPD,Noise - Residential,MANHATTAN,Closed
63584538,2025-01-01T01:20:33.000,2025-01-01T01:29:54.000,NYPD,Noise - Street/Sidewalk,BROOKLYN,Closed
63574376,2025-01-01T01:20:36.000,2025-01-01T01:33:55.000,NYPD,Noise - Street/Sidewalk,MANHATTAN,Closed
63582679,2025-01-01T01:20:36.000,2025-01-01T01:42:35.000,NYPD,Noise - Residential,QUEENS,Closed
63585167,2025-01-01T01:20:39.000,2025-01-01T01:51:40.000,NYPD,Noise - Street/Sidewalk,MANHATTAN,Closed
63575778,2025-01-01T01:20:43.000,2025-01-01T01:31:24.000,NYPD,Noise - Residential,QUEENS,Closed
63572905,2025-01-01T01:20:44.000,2025-01-01T02:21:35.000,NYPD,Noise - Commercial,QUEENS,Closed
63584234,2025-01-01T01:20:49.000,2025-01-01T01:38:53.000,NYPD,Illegal Fireworks,BROOKLYN,Closed
63572115,2025-01-01T01:20:52.000,2025-01-01T02:21:14.000,NYPD,Blocked Driveway,QUEENS,Closed
63584119,2025-01-01T01:20:52.000,2025-01-01T01:29:05.000,NYPD,Noise - Commercial,BROOKLYN,Closed
63576155,2025-01-01T01:20:54.000,2025-01-01T05:49:16.000,NYPD,Illegal Parking,BROOKLYN,Closed
63573228,2025-01-01T01:20:54.000,2025-01-02T17:02:39.000,NYPD,Noise - Residential,BRONX,Closed
63574033,2025-01-01T01:20:59.000,2025-01-01T01:41:47.000,NYPD,Noise - Commercial,BROOKLYN,Closed
63583476,2025-01-01T01:21:00.000,2025-01-02T22:17:41.000,DSNY,Residential Disposal Complaint,BROOKLYN,Closed
63582500,2025-01-01T01:21:05.000,2025-01-01T01:49:07.000,NYPD,Noise - Residential,MANHATTAN,Closed
63577991,2025-01-01T01:21:23.000,2025-01-01T02:55:14.000,NYPD,Noise - Residential,BRONX,Closed
63577418,2025-01-01T01:21:25.000,2025-01-01T01:41:05.000,NYPD,Noise - Residential,BROOKLYN,Closed
63579761,2025-01-01T01:21:27.000,2025-01-01T02:32:14.000,NYPD,Noise - Residential,BROOKLYN,Closed
63574857,2025-01-01T01:21:32.000,2025-01-02T17:03:50.000,NYPD,Noise - Residential,BRONX,Closed
63577160,2025-01-01T01:21:40.000,2025-01-01T04:00:05.000,NYPD,Blocked Driveway,QUEENS,Closed
63573232,2025-01-01T01:21:43.000,2025-01-01T02:02:12.000,NYPD,Noise - Street/Sidewalk,BROOKLYN,Closed
63574917,2025-01-01T01:21:48.000,2025-01-01T02:07:35.000,NYPD,Noise - Residential,BROOKLYN,Closed
63572945,2025-01-01T01:22:08.000,2025-01-01T02:54:52.000,NYPD,Noise - Residential,BRONX,Closed
63581610,2025-01-01T01:22:10.000,2025-01-02T17:02:39.000,NYPD,Noise - Residential,BRONX,Closed
63572751,2025-01-01T01:22:22.000,2025-01-01T01:34:25.000,NYPD,Noise - Vehicle,BROOKLYN,Closed
63574107,2025-01-01T01:22:24.000,2025-01-01T01:28:51.000,NYPD,Noise - Residential,QUEENS,Closed
63579396,2025-01-01T01:22:36.000,2025-01-01T01:43:52.000,NYPD,Noise - Street/Sidewalk,QUEENS,Closed
63581609,2025-01-01T01:22:48.000,2025-01-02T17:02:39.000,NYPD,Noise - Residential,BRONX,Closed
63577910,2025-01-01T01:22:51.000,2025-01-01T02:59:30.000,NYPD,Illegal Parking,BROOKLYN,Closed
63578141,2025-01-01T01:23:02.000,2025-01-01T02:23:48.000,NYPD,Illegal Parking,BRONX,Closed
63573378,2025-01-01T01:23:05.000,2025-01-01T01:48:18.000,NYPD,Illegal Parking,BROOKLYN,Closed
63574382,2025-01-01T01:23:14.000,2025-01-01T01:32:46.000,NYPD,Noise - Street/Sidewalk,STATEN ISLAND,Closed
63581597,2025-01-01T01:23:26.000,2025-01-02T17:02:41.000,NYPD,Noise - Residential,BRONX,Closed
63579401,2025-01-01T01:23:28.000,2025-01-01T01:40:30.000,NYPD,Noise - Residential,BROOKLYN,Closed
63572662,2025-01-01T01:23:31.000,2025-01-01T01:28:54.000,NYPD,Noise - Residential,BROOKLYN,Closed
63577722,2025-01-01T01:23:35.000,2025-01-01T01:32:23.000,NYPD,Noise - Vehicle,BROOKLYN,Closed
63574371,2025-01-01T01:23:37.000,2025-01-01T01:31:02.000,NYPD,Noise - Street/Sidewalk,QUEENS,Closed
63572903,2025-01-01T01:23:38.000,2025-01-01T08:46:20.000,NYPD,Illegal Parking,BROOKLYN,Closed
63578873,2025-01-01T01:23:40.000,2025-01-01T23:31:48.000,NYPD,Blocked Driveway,BRONX,Closed
63578091,2025-01-01T01:23:46.000,2025-01-01T02:29:23.000,NYPD,Noise - Residential,BRONX,Closed
63575376,2025-01-01T01:23:51.000,2025-01-01T04:38:03.000,NYPD,Blocked Driveway,BROOKLYN,Closed
63578022,2025-01-01T01:23:54.000,2025-01-01T01:55:19.000,NYPD,Noise - Residential,MANHATTAN,Closed
63581103,2025-01-01T01:24:02.000,2025-01-01T01:45:04.000,NYPD,Noise - Street/Sidewalk,BROOKLYN,Closed
63581487,2025-01-01T01:24:02.000,2025-01-01T02:54:34.000,NYPD,Noise - Residential,BRONX,Closed
63581494,2025-01-01T01:24:04.000,2025-01-02T17:05:56.000,NYPD,Noise - Residential,BRONX,Closed
63578872,2025-01-01T01:24:04.000,2025-01-01T02:02:37.000,NYPD,Blocked Driveway,QUEENS,Closed
63579610,2025-01-01T01:24:14.000,2025-01-01T02:31:50.000,NYPD,Illegal Parking,QUEENS,Closed
63573308,2025-01-01T01:24:20.000,2025-01-01T02:05:31.000,NYPD,Noise - Residential,QUEENS,Closed
63577885,2025-01-01T01:24:24.000,2025-01-01T02:09:35.000,NYPD,Illegal Parking,MANHATTAN,Closed
63577967,2025-01-01T01:24:42.000,2025-01-02T17:03:55.000,NYPD,Noise - Residential,BRONX,Closed
63582209,2025-01-01T01:24:43.000,2025-01-01T01:52:32.000,NYPD,Blocked Driveway,QUEENS,Closed
63583272,2025-01-01T01:24:47.000,2025-01-01T02:58:51.000,NYPD,Noise - Street/Sidewalk,QUEENS,Closed
63581766,2025-01-01T01:24:56.000,2025-01-01T06:05:30.000,NYPD,Noise - Residential,BROOKLYN,Closed
63578104,2025-01-01T01:24:59.000,2025-01-01T03:04:22.000,NYPD,Noise - Street/Sidewalk,BROOKLYN,Closed
63579040,2025-01-01T01:25:03.000,2025-01-01T01:41:33.000,NYPD,Noise - Residential,BROOKLYN,Closed
63573060,2025-01-01T01:25:03.000,2025-01-01T02:40:20.000,NYPD,Noise - Residential,BROOKLYN,Closed
63583248,2025-01-01T01:25:11.000,2025-01-01T02:39:04.000,NYPD,Noise - Residential,MANHATTAN,Closed
63580085,2025-01-01T01:25:18.000,2025-01-01T02:29:26.000,NYPD,Noise - Residential,BRONX,Closed
63583381,2025-01-01T01:25:21.000,2025-01-02T17:03:49.000,NYPD,Noise - Residential,BRONX,Closed
63581095,2025-01-01T01:25:31.000,2025-01-01T01:46:46.000,NYPD,Noise - Residential,QUEENS,Closed
63572904,2025-01-01T01:25:44.000,2025-01-01T02:19:00.000,NYPD,Illegal Parking,MANHATTAN,Closed
63581405,2025-01-01T01:25:56.000,2025-01-01T01:52:44.000,NYPD,Illegal Parking,BROOKLYN,Closed
63585146,2025-01-01T01:25:59.000,2025-01-02T17:02:39.000,NYPD,Noise - Residential,BRONX,Closed
63591679,2025-01-01T01:26:00.000,2025-01-01T08:40:00.000,DOT,Traffic Signal Condition,BROOKLYN,Closed
63576293,2025-01-01T01:26:28.000,2025-01-01T02:36:45.000,NYPD,Noise - Residential,MANHATTAN,Closed
63581385,2025-01-01T01:26:28.000,2025-01-01T02:41:45.000,NYPD,Noise - Commercial,MANHATTAN,Closed
63578099,2025-01-01T01:26:37.000,2025-01-02T17:09:57.000,NYPD,Noise - Residential,BRONX,Closed
63581392,2025-01-01T01:26:40.000,2025-01-01T02:08:08.000,NYPD,Noise - Residential,QUEENS,Closed
63577887,2025-01-01T01:26:43.000,2025-01-01T02:18:38.000,NYPD,Illegal Parking,MANHATTAN,Closed
63575629,2025-01-01T01:26:50.000,2025-01-01T01:31:24.000,NYPD,Illegal Fireworks,BROOKLYN,Closed
63577433,2025-01-01T01:26:54.000,2025-01-01T01:41:36.000,NYPD,Noise - Commercial,STATEN ISLAND,Closed
63583477,2025-01-01T01:26:58.000,2025-01-01T05:01:04.000,NYPD,Noise - Residential,BRONX,Closed
63575361,2025-01-01T01:26:59.000,2025-01-01T01:26:59.000,DOHMH,Rodent,BRONX,Closed
63581391,2025-01-01T01:27:02.000,2025-01-01T02:48:35.000,NYPD,Noise - Park,QUEENS,Closed
63578468,2025-01-01T01:27:08.000,2025-01-01T01:57:44.000,NYPD,Illegal Parking,BRONX,Closed
63573061,2025-01-01T01:27:15.000,2025-01-02T17:03:51.000,NYPD,Noise - Residential,BRONX,Closed
63581384,2025-01-01T01:27:16.000,2025-01-01T02:02:52.000,NYPD,Noise - Commercial,MANHATTAN,Closed
63580656,2025-01-01T01:27:37.000,2025-01-01T01:47:42.000,NYPD,Noise - Commercial,MANHATTAN,Closed
63574621,2025-01-01T01:27:40.000,2025-01-01T01:54:43.000,NYPD,Noise - Commercial,BROOKLYN,Closed
63579220,2025-01-01T01:27:40.000,2025-01-01T01:46:01.000,NYPD,Noise - Residential,MANHATTAN,Closed
63584237,2025-01-01T01:27:41.000,2025-01-01T01:38:17.000,NYPD,Illegal Fireworks,MANHATTAN,Closed
63574958,2025-01-01T01:27:53.000,2025-01-02T17:09:58.000,NYPD,Noise - Residential,BRONX,Closed
63573278,2025-01-01T01:28:00.000,2025-01-01T02:30:25.000,NYPD,Noise - Residential,MANHATTAN,Closed
63574911,2025-01-01T01:28:07.000,2025-01-01T04:20:32.000,NYPD,Noise - Residential,BROOKLYN,Closed
63578221,2025-01-01T01:28:16.000,2025-01-01T01:53:21.000,NYPD,Illegal Parking,BROOKLYN,Closed
63583285,2025-01-01T01:28:19.000,2025-01-01T02:20:33.000,NYPD,Illegal Fireworks,QUEENS,Closed
63582324,2025-01-01T01:28:21.000,2025-01-01T01:43:19.000,NYPD,Blocked Driveway,QUEENS,Closed
63575150,2025-01-01T01:28:24.000,2025-01-01T01:44:55.000,NYPD,Illegal Parking,QUEENS,Closed
63574835,2025-01-01T01:28:27.000,2025-01-01T01:53:01.000,NYPD,Noise - Residential,MANHATTAN,Closed
63585354,2025-01-01T01:28:29.000,2025-01-01T01:44:15.000,NYPD,Illegal Parking,BRONX,Closed
63581038,2025-01-01T01:28:29.000,2025-01-01T01:39:04.000,NYPD,Noise - Residential,QUEENS,Closed
63579856,2025-01-01T01:28:31.000,2025-01-02T17:09:54.000,NYPD,Noise - Residential,BRONX,Closed
63584496,2025-01-01T01:28:36.000,2025-01-01T01:47:12.000,NYPD,Noise - Residential,QUEENS,Closed
63579026,2025-01-01T01:28:51.000,2025-01-01T01:38:48.000,NYPD,Noise - Commercial,QUEENS,Closed
63585014,2025-01-01T01:28:52.000,2025-01-01T02:43:10.000,NYPD,Noise - Residential,MANHATTAN,Closed
63576258,2025-01-01T01:29:00.000,2025-01-02T15:06:18.000,DSNY,Illegal Dumping,BROOKLYN,Closed
63581770,2025-01-01T01:29:03.000,2025-01-01T01:53:55.000,NYPD,Noise - Residential,MANHATTAN,Closed
63574312,2025-01-01T01:29:05.000,2025-01-01T01:45:05.000,NYPD,Noise - Residential,BROOKLYN,Closed
63581541,2025-01-01T01:29:09.000,2025-01-02T17:11:28.000,NYPD,Noise - Residential,BRONX,Closed
63584080,2025-01-01T01:29:14.000,2025-01-01T01:47:18.000,NYPD,Noise - Residential,BRONX,Closed
63574169,2025-01-01T01:29:26.000,2025-01-01T01:41:46.000,NYPD,Noise - Residential,QUEENS,Closed
63573808,2025-01-01T01:29:39.000,2025-01-01T01:58:06.000,NYPD,Blocked Driveway,BROOKLYN,Closed
63579915,2025-01-01T01:29:42.000,2025-01-01T02:01:57.000,NYPD,Noise - Residential,MANHATTAN,Closed
63585121,2025-01-01T01:29:43.000,2025-01-01T04:20:12.000,NYPD,Noise - Residential,BROOKLYN,Closed
63573096,2025-01-01T01:29:48.000,2025-01-02T17:03:50.000,NYPD,Noise - Residential,BRONX,Closed
63583470,2025-01-01T01:30:18.000,2025-01-01T02:01:42.000,NYPD,Noise - Street/Sidewalk,QUEENS,Closed
63579914,2025-01-01T01:30:26.000,2025-01-02T17:03:45.000,NYPD,Noise - Residential,BRONX,Closed
63576019,2025-01-01T01:30:53.000,2025-01-01T01:37:56.000,NYPD,Noise - Street/Sidewalk,MANHATTAN,Closed
63581953,2025-01-01T01:31:00.000,2025-01-01T01:49:12.000,NYPD,Illegal Parking,QUEENS,Closed
63591807,2025-01-01T01:31:26.000,2025-01-28T12:04:14.000,HPD,UNSANITARY CONDITION,BRONX,Closed
63595055,2025-01-01T01:31:26.000,2025-01-28T12:04:14.000,HPD,GENERAL,BRONX,Closed
63591363,2025-01-01T01:31:26.000,2025-01-28T12:04:14.000,HPD,ELECTRIC,BRONX,Closed
63583469,2025-01-01T01:31:55.000,2025-01-01T01:53:06.000,NYPD,Noise - Street/Sidewalk,MANHATTAN,Closed
63577972,2025-01-01T01:31:56.000,2025-01-02T17:03:44.000,NYPD,Noise - Residential,BRONX,Closed
63585874,2025-01-01T01:32:00.000,2025-01-02T09:45:00.000,DEP,Sewer,MANHATTAN,Closed
63579913,2025-01-01T01:32:02.000,2025-01-01T02:17:36.000,NYPD,Noise - Residential,QUEENS,Closed
63579747,2025-01-01T01:32:09.000,2025-01-01T03:18:13.000,NYPD,Noise - Residential,BRONX,Closed
63581357,2025-01-01T01:32:10.000,2025-01-01T02:40:32.000,NYPD,Illegal Fireworks,BRONX,Closed
63582595,2025-01-01T01:32:16.000,2025-01-01T01:45:07.000,NYPD,Noise - Residential,BROOKLYN,Closed
63573797,2025-01-01T01:32:21.000,2025-01-01T11:18:18.000,NYPD,Blocked Driveway,QUEENS,Closed
63584300,2025-01-01T01:32:23.000,2025-01-01T01:41:19.000,NYPD,Noise - Residential,QUEENS,Closed
63576208,2025-01-01T01:32:31.000,2025-01-01T04:19:51.000,NYPD,Noise - Residential,BROOKLYN,Closed
63595244,2025-01-01T01:32:49.000,2025-01-04T10:54:08.000,HPD,UNSANITARY CONDITION,BRONX,Closed
63584885,2025-01-01T01:32:54.000,2025-01-01T02:07:12.000,NYPD,Non-Emergency Police Matter,QUEENS,Closed
63583342,2025-01-01T01:32:58.000,2025-01-02T17:07:27.000,NYPD,Noise - Residential,BRONX,Closed
63584870,2025-01-01T01:33:01.000,2025-01-01T01:54:37.000,NYPD,Noise - Street/Sidewalk,QUEENS,Closed
63581588,2025-01-01T01:33:01.000,2025-01-01T03:59:24.000,NYPD,Noise - Residential,BRONX,Closed
63580504,2025-01-01T01:33:11.000,2025-01-01T02:05:00.000,NYPD,Blocked Driveway,QUEENS,Closed
63579910,2025-01-01T01:33:19.000,2025-01-01T01:58:52.000,NYPD,Noise - Residential,BROOKLYN,Closed
63578952,2025-01-01T01:33:26.000,2025-01-01T01:44:59.000,NYPD,Blocked Driveway,QUEENS,Closed
63572901,2025-01-01T01:33:33.000,2025-01-01T02:05:08.000,NYPD,Noise - Commercial,BROOKLYN,Closed
63574876,2025-01-01T01:33:36.000,2025-01-02T17:05:56.000,NYPD,Noise - Residential,BRONX,Closed
63584435,2025-01-01T01:33:42.000,2025-01-01T01:50:39.000,NYPD,Noise - Residential,QUEENS,Closed
63574869,2025-01-01T01:33:48.000,2025-01-01T02:08:04.000,NYPD,Noise - Street/Sidewalk,BROOKLYN,Closed
63576556,2025-01-01T01:33:49.000,2025-03-04T09:36:54.000,TLC,Taxi Complaint,MANHATTAN,Closed
63593991,2025-01-01T01:33:51.000,2025-01-02T13:20:44.000,HPD,HEAT/HOT WATER,BRONX,Closed
63580019,2025-01-01T01:33:53.000,2025-01-01T02:09:41.000,NYPD,Noise - Residential,MANHATTAN,Closed
63584457,2025-01-01T01:34:07.000,2025-01-01T01:42:25.000,NYPD,Noise - Residential,QUEENS,Closed
63576578,2025-01-01T01:34:14.000,2025-01-02T17:08:18.000,NYPD,Noise - Residential,BRONX,Closed
63573979,2025-01-01T01:34:15.000,2025-01-01T01:45:19.000,NYPD,Illegal Fireworks,BROOKLYN,Closed
63579704,2025-01-01T01:34:21.000,2025-01-01T04:35:12.000,NYPD,Noise - Residential,BRONX,Closed
63582162,2025-01-01T01:34:44.000,2025-01-01T03:10:23.000,NYPD,Blocked Driveway,BROOKLYN,Closed
63579780,2025-01-01T01:34:52.000,2025-01-02T17:03:51.000,NYPD,Noise - Residential,BRONX,Closed
63572809,2025-01-01T01:34:53.000,2025-01-01T01:36:19.000,NYPD,Noise - Vehicle,BROOKLYN,Closed
63579292,2025-01-01T01:35:07.000,2025-01-01T01:39:54.000,NYPD,Noise - Residential,BROOKLYN,Closed
63579746,2025-01-01T01:35:21.000,2025-01-01T02:05:56.000,NYPD,Noise - Residential,BROOKLYN,Closed
63583377,2025-01-01T01:35:28.000,2025-01-01T02:12:45.000,NYPD,Noise - Residential,QUEENS,Closed
63573219,2025-01-01T01:35:31.000,2025-01-02T17:08:16.000,NYPD,Noise - Residential,BRONX,Closed
63582129,2025-01-01T01:35:39.000,2025-03-02T01:50:17.000,DOHMH,Smoking or Vaping,MANHATTAN,Closed
63576302,2025-01-01T01:35:45.000,2025-01-01T01:56:07.000,NYPD,Noise - Commercial,BROOKLYN,Closed
63583059,2025-01-01T01:35:52.000,2025-01-01T02:03:15.000,NYPD,Noise - Residential,MANHATTAN,Closed
63574787,2025-01-01T01:35:53.000,2025-01-01T02:11:42.000,NYPD,Noise - Commercial,MANHATTAN,Closed
63580310,2025-01-01T01:35:57.000,2025-01-01T01:39:27.000,NYPD,Noise - Residential,BROOKLYN,Closed
63585094,2025-01-01T01:36:01.000,2025-01-01T02:24:45.000,NYPD,Noise - Residential,MANHATTAN,Closed
63581507,2025-01-01T01:36:04.000,2025-01-01T06:06:58.000,NYPD,Noise - Residential,BROOKLYN,Closed
63572893,2025-01-01T01:36:08.000,2025-01-01T01:59:31.000,NYPD,Illegal Parking,MANHATTAN,Closed
63581729,2025-01-01T01:36:09.000,2025-01-02T17:08:20.000,NYPD,Noise - Residential,BRONX,Closed
63576550,2025-01-01T01:36:34.000,2025-01-01T01:53:21.000,NYPD,Noise - Residential,QUEENS,Closed
63583314,2025-01-01T01:36:37.000,2025-05-21T15:19:33.000,EDC,Noise - Helicopter,BROOKLYN,Closed
63579899,2025-01-01T01:36:41.000,2025-01-01T02:05:59.000,NYPD,Noise - Residential,QUEENS,Closed
63585239,2025-01-01T01:36:47.000,2025-01-02T17:02:39.000,NYPD,Noise - Residential,BRONX,Closed
63582495,2025-01-01T01:36:47.000,2025-01-01T01:49:21.000,NYPD,Noise - Residential,MANHATTAN,Closed
63573300,2025-01-01T01:36:48.000,2025-01-01T01:55:23.000,NYPD,Noise - Street/Sidewalk,BROOKLYN,Closed
63575988,2025-01-01T01:36:48.000,2025-01-01T01:37:15.000,NYPD,Noise - Street/Sidewalk,BROOKLYN,Closed
63579335,2025-01-01T01:36:48.000,2025-01-01T01:37:27.000,NYPD,Noise - Street/Sidewalk,BROOKLYN,Closed
63580093,2025-01-01T01:36:50.000,2025-01-01T01:52:11.000,NYPD,Noise - Street/Sidewalk,QUEENS,Closed
63577673,2025-01-01T01:36:50.000,2025-01-01T01:38:19.000,NYPD,Noise - Residential,QUEENS,Closed
63574908,2025-01-01T01:36:55.000,2025-01-01T02:02:23.000,NYPD,Noise - Residential,MANHATTAN,Closed
63580580,2025-01-01T01:36:57.000,2025-01-01T01:48:47.000,NYPD,Blocked Driveway,STATEN ISLAND,Closed
63576479,2025-01-01T01:37:03.000,2025-01-01T01:55:47.000,NYPD,Noise - Residential,MANHATTAN,Closed
63574870,2025-01-01T01:37:08.000,2025-01-01T02:29:47.000,NYPD,Noise - Street/Sidewalk,MANHATTAN,Closed
63574199,2025-01-01T01:37:17.000,2025-01-01T01:45:26.000,NYPD,Noise - Residential,BROOKLYN,Closed
63573261,2025-01-01T01:37:19.000,2025-01-01T06:06:55.000,NYPD,Noise - Residential,BROOKLYN,Closed
63582267,2025-01-01T01:37:23.000,2025-01-01T04:00:17.000,NYPD,Blocked Driveway,QUEENS,Closed
63574716,2025-01-01T01:37:26.000,2025-01-02T17:05:55.000,NYPD,Noise - Residential,BRONX,Closed
63574635,2025-01-01T01:37:30.000,2025-01-01T01:59:31.000,NYPD,Noise - Residential,QUEENS,Closed
63581340,2025-01-01T01:37:31.000,2025-01-01T01:58:56.000,NYPD,Noise - Residential,QUEENS,Closed
63582124,2025-01-01T01:37:39.000,2025-01-27T11:01:44.000,DCWP,Consumer Complaint,STATEN ISLAND,Closed
63581485,2025-01-01T01:37:48.000,2025-01-01T02:07:42.000,NYPD,Noise - Residential,QUEENS,Closed
63578645,2025-01-01T01:37:48.000,2025-01-01T01:41:12.000,NYPD,Illegal Parking,MANHATTAN,Closed
63583367,2025-01-01T01:38:03.000,2025-01-02T17:03:44.000,NYPD,Noise - Residential,BRONX,Closed
63573262,2025-01-01T01:38:10.000,2025-01-01T02:29:36.000,NYPD,Noise - Residential,QUEENS,Closed
63573229,2025-01-01T01:38:16.000,2025-01-01T02:32:33.000,NYPD,Noise - Residential,BROOKLYN,Closed
63577141,2025-01-01T01:38:17.000,2025-01-01T01:59:28.000,NYPD,Blocked Driveway,BROOKLYN,Closed
63584996,2025-01-01T01:38:18.000,2025-01-01T01:58:17.000,NYPD,Illegal Fireworks,BROOKLYN,Closed
63576289,2025-01-01T01:38:36.000,2025-01-01T01:57:01.000,NYPD,Noise - Commercial,BROOKLYN,Closed
63583266,2025-01-01T01:38:41.000,2025-01-02T17:09:56.000,NYPD,Noise - Residential,BRONX,Closed
63576466,2025-01-01T01:38:47.000,2025-01-01T02:35:25.000,NYPD,Noise - Commercial,BROOKLYN,Closed
63583368,2025-01-01T01:38:53.000,2025-01-01T02:51:20.000,NYPD,Noise - Residential,QUEENS,Closed
63595875,2025-01-01T01:39:00.000,2025-01-02T20:36:00.000,DSNY,Derelict Vehicles,BROOKLYN,Closed
63584053,2025-01-01T01:39:07.000,2025-01-01T01:48:55.000,NYPD,Noise - Commercial,QUEENS,Closed
63582780,2025-01-01T01:39:11.000,2025-01-01T01:44:07.000,NYPD,Noise - Street/Sidewalk,QUEENS,Closed
63585016,2025-01-01T01:39:13.000,2025-01-01T01:57:43.000,NYPD,Noise - Commercial,BROOKLYN,Closed
63573183,2025-01-01T01:39:19.000,2025-01-02T17:08:13.000,NYPD,Noise - Residential,BRONX,Closed
63581404,2025-01-01T01:39:20.000,2025-01-01T11:24:12.000,NYPD,Illegal Fireworks,QUEENS,Closed
63578138,2025-01-01T01:39:31.000,2025-01-01T01:55:50.000,NYPD,Illegal Parking,MANHATTAN,Closed
63580669,2025-01-01T01:39:41.000,2025-01-01T01:49:17.000,NYPD,Noise - Commercial,QUEENS,Closed
63580470,2025-01-01T01:39:52.000,2025-01-01T04:08:30.000,NYPD,Blocked Driveway,BROOKLYN,Closed
63579939,2025-01-01T01:39:57.000,2025-01-02T17:11:27.000,NYPD,Noise - Residential,BRONX,Closed
63575838,2025-01-01T01:39:58.000,2025-01-01T01:40:53.000,NYPD,Noise - Street/Sidewalk,QUEENS,Closed
63580558,2025-01-01T01:40:11.000,2025-01-01T03:37:12.000,NYPD,Blocked Driveway,QUEENS,Closed
63572403,2025-01-01T01:40:21.000,2025-01-01T01:46:48.000,NYPD,Noise - Commercial,BRONX,Closed
63577231,2025-01-01T01:40:29.000,2025-01-01T03:57:50.000,NYPD,Blocked Driveway,BRONX,Closed
63574925,2025-01-01T01:40:34.000,2025-01-01T02:16:06.000,NYPD,Noise - Street/Sidewalk,QUEENS,Closed
63580044,2025-01-01T01:40:36.000,2025-01-02T17:11:39.000,NYPD,Noise - Residential,BRONX,Closed
63574799,2025-01-01T01:40:54.000,2025-01-01T02:07:32.000,NYPD,Noise - Residential,QUEENS,Closed
63576237,2025-01-01T01:40:54.000,2025-01-01T02:02:13.000,NYPD,Noise - Street/Sidewalk,QUEENS,Closed
63585219,2025-01-01T01:41:05.000,2025-01-01T02:12:25.000,NYPD,Noise - Residential,MANHATTAN,Closed
63572441,2025-01-01T01:41:09.000,2025-01-01T01:50:52.000,NYPD,Noise - Residential,MANHATTAN,Closed
63584900,2025-01-01T01:41:14.000,2025-01-02T17:07:31.000,NYPD,Noise - Residential,BRONX,Closed
63574743,2025-01-01T01:41:47.000,2025-01-01T02:12:27.000,NYPD,Noise - Residential,BROOKLYN,Closed
63579646,2025-01-01T01:41:52.000,2025-01-02T17:07:29.000,NYPD,Noise - Residential,BRONX,Closed
63580673,2025-01-01T01:41:54.000,2025-01-01T01:47:46.000,NYPD,Noise - Commercial,MANHATTAN,Closed
63576551,2025-01-01T01:42:00.000,2025-01-01T02:51:39.000,NYPD,Noise - Residential,QUEENS,Closed
63576301,2025-01-01T01:42:10.000,2025-01-01T02:11:05.000,NYPD,Illegal Parking,QUEENS,Closed
63577242,2025-01-01T01:42:12.000,2025-01-02T12:49:24.000,DOHMH,Rodent,BROOKLYN,Closed
63578116,2025-01-01T01:42:22.000,2025-01-01T04:24:51.000,NYPD,Noise - Street/Sidewalk,BRONX,Closed
63581537,2025-01-01T01:42:27.000,2025-01-01T01:57:03.000,NYPD,Noise - Street/Sidewalk,MANHATTAN,Closed
63573011,2025-01-01T01:42:30.000,2025-01-02T17:07:28.000,NYPD,Noise - Residential,BRONX,Closed
63579975,2025-01-01T01:42:42.000,2025-01-01T02:30:26.000,NYPD,Noise - Residential,QUEENS,Closed
63585252,2025-01-01T01:42:57.000,2025-01-01T02:05:39.000,NYPD,Noise - Street/Sidewalk,BROOKLYN,Closed
63586231,2025-01-01T01:43:00.000,2025-01-02T08:00:00.000,DOT,Traffic Signal Condition,BROOKLYN,Closed
63583380,2025-01-01T01:43:04.000,2025-01-01T01:54:34.000,NYPD,Noise - Residential,STATEN ISLAND,Closed
63576372,2025-01-01T01:43:08.000,2025-01-02T17:03:54.000,NYPD,Noise - Residential,BRONX,Closed
63574742,2025-01-01T01:43:13.000,2025-01-01T04:00:46.000,NYPD,Noise - Residential,BROOKLYN,Closed
63578098,2025-01-01T01:43:22.000,2025-01-01T02:03:29.000,NYPD,Noise - Residential,QUEENS,Closed
63576288,2025-01-01T01:43:25.000,2025-01-01T02:00:07.000,NYPD,Noise - Commercial,MANHATTAN,Closed
63576558,2025-01-01T01:43:27.000,2025-01-01T01:57:25.000,NYPD,Noise - Street/Sidewalk,QUEENS,Closed
63581503,2025-01-01T01:43:37.000,2025-01-01T02:23:40.000,NYPD,Noise - Residential,QUEENS,Closed
63583286,2025-01-01T01:43:37.000,2025-01-01T02:27:40.000,NYPD,Illegal Fireworks,BRONX,Closed
63577914,2025-01-01T01:43:42.000,2025-01-01T05:55:06.000,NYPD,Illegal Parking,STATEN ISLAND,Closed
63583945,2025-01-01T01:43:43.000,2025-01-01T02:06:11.000,NYPD,Blocked Driveway,BRONX,Closed
63573016,2025-01-01T01:43:46.000,2025-01-02T17:07:29.000,NYPD,Noise - Residential,BRONX,Closed
63576287,2025-01-01T01:43:48.000,2025-01-01T02:35:06.000,NYPD,Illegal Parking,BROOKLYN,Closed
63578236,2025-01-01T01:43:48.000,2025-01-01T02:23:11.000,NYPD,Noise - Residential,MANHATTAN,Closed
63584998,2025-01-01T01:44:07.000,2025-01-01T04:30:32.000,NYPD,Illegal Parking,BROOKLYN,Closed
63582543,2025-01-01T01:44:13.000,2025-01-01T01:47:14.000,NYPD,Noise - Residential,MANHATTAN,Closed
63574322,2025-01-01T01:44:20.000,2025-01-01T01:51:08.000,NYPD,Noise - Residential,BRONX,Closed
63573174,2025-01-01T01:44:24.000,2025-01-02T17:11:30.000,NYPD,Noise - Residential,BRONX,Closed
63592462,2025-01-01T01:44:25.000,2025-01-28T00:00:00.000,DOB,Elevator,BROOKLYN,Closed
63572343,2025-01-01T01:44:28.000,2025-01-01T01:47:33.000,NYPD,Noise - Commercial,BROOKLYN,Closed
63573798,2025-01-01T01:44:35.000,2025-01-01T02:41:06.000,NYPD,Blocked Driveway,QUEENS,Closed
63583122,2025-01-01T01:44:46.000,2025-01-01T02:11:36.000,NYPD,Illegal Parking,QUEENS,Closed
63580772,2025-01-01T01:44:46.000,2025-01-01T01:51:33.000,NYPD,Noise - Residential,QUEENS,Closed
63582208,2025-01-01T01:44:52.000,2025-01-01T16:51:52.000,NYPD,Blocked Driveway,BRONX,Closed
63581615,2025-01-01T01:44:55.000,2025-01-01T02:40:16.000,NYPD,Noise - Street/Sidewalk,QUEENS,Closed
63574910,2025-01-01T01:45:03.000,2025-01-01T02:45:58.000,NYPD,Noise - Residential,MANHATTAN,Closed
63576374,2025-01-01T01:45:03.000,2025-01-02T17:07:27.000,NYPD,Noise - Residential,BRONX,Closed
63585253,2025-01-01T01:45:04.000,2025-01-01T01:57:11.000,NYPD,Noise - Street/Sidewalk,MANHATTAN,Closed
63578818,2025-01-01T01:45:04.000,2025-01-01T02:58:08.000,NYPD,Blocked Driveway,QUEENS,Closed
63574965,2025-01-01T01:45:14.000,2025-01-01T01:58:56.000,NYPD,Noise - Street/Sidewalk,BROOKLYN,Closed
63578105,2025-01-01T01:45:33.000,2025-01-01T01:57:12.000,NYPD,Noise - Street/Sidewalk,MANHATTAN,Closed
63577070,2025-01-01T01:45:35.000,2025-01-01T03:21:22.000,NYPD,Blocked Driveway,QUEENS,Closed
63578135,2025-01-01T01:45:41.000,2025-01-01T01:54:48.000,NYPD,Illegal Fireworks,MANHATTAN,Closed
63579962,2025-01-01T01:45:41.000,2025-01-02T17:08:20.000,NYPD,Noise - Residential,BRONX,Closed
63580852,2025-01-01T01:45:46.000,2025-01-01T01:49:35.000,NYPD,Noise - Commercial,QUEENS,Closed
63574520,2025-01-01T01:45:48.000,2025-01-01T04:55:28.000,NYPD,Illegal Parking,BROOKLYN,Closed
63579291,2025-01-01T01:45:55.000,2025-01-01T01:51:25.000,NYPD,Noise - Residential,BRONX,Closed
63578012,2025-01-01T01:46:19.000,2025-01-02T17:05:55.000,NYPD,Noise - Residential,BRONX,Closed
63575424,2025-01-01T01:46:20.000,2025-01-01T02:46:54.000,NYPD,Blocked Driveway,STATEN ISLAND,Closed
63581655,2025-01-01T01:46:22.000,2025-01-01T02:35:46.000,NYPD,Illegal Parking,BROOKLYN,Closed
63584744,2025-01-01T01:46:23.000,2025-01-01T01:51:59.000,NYPD,Noise - Commercial,MANHATTAN,Closed
63574900,2025-01-01T01:46:44.000,2025-01-01T04:47:13.000,NYPD,Noise - Residential,QUEENS,Closed
63581536,2025-01-01T01:46:50.000,2025-01-01T02:18:02.000,NYPD,Noise - Street/Sidewalk,BROOKLYN,Closed
63576371,2025-01-01T01:46:55.000,2025-01-01T02:36:42.000,NYPD,Noise - Residential,STATEN ISLAND,Closed
63578143,2025-01-01T01:46:56.000,2025-01-01T02:23:45.000,NYPD,Illegal Parking,BROOKLYN,Closed
63576553,2025-01-01T01:46:57.000,2025-01-02T17:03:57.000,NYPD,Noise - Residential,BRONX,Closed
63579745,2025-01-01T01:47:00.000,2025-01-01T02:40:33.000,NYPD,Noise - Residential,BROOKLYN,Closed
63590697,2025-01-01T01:47:00.000,2025-01-02T09:15:00.000,DEP,Sewer,BROOKLYN,Closed
63585144,2025-01-01T01:47:04.000,2025-01-01T03:40:41.000,NYPD,Noise - Residential,BRONX,Closed
63579114,2025-01-01T01:47:06.000,2025-01-01T01:50:24.000,NYPD,Noise - Residential,BROOKLYN,Closed
63578219,2025-01-01T01:47:27.000,2025-01-01T02:57:42.000,NYPD,Illegal Parking,BROOKLYN,Closed
63576235,2025-01-01T01:47:29.000,2025-01-01T01:51:42.000,NYPD,Noise - Residential,BRONX,Closed
63583338,2025-01-01T01:47:35.000,2025-01-02T17:07:28.000,NYPD,Noise - Residential,BRONX,Closed
63577886,2025-01-01T01:48:02.000,2025-01-01T02:36:31.000,NYPD,Illegal Parking,BROOKLYN,Closed
63584864,2025-01-01T01:48:13.000,2025-01-02T17:02:39.000,NYPD,Noise - Residential,BRONX,Closed
63574730,2025-01-01T01:48:17.000,2025-01-01T02:59:06.000,NYPD,Illegal Parking,BROOKLYN,Closed
63579698,2025-01-01T01:48:18.000,2025-01-01T02:40:47.000,NYPD,Illegal Fireworks,BRONX,Closed
63581608,2025-01-01T01:48:21.000,2025-01-01T14:36:59.000,NYPD,Noise - Residential,MANHATTAN,Closed
63574907,2025-01-01T01:48:31.000,2025-01-01T02:45:25.000,NYPD,Noise - Residential,MANHATTAN,Closed
63576487,2025-01-01T01:48:51.000,2025-01-02T17:02:39.000,NYPD,Noise - Residential,BRONX,Closed
63588882,2025-01-01T01:48:52.000,2025-06-23T15:06:07.000,HPD,GENERAL,BRONX,Closed
63576310,2025-01-01T01:48:53.000,2025-01-01T02:20:19.000,NYPD,Noise - Residential,MANHATTAN,Closed
63574962,2025-01-01T01:49:09.000,2025-01-01T02:06:40.000,NYPD,Noise - Street/Sidewalk,QUEENS,Closed
63576157,2025-01-01T01:49:15.000,2025-01-01T02:56:56.000,NYPD,Illegal Parking,BROOKLYN,Closed
63584865,2025-01-01T01:49:16.000,2025-01-01T02:10:32.000,NYPD,Noise - Residential,QUEENS,Closed
63578286,2025-01-01T01:49:25.000,2025-01-01T02:04:19.000,NYPD,Noise - Residential,QUEENS,Closed
63577997,2025-01-01T01:49:30.000,2025-01-02T17:05:55.000,NYPD,Noise - Residential,BRONX,Closed
63583365,2025-01-01T01:49:39.000,2025-01-01T02:37:20.000,NYPD,Noise - Residential,QUEENS,Closed
63584874,2025-01-01T01:49:43.000,2025-01-01T02:22:46.000,NYPD,Noise - Residential,QUEENS,Closed
63578360,2025-01-01T01:49:52.000,2025-01-01T02:06:10.000,NYPD,Noise - Residential,QUEENS,Closed
63589157,2025-01-01T01:50:00.000,2025-01-02T01:50:00.000,DOT,Traffic Signal Condition,BROOKLYN,Closed
63573227,2025-01-01T01:50:07.000,2025-01-02T17:02:41.000,NYPD,Noise - Residential,BRONX,Closed
63583471,2025-01-01T01:50:10.000,2025-01-01T02:53:14.000,NYPD,Noise - Street/Sidewalk,BROOKLYN,Closed
63578001,2025-01-01T01:50:16.000,2025-01-01T02:39:11.000,NYPD,Noise - Residential,BRONX,Closed
63573738,2025-01-01T01:50:21.000,2025-01-01T02:24:02.000,NYPD,Blocked Driveway,QUEENS,Closed
63579950,2025-01-01T01:50:33.000,2025-01-01T02:03:37.000,NYPD,Noise - Commercial,MANHATTAN,Closed
63579755,2025-01-01T01:50:46.000,2025-01-02T17:02:39.000,NYPD,Noise - Residential,BRONX,Closed
63581442,2025-01-01T01:50:53.000,2025-01-01T02:03:55.000,NYPD,Noise - Residential,QUEENS,Closed
63574763,2025-01-01T01:50:55.000,2025-01-01T02:32:50.000,NYPD,Noise - Residential,BROOKLYN,Closed
63574834,2025-01-01T01:51:00.000,2025-01-01T02:22:33.000,NYPD,Noise - Residential,QUEENS,Closed
63583295,2025-01-01T01:51:02.000,2025-01-01T02:37:36.000,NYPD,Illegal Parking,BROOKLYN,Closed
63581398,2025-01-01T01:51:12.000,2025-01-01T02:41:47.000,NYPD,Noise - Residential,BRONX,Closed
63580092,2025-01-01T01:51:16.000,2025-01-01T14:58:39.000,NYPD,Noise - Street/Sidewalk,MANHATTAN,Closed
63574567,2025-01-01T01:51:24.000,2025-01-02T17:03:53.000,NYPD,Noise - Residential,BRONX,Closed
63580012,2025-01-01T01:51:31.000,2025-01-01T02:19:12.000,NYPD,Noise - Street/Sidewalk,MANHATTAN,Closed
63578153,2025-01-01T01:51:33.000,2025-01-01T01:52:03.000,NYPD,Noise - Residential,BRONX,Closed
63573080,2025-01-01T01:51:35.000,2025-01-01T01:53:27.000,NYPD,Noise - Residential,MANHATTAN,Closed
63586306,2025-01-01T01:51:44.000,2025-01-01T02:27:59.000,NYPD,Noise - Residential,BRONX,Closed
63595130,2025-01-01T01:51:52.000,2025-01-02T15:49:01.000,HPD,HEAT/HOT WATER,MANHATTAN,Closed
63586060,2025-01-01T01:52:02.000,2025-01-02T17:05:55.000,NYPD,Noise - Residential,BRONX,Closed
63586302,2025-01-01T01:52:13.000,2025-01-01T02:44:24.000,NYPD,Noise - Residential,BRONX,Closed
63593847,2025-01-01T01:52:13.000,2025-01-01T01:58:30.000,NYPD,Noise - Residential,BROOKLYN,Closed
63592551,2025-01-01T01:52:20.000,2025-01-01T02:34:27.000,NYPD,Noise - Residential,BROOKLYN,Closed
63594160,2025-01-01T01:52:20.000,2025-01-01T03:36:48.000,NYPD,Illegal Parking,BROOKLYN,Closed
63587897,2025-01-01T01:52:22.000,2025-01-01T05:34:04.000,NYPD,Illegal Parking,BROOKLYN,Closed
63588043,2025-01-01T01:52:22.000,2025-01-01T03:34:49.000,NYPD,Illegal Parking,BROOKLYN,Closed
63587523,2025-01-01T01:52:27.000,2025-01-01T02:14:35.000,NYPD,Noise - Residential,QUEENS,Closed
63586336,2025-01-01T01:52:36.000,2025-01-01T02:11:26.000,NYPD,Noise - Residential,MANHATTAN,Closed
63585770,2025-01-01T01:52:40.000,2025-01-02T17:11:30.000,NYPD,Noise - Residential,BRONX,Closed
63586759,2025-01-01T01:52:50.000,2025-01-01T02:41:39.000,NYPD,Illegal Parking,BROOKLYN,Closed
63594647,2025-01-01T01:53:18.000,2025-01-02T17:08:14.000,NYPD,Noise - Residential,BRONX,Closed
63588193,2025-01-01T01:53:19.000,2025-01-02T13:30:37.000,DSNY,Residential Disposal Complaint,STATEN ISLAND,Closed
63593695,2025-01-01T01:53:21.000,2025-01-01T04:34:59.000,NYPD,Noise - Residential,BRONX,Closed
63587645,2025-01-01T01:53:23.000,2025-01-01T02:03:43.000,NYPD,Noise - Vehicle,QUEENS,Closed
63593601,2025-01-01T01:53:26.000,2025-01-01T02:12:29.000,NYPD,Illegal Fireworks,MANHATTAN,Closed
63588150,2025-01-01T01:53:52.000,2025-01-04T10:16:15.000,DSNY,Illegal Dumping,QUEENS,Closed
63587356,2025-01-01T01:53:57.000,2025-01-02T17:09:55.000,NYPD,Noise - Residential,BRONX,Closed
63586297,2025-01-01T01:54:08.000,2025-01-01T02:34:38.000,NYPD,Noise - Residential,QUEENS,Closed
63593723,2025-01-01T01:54:10.000,2025-01-01T02:42:23.000,NYPD,Noise - Residential,QUEENS,Closed
63587438,2025-01-01T01:54:14.000,2025-01-01T02:15:08.000,NYPD,Noise - Residential,MANHATTAN,Closed
63594993,2025-01-01T01:54:20.000,2025-01-01T02:07:54.000,NYPD,Noise - Residential,MANHATTAN,Closed
63592583,2025-01-01T01:54:23.000,2025-01-01T02:13:04.000,NYPD,Noise - Residential,QUEENS,Closed
63588643,2025-01-01T01:54:23.000,2025-01-01T02:12:30.000,NYPD,Noise - Commercial,MANHATTAN,Closed
63590080,2025-01-01T01:54:32.000,2025-01-01T03:19:14.000,NYPD,Noise - Residential,BROOKLYN,Closed
63585769,2025-01-01T01:54:34.000,2025-01-02T17:11:41.000,NYPD,Noise - Residential,BRONX,Closed
63588835,2025-01-01T01:54:35.000,2025-01-01T02:39:03.000,NYPD,Noise - Residential,BROOKLYN,Closed
63595251,2025-01-01T01:54:52.000,2025-01-01T04:22:36.000,NYPD,Blocked Driveway,BROOKLYN,Closed
63588709,2025-01-01T01:55:09.000,2025-01-01T02:28:39.000,NYPD,Noise - Residential,QUEENS,Closed
63592305,2025-01-01T01:55:12.000,2025-01-02T17:09:55.000,NYPD,Noise - Residential,BRONX,Closed
63591339,2025-01-01T01:55:18.000,2025-01-01T09:55:56.000,NYPD,Noise - Residential,BRONX,Closed
63591340,2025-01-01T01:55:19.000,2025-01-01T03:10:20.000,NYPD,Noise - Vehicle,MANHATTAN,Closed
63589929,2025-01-01T01:55:37.000,2025-01-01T02:03:52.000,NYPD,Noise - Street/Sidewalk,MANHATTAN,Closed
63594951,2025-01-01T01:55:39.000,2025-01-01T02:08:45.000,NYPD,Noise - Commercial,QUEENS,Closed
63594964,2025-01-01T01:55:42.000,2025-01-01T02:12:57.000,NYPD,Noise - Residential,QUEENS,Closed
63595468,2025-01-01T01:55:51.000,2025-01-01T05:36:26.000,NYPD,Illegal Parking,QUEENS,Closed
63591182,2025-01-01T01:55:52.000,2025-01-01T02:04:46.000,NYPD,Noise - Residential,BROOKLYN,Closed
63588325,2025-01-01T01:55:52.000,2025-01-02T17:07:27.000,NYPD,Noise - Residential,BRONX,Closed
63587437,2025-01-01T01:56:00.000,2025-01-01T02:52:34.000,NYPD,Noise - Residential,QUEENS,Closed
63590438,2025-01-01T01:56:02.000,2025-01-01T02:27:23.000,NYPD,Illegal Parking,QUEENS,Closed
63589288,2025-01-01T01:56:11.000,2025-01-01T03:08:43.000,NYPD,Illegal Parking,BRONX,Closed
63586394,2025-01-01T01:56:15.000,2025-01-01T02:00:15.000,NYPD,Noise - Street/Sidewalk,MANHATTAN,Closed
63589205,2025-01-01T01:56:20.000,2025-01-01T05:36:30.000,NYPD,Illegal Parking,QUEENS,Closed
63589013,2025-01-01T01:56:27.000,2025-05-02T00:00:00.000,DOB,Building/Use,QUEENS,Closed
63587034,2025-01-01T01:56:29.000,2025-01-02T17:02:39.000,NYPD,Noise - Residential,BRONX,Closed
63593175,2025-01-01T01:56:34.000,2025-01-02T07:54:32.000,DOHMH,Rodent,BRONX,Closed
63586261,2025-01-01T01:56:38.000,2025-01-01T02:23:14.000,NYPD,Noise - Commercial,MANHATTAN,Closed
63593750,2025-01-01T01:56:48.000,2025-01-01T02:05:13.000,NYPD,Noise - Residential,BROOKLYN,Closed
63593049,2025-01-01T01:56:50.000,2025-01-01T03:08:25.000,NYPD,Illegal Parking,BRONX,Closed
63590855,2025-01-01T01:57:07.000,2025-01-02T17:03:52.000,NYPD,Noise - Residential,BRONX,Closed
63591216,2025-01-01T01:57:12.000,2025-01-01T02:36:06.000,NYPD,Noise - Street/Sidewalk,BROOKLYN,Closed
63592915,2025-01-01T01:57:18.000,2025-01-01T02:41:42.000,NYPD,Blocked Driveway,BROOKLYN,Closed
63592498,2025-01-01T01:57:18.000,2025-01-01T02:41:08.000,NYPD,Noise - Residential,QUEENS,Closed
63590005,2025-01-01T01:57:32.000,2025-01-01T01:59:28.000,NYPD,Noise - Residential,QUEENS,Closed
63585740,2025-01-01T01:57:45.000,2025-01-02T17:08:19.000,NYPD,Noise - Residential,BRONX,Closed
63591282,2025-01-01T01:57:46.000,2025-01-01T02:13:03.000,NYPD,Noise - Residential,MANHATTAN,Closed
63588691,2025-01-01T01:57:51.000,2025-01-01T02:04:59.000,NYPD,Noise - Residential,BROOKLYN,Closed
63589879,2025-01-01T01:57:54.000,2025-01-01T02:42:14.000,NYPD,Noise - Residential,MANHATTAN,Closed
63590293,2025-01-01T01:57:58.000,2025-01-01T02:41:15.000,NYPD,Blocked Driveway,QUEENS,Closed
63586340,2025-01-01T01:58:20.000,2025-01-01T04:04:14.000,NYPD,Noise - Residential,BRONX,Closed
63586017,2025-01-01T01:58:23.000,2025-01-02T17:05:56.000,NYPD,Noise - Residential,BRONX,Closed
63589112,2025-01-01T01:58:31.000,2025-01-01T02:41:48.000,NYPD,Blocked Driveway,BROOKLYN,Closed
63593830,2025-01-01T01:58:32.000,2025-01-01T02:21:42.000,NYPD,Noise - Street/Sidewalk,MANHATTAN,Closed
63592874,2025-01-01T01:58:36.000,2025-01-01T19:05:50.000,NYPD,Blocked Driveway,BRONX,Closed
63586290,2025-01-01T01:58:40.000,2025-01-01T02:40:21.000,NYPD,Noise - Residential,QUEENS,Closed
63593670,2025-01-01T01:58:41.000,2025-01-01T02:45:06.000,NYPD,Noise - Residential,BROOKLYN,Closed
63590930,2025-01-01T01:59:02.000,2025-01-02T17:07:29.000,NYPD,Noise - Residential,BRONX,Closed
63586328,2025-01-01T01:59:03.000,2025-01-01T02:33:59.000,NYPD,Noise - Residential,MANHATTAN,Closed
63591782,2025-01-01T01:59:07.000,2025-01-01T02:20:20.000,NYPD,Noise - Vehicle,MANHATTAN,Closed
63587394,2025-01-01T01:59:11.000,2025-01-01T02:32:43.000,NYPD,Noise - Commercial,BROOKLYN,Closed
63593198,2025-01-01T01:59:12.000,2025-01-02T13:03:53.000,TLC,Lost Property,MANHATTAN,Closed
63586323,2025-01-01T01:59:13.000,2025-01-01T02:27:30.000,NYPD,Noise - Residential,QUEENS,Closed
63594802,2025-01-01T01:59:24.000,2025-01-01T02:30:44.000,NYPD,Noise - Residential,BROOKLYN,Closed
63595285,2025-01-01T01:59:39.000,2025-01-01T02:13:30.000,NYPD,Blocked Driveway,BROOKLYN,Closed
63594422,2025-01-01T01:59:40.000,2025-01-02T17:11:31.000,NYPD,Noise - Residential,BRONX,Closed
63593235,2025-01-01T02:00:17.000,2025-01-02T17:11:31.000,NYPD,Noise - Residential,BRONX,Closed
63588820,2025-01-01T02:00:35.000,2025-01-01T04:25:56.000,NYPD,Noise - Residential,BRONX,Closed
63593769,2025-01-01T02:00:41.000,2025-01-01T06:15:06.000,NYPD,Noise - Residential,BRONX,Closed
63586260,2025-01-01T02:00:49.000,2025-01-01T02:05:15.000,NYPD,Noise - Commercial,QUEENS,Closed
63587051,2025-01-01T02:00:56.000,2025-01-02T17:08:21.000,NYPD,Noise - Residential,BRONX,Closed
63591388,2025-01-01T02:01:02.000,2025-01-02T14:40:55.000,HPD,HEAT/HOT WATER,BRONX,Closed
63586359,2025-01-01T02:01:13.000,2025-01-01T05:01:09.000,NYPD,Noise - Residential,BRONX,Closed
63590095,2025-01-01T02:01:26.000,2025-01-01T03:18:59.000,NYPD,Noise - Street/Sidewalk,MANHATTAN,Closed
63591722,2025-01-01T02:01:34.000,2025-01-01T02:37:27.000,NYPD,Illegal Parking,BROOKLYN,Closed
63594836,2025-01-01T02:01:34.000,2025-01-02T17:05:56.000,NYPD,Noise - Residential,BRONX,Closed
63587865,2025-01-01T02:01:38.000,2025-01-01T02:41:48.000,NYPD,Blocked Driveway,BROOKLYN,Closed
63594989,2025-01-01T02:01:40.000,2025-01-01T03:36:40.000,NYPD,Noise - Residential,MANHATTAN,Closed
63593038,2025-01-01T02:01:48.000,2025-01-01T02:05:37.000,NYPD,Illegal Parking,BROOKLYN,Closed
63590085,2025-01-01T02:01:50.000,2025-01-01T04:24:11.000,NYPD,Noise - Residential,BROOKLYN,Closed
63594608,2025-01-01T02:02:12.000,2025-01-02T17:08:15.000,NYPD,Noise - Residential,BRONX,Closed
63592461,2025-01-01T02:02:14.000,2025-01-01T02:32:05.000,NYPD,Noise - Residential,QUEENS,Closed
63588245,2025-01-01T02:02:50.000,2025-01-02T17:07:29.000,NYPD,Noise - Residential,BRONX,Closed
63592049,2025-01-01T02:02:52.000,2025-02-18T10:50:00.000,TLC,Taxi Complaint,QUEENS,Closed
63601533,2025-01-01T02:03:00.000,2025-01-02T04:05:00.000,DSNY,Derelict Vehicles,BROOKLYN,Closed
63589732,2025-01-01T02:03:04.000,2025-01-01T02:19:11.000,NYPD,Noise - Residential,BRONX,Closed
63592538,2025-01-01T02:03:11.000,2025-01-01T04:39:26.000,NYPD,Noise - Residential,BROOKLYN,Closed
63594408,2025-01-01T02:03:28.000,2025-01-02T17:11:31.000,NYPD,Noise - Residential,BRONX,Closed
63590091,2025-01-01T02:03:37.000,2025-01-01T02:35:05.000,NYPD,Noise - Residential,MANHATTAN,Closed
63586391,2025-01-01T02:03:46.000,2025-01-01T02:41:14.000,NYPD,Noise - Residential,BRONX,Closed
63589963,2025-01-01T02:03:48.000,2025-01-01T02:10:59.000,NYPD,Noise - Residential,MANHATTAN,Closed
63590088,2025-01-01T02:03:57.000,2025-01-01T02:39:14.000,NYPD,Noise - Residential,STATEN ISLAND,Closed
63593933,2025-01-01T02:04:01.000,2025-01-02T16:06:17.000,HPD,HEAT/HOT WATER,MANHATTAN,Closed
63591077,2025-01-01T02:04:06.000,2025-01-02T17:03:44.000,NYPD,Noise - Residential,BRONX,Closed
63592613,2025-01-01T02:04:20.000,2025-01-01T02:12:53.000,NYPD,Noise - Street/Sidewalk,QUEENS,Closed
63591258,2025-01-01T02:04:26.000,2025-01-01T02:37:09.000,NYPD,Noise - Residential,MANHATTAN,Closed
63592518,2025-01-01T02:04:29.000,2025-01-01T02:08:24.000,NYPD,Noise - Residential,QUEENS,Closed
63592239,2025-01-01T02:04:44.000,2025-01-02T17:03:53.000,NYPD,Noise - Residential,BRONX,Closed
63591248,2025-01-01T02:04:49.000,2025-01-01T02:44:24.000,NYPD,Noise - Residential,QUEENS,Closed
63592585,2025-01-01T02:05:14.000,2025-01-01T02:51:59.000,NYPD,Noise - Residential,QUEENS,Closed
63592553,2025-01-01T02:05:21.000,2025-01-01T02:31:05.000,NYPD,Noise - Residential,QUEENS,Closed
63591033,2025-01-01T02:05:23.000,2025-01-02T17:11:34.000,NYPD,Noise - Residential,BRONX,Closed
63595005,2025-01-01T02:05:39.000,2025-01-01T05:41:50.000,NYPD,Noise - Residential,BRONX,Closed
63587623,2025-01-01T02:06:00.000,2025-01-01T02:41:46.000,NYPD,Noise - Residential,BRONX,Closed
63593572,2025-01-01T02:06:01.000,2025-01-02T17:05:56.000,NYPD,Noise - Residential,BRONX,Closed
63595039,2025-01-01T02:06:01.000,2025-01-01T03:05:49.000,NYPD,Noise - Street/Sidewalk,MANHATTAN,Closed
63587553,2025-01-01T02:06:08.000,2025-01-01T02:51:52.000,NYPD,Noise - Street/Sidewalk,MANHATTAN,Closed
63595020,2025-01-01T02:06:29.000,2025-01-01T02:07:53.000,NYPD,Noise - Residential,QUEENS,Closed
63590360,2025-01-01T02:06:31.000,2025-01-01T23:31:19.000,NYPD,Blocked Driveway,BRONX,Closed
63593693,2025-01-01T02:06:33.000,2025-01-01T02:21:35.000,NYPD,Noise - Residential,QUEENS,Closed
63585771,2025-01-01T02:06:39.000,2025-01-02T17:09:58.000,NYPD,Noise - Residential,BRONX,Closed
63593729,2025-01-01T02:06:55.000,2025-01-01T02:26:29.000,NYPD,Noise - Commercial,MANHATTAN,Closed
63594960,2025-01-01T02:07:09.000,2025-01-01T02:33:19.000,NYPD,Noise - Residential,QUEENS,Closed
63591701,2025-01-01T02:07:14.000,2025-01-01T02:49:20.000,NYPD,Illegal Parking,BROOKLYN,Closed
63590386,2025-01-01T02:07:16.000,2025-01-01T02:55:53.000,NYPD,Blocked Driveway,QUEENS,Closed
63592062,2025-01-01T02:07:17.000,2025-01-02T17:02:39.000,NYPD,Noise - Residential,BRONX,Closed
63588639,2025-01-01T02:07:23.000,2025-01-01T02:47:59.000,NYPD,Noise - Residential,MANHATTAN,Closed
63587602,2025-01-01T02:07:25.000,2025-01-01T02:36:39.000,NYPD,Noise - Street/Sidewalk,MANHATTAN,Closed
63587625,2025-01-01T02:07:36.000,2025-01-01T02:24:37.000,NYPD,Noise - Residential,QUEENS,Closed
63586367,2025-01-01T02:07:38.000,2025-01-01T03:43:26.000,NYPD,Noise - Residential,QUEENS,Closed
63589857,2025-01-01T02:07:50.000,2025-03-21T07:55:15.000,TLC,Taxi Complaint,MANHATTAN,Closed
63589860,2025-01-01T02:07:50.000,2025-01-01T02:21:06.000,NYPD,Noise - Residential,QUEENS,Closed
63593239,2025-01-01T02:07:55.000,2025-01-02T17:08:17.000,NYPD,Noise - Residential,BRONX,Closed
63594111,2025-01-01T02:07:59.000,2025-01-01T04:15:24.000,NYPD,Illegal Parking,QUEENS,Closed
63592523,2025-01-01T02:08:09.000,2025-01-01T02:30:38.000,NYPD,Noise - Residential,QUEENS,Closed
63592367,2025-01-01T02:08:25.000,2025-01-01T02:22:58.000,NYPD,Noise - Commercial,MANHATTAN,Closed
63586370,2025-01-01T02:08:26.000,2025-01-01T02:37:13.000,NYPD,Noise - Residential,BROOKLYN,Closed
63587464,2025-01-01T02:08:33.000,2025-01-02T17:08:14.000,NYPD,Noise - Residential,BRONX,Closed
63588745,2025-01-01T02:09:08.000,2025-01-01T14:30:54.000,NYPD,Noise - Residential,MANHATTAN,Closed
63587196,2025-01-01T02:09:11.000,2025-01-02T17:02:39.000,NYPD,Noise - Residential,BRONX,Closed
63593722,2025-01-01T02:09:47.000,2025-01-01T03:27:03.000,NYPD,Noise - Residential,QUEENS,Closed
63595035,2025-01-01T02:09:48.000,2025-01-01T02:29:30.000,NYPD,Noise - Street/Sidewalk,QUEENS,Closed
63588738,2025-01-01T02:09:48.000,2025-01-01T03:20:56.000,NYPD,Noise - Residential,MANHATTAN,Closed
63590096,2025-01-01T02:09:48.000,2025-01-01T02:33:07.000,NYPD,Noise - Street/Sidewalk,BRONX,Closed
63588345,2025-01-01T02:09:49.000,2025-01-02T17:05:55.000,NYPD,Noise - Residential,BRONX,Closed
63589961,2025-01-01T02:09:51.000,2025-01-01T03:10:08.000,NYPD,Noise - Residential,BRONX,Closed
63591294,2025-01-01T02:09:54.000,2025-01-01T02:52:44.000,NYPD,Noise - Residential,BRONX,Closed
63595500,2025-01-01T02:10:00.000,2025-02-24T11:02:00.000,DOT,Street Light Condition,QUEENS,Closed
63587592,2025-01-01T02:10:22.000,2025-01-01T04:40:39.000,NYPD,Noise - Residential,BROOKLYN,Closed
63587506,2025-01-01T02:10:22.000,2025-01-01T02:39:39.000,NYPD,Noise - Residential,QUEENS,Closed
63594694,2025-01-01T02:10:28.000,2025-01-02T17:07:28.000,NYPD,Noise - Residential,BRONX,Closed
63588770,2025-01-01T02:10:42.000,2025-01-01T02:40:28.000,NYPD,Noise - Commercial,QUEENS,Closed
63587935,2025-01-01T02:10:56.000,2025-01-01T03:07:41.000,NYPD,Illegal Parking,BROOKLYN,Closed
63588577,2025-01-01T02:10:56.000,2025-01-01T02:38:33.000,NYPD,Noise - Residential,QUEENS,Closed
63591257,2025-01-01T02:11:00.000,2025-01-02T12:30:00.000,DOT,Traffic Signal Condition,MANHATTAN,Closed
63589991,2025-01-01T02:11:03.000,2025-01-01T02:15:05.000,NYPD,Noise - Residential,BRONX,Closed
63592150,2025-01-01T02:11:06.000,2025-01-02T17:02:39.000,NYPD,Noise - Residential,BRONX,Closed
63587510,2025-01-01T02:11:16.000,2025-01-01T03:06:58.000,NYPD,Noise - Residential,BRONX,Closed
63588750,2025-01-01T02:11:19.000,2025-01-01T02:37:37.000,NYPD,Noise - Residential,BROOKLYN,Closed
63593617,2025-01-01T02:11:31.000,2025-04-03T00:00:00.000,DOB,Elevator,MANHATTAN,Closed
63591615,2025-01-01T02:11:42.000,2025-01-01T03:07:57.000,NYPD,Non-Emergency Police Matter,QUEENS,Closed
63593529,2025-01-01T02:11:44.000,2025-01-02T17:05:56.000,NYPD,Noise - Residential,BRONX,Closed
63591232,2025-01-01T02:11:51.000,2025-01-01T02:49:18.000,NYPD,Noise - Residential,BROOKLYN,Closed
63588687,2025-01-01T02:12:12.000,2025-01-01T02:32:38.000,NYPD,Noise - Residential,BRONX,Closed
63586414,2025-01-01T02:12:17.000,2025-01-01T03:14:12.000,NYPD,Noise - Residential,QUEENS,Closed
63591076,2025-01-01T02:12:22.000,2025-01-02T17:03:53.000,NYPD,Noise - Residential,BRONX,Closed
63592891,2025-01-01T02:12:40.000,2025-01-01T03:54:00.000,NYPD,Blocked Driveway,BRONX,Closed
63587392,2025-01-01T02:12:40.000,2025-01-01T02:53:23.000,NYPD,Noise - Commercial,BROOKLYN,Closed
63593740,2025-01-01T02:12:44.000,2025-01-01T02:32:16.000,NYPD,Noise - Residential,QUEENS,Closed
63588739,2025-01-01T02:12:52.000,2025-01-01T02:17:59.000,NYPD,Noise - Residential,QUEENS,Closed
63588492,2025-01-01T02:13:00.000,2025-01-02T17:03:46.000,NYPD,Noise - Residential,BRONX,Closed
63592499,2025-01-01T02:13:05.000,2025-01-01T02:15:22.000,NYPD,Noise - Residential,BRONX,Closed
63587546,2025-01-01T02:13:07.000,2025-01-01T03:07:44.000,NYPD,Noise - Commercial,MANHATTAN,Closed
63585709,2025-01-01T02:13:12.000,2025-03-21T07:52:42.000,TLC,Taxi Complaint,BROOKLYN,Closed
63588859,2025-01-01T02:13:32.000,2025-01-01T02:52:52.000,NYPD,Noise - Street/Sidewalk,MANHATTAN,Closed
63589609,2025-01-01T02:13:38.000,2025-01-02T17:07:32.000,NYPD,Noise - Residential,BRONX,Closed
63593602,2025-01-01T02:13:47.000,2025-01-01T03:42:12.000,NYPD,Illegal Fireworks,BROOKLYN,Closed
63595299,2025-01-01T02:13:49.000,2025-01-01T04:05:28.000,NYPD,Illegal Parking,QUEENS,Closed
63586303,2025-01-01T02:13:53.000,2025-01-01T02:44:30.000,NYPD,Noise - Residential,BRONX,Closed
63595469,2025-01-01T02:14:01.000,2025-01-01T02:54:05.000,NYPD,Illegal Parking,BRONX,Closed
63589664,2025-01-01T02:14:16.000,2025-01-02T17:05:55.000,NYPD,Noise - Residential,BRONX,Closed
63586357,2025-01-01T02:14:27.000,2025-01-01T03:14:09.000,NYPD,Noise - Residential,BROOKLYN,Closed
63587635,2025-01-01T02:14:38.000,2025-01-01T02:45:44.000,NYPD,Noise - Street/Sidewalk,BROOKLYN,Closed
63589146,2025-01-01T02:14:45.000,2025-01-01T03:48:17.000,NYPD,Noise - Residential,BROOKLYN,Closed
63591152,2025-01-01T02:14:47.000,2025-01-01T02:28:22.000,NYPD,Noise - Residential,QUEENS,Closed
63588737,2025-01-01T02:14:49.000,2025-01-01T02:31:24.000,NYPD,Noise - Residential,STATEN ISLAND,Closed
63592061,2025-01-01T02:14:55.000,2025-01-02T17:02:41.000,NYPD,Noise - Residential,BRONX,Closed
63594818,2025-01-01T02:14:58.000,2025-01-01T02:36:35.000,NYPD,Noise - Residential,QUEENS,Closed
63586369,2025-01-01T02:15:00.000,2025-01-01T05:53:23.000,NYPD,Noise - Residential,BRONX,Closed
63589113,2025-01-01T02:15:02.000,2025-01-01T02:42:22.000,NYPD,Blocked Driveway,QUEENS,Closed
63587393,2025-01-01T02:15:09.000,2025-01-01T02:36:51.000,NYPD,Noise - Commercial,MANHATTAN,Closed
63586324,2025-01-01T02:15:13.000,2025-01-01T02:28:08.000,NYPD,Noise - Residential,BROOKLYN,Closed
63586441,2025-01-01T02:15:21.000,2025-01-01T02:36:26.000,NYPD,Noise - Street/Sidewalk,MANHATTAN,Closed
63590114,2025-01-01T02:15:32.000,2025-01-01T02:24:35.000,NYPD,Noise - Residential,QUEENS,Closed
63588344,2025-01-01T02:15:33.000,2025-01-02T17:05:56.000,NYPD,Noise - Residential,BRONX,Closed
63586360,2025-01-01T02:15:36.000,2025-01-01T02:29:06.000,NYPD,Noise - Residential,BRONX,Closed
63593368,2025-01-01T02:15:43.000,2025-01-02T17:11:37.000,NYPD,Noise - Residential,BRONX,Closed
63587542,2025-01-01T02:15:44.000,2025-01-01T02:22:03.000,NYPD,Noise - Residential,MANHATTAN,Closed
63587559,2025-01-01T02:15:44.000,2025-01-01T04:35:36.000,NYPD,Noise - Residential,BRONX,Closed
63595269,2025-01-01T02:16:00.000,2025-01-21T08:06:14.000,HPD,UNSANITARY CONDITION,BRONX,Closed
63587350,2025-01-01T02:16:11.000,2025-01-02T17:05:56.000,NYPD,Noise - Residential,BRONX,Closed
63588554,2025-01-01T02:16:17.000,2025-01-01T05:35:07.000,NYPD,Noise - Commercial,MANHATTAN,Closed
63594803,2025-01-01T02:16:24.000,2025-01-01T03:02:34.000,NYPD,Noise - Residential,BRONX,Closed
63589294,2025-01-01T02:16:28.000,2025-01-01T02:40:56.000,NYPD,Illegal Parking,STATEN ISLAND,Closed
63594495,2025-01-01T02:16:31.000,2025-01-02T16:30:15.000,NYPD,Noise - Residential,BRONX,Closed
63594472,2025-01-01T02:16:46.000,2025-01-01T04:42:36.000,DHS,Homeless Person Assistance,QUEENS,Closed
63590906,2025-01-01T02:16:49.000,2025-01-02T17:08:20.000,NYPD,Noise - Residential,BRONX,Closed
63593743,2025-01-01T02:17:07.000,2025-01-01T02:53:31.000,NYPD,Noise - Residential,QUEENS,Closed
63591285,2025-01-01T02:17:13.000,2025-01-01T02:52:11.000,NYPD,Noise - Residential,MANHATTAN,Closed
63586356,2025-01-01T02:17:16.000,2025-01-01T02:44:55.000,NYPD,Noise - Residential,MANHATTAN,Closed
63590985,2025-01-01T02:17:18.000,2025-01-02T17:04:06.000,NYPD,Noise - Residential,BRONX,Closed
63591318,2025-01-01T02:17:18.000,2025-01-01T02:32:18.000,NYPD,Noise - Residential,QUEENS,Closed
63589680,2025-01-01T02:17:27.000,2025-01-02T17:11:28.000,NYPD,Noise - Residential,BRONX,Closed
63594995,2025-01-01T02:17:29.000,2025-01-01T02:44:40.000,NYPD,Noise - Residential,MANHATTAN,Closed
63591627,2025-01-01T02:17:41.000,2025-01-01T02:36:18.000,NYPD,Illegal Parking,BROOKLYN,Closed
63591485,2025-01-01T02:17:52.000,2025-01-02T17:11:28.000,HPD,HEAT/HOT WATER,BRONX,Closed
63586479,2025-01-01T02:17:53.000,2025-01-01T06:29:30.000,NYPD,Blocked Driveway,BROOKLYN,Closed
63587964,2025-01-01T02:18:00.000,2025-01-01T02:28:51.000,NYPD,Illegal Parking,BRONX,Closed
63594503,2025-01-01T02:18:05.000,2025-01-02T17:11:28.000,NYPD,Noise - Residential,BRONX,Closed
63593281,2025-01-01T02:18:07.000,2025-01-02T17:07:29.000,NYPD,Noise - Residential,BRONX,Closed
63587597,2025-01-01T02:18:16.000,2025-01-01T15:07:20.000,NYPD,Noise - Street/Sidewalk,MANHATTAN,Closed
63592522,2025-01-01T02:18:34.000,2025-01-01T02:19:35.000,NYPD,Noise - Residential,MANHATTAN,Closed
63591574,2025-01-01T02:18:35.000,2025-01-01T03:19:14.000,NYPD,Blocked Driveway,BROOKLYN,Closed
63593860,2025-01-01T02:18:35.000,2025-01-01T02:41:56.000,NYPD,Noise - Street/Sidewalk,BROOKLYN,Closed
63588431,2025-01-01T02:18:43.000,2025-01-02T17:03:51.000,NYPD,Noise - Residential,BRONX,Closed
63593538,2025-01-01T02:18:53.000,2025-01-02T16:30:16.000,NYPD,Noise - Residential,BRONX,Closed
63587439,2025-01-01T02:19:05.000,2025-01-01T04:26:52.000,NYPD,Noise - Residential,BRONX,Closed
63592502,2025-01-01T02:19:15.000,2025-01-01T02:20:27.000,NYPD,Noise - Commercial,BROOKLYN,Closed
63590899,2025-01-01T02:19:21.000,2025-01-02T17:05:56.000,NYPD,Noise - Residential,BRONX,Closed
63587593,2025-01-01T02:19:26.000,2025-01-01T02:29:30.000,NYPD,Noise - Residential,BRONX,Closed
63592381,2025-01-01T02:19:41.000,2025-01-02T17:08:15.000,NYPD,Noise - Residential,BRONX,Closed
63591284,2025-01-01T02:19:45.000,2025-01-01T02:42:37.000,NYPD,Noise - Residential,QUEENS,Closed
63593775,2025-01-01T02:19:48.000,2025-01-01T02:54:10.000,NYPD,Noise - Residential,QUEENS,Closed
63586243,2025-01-01T02:19:49.000,2025-01-01T02:20:31.000,NYPD,Noise - Commercial,BROOKLYN,Closed
63592185,2025-01-01T02:19:59.000,2025-01-02T17:08:18.000,NYPD,Noise - Residential,BRONX,Closed
63588733,2025-01-01T02:20:01.000,2025-01-01T02:59:52.000,NYPD,Noise - Residential,QUEENS,Closed
63593700,2025-01-01T02:20:04.000,2025-01-01T02:55:39.000,NYPD,Noise - Residential,BROOKLYN,Closed
63589698,2025-01-01T02:20:14.000,2025-01-01T03:20:23.000,NYPD,Noise - Commercial,BROOKLYN,Closed
63594069,2025-01-01T02:20:14.000,2025-01-01T02:35:50.000,NYPD,Noise - Vehicle,BROOKLYN,Closed
63586276,2025-01-01T02:20:22.000,2025-01-01T02:30:45.000,NYPD,Noise - Residential,QUEENS,Closed
63588346,2025-01-01T02:20:31.000,2025-01-02T16:30:17.000,NYPD,Noise - Residential,BRONX,Closed
63594791,2025-01-01T02:20:38.000,2025-01-02T17:02:41.000,NYPD,Noise - Residential,BRONX,Closed
63588693,2025-01-01T02:20:40.000,2025-01-01T02:39:42.000,NYPD,Noise - Residential,QUEENS,Closed
63591343,2025-01-01T02:20:45.000,2025-01-01T02:47:19.000,NYPD,Noise - Residential,BRONX,Closed
63592496,2025-01-01T02:21:02.000,2025-01-01T03:15:54.000,NYPD,Noise - Residential,BRONX,Closed
63590738,2025-01-01T02:21:16.000,2025-01-02T17:08:12.000,NYPD,Noise - Residential,BRONX,Closed
63589436,2025-01-01T02:21:16.000,2025-01-02T16:30:18.000,NYPD,Noise - Residential,BRONX,Closed
63590366,2025-01-01T02:21:19.000,2025-01-01T02:53:29.000,NYPD,Blocked Driveway,QUEENS,Closed
63588832,2025-01-01T02:21:36.000,2025-01-01T02:39:38.000,NYPD,Noise - Residential,QUEENS,Closed
63589150,2025-01-01T02:21:52.000,2025-01-01T02:35:59.000,NYPD,Noise - Vehicle,BROOKLYN,Closed
63593428,2025-01-01T02:21:54.000,2025-01-02T17:11:36.000,NYPD,Noise - Residential,BRONX,Closed
63594873,2025-01-01T02:22:04.000,2025-01-02T17:03:45.000,NYPD,Noise - Residential,BRONX,Closed
63592506,2025-01-01T02:22:10.000,2025-01-01T03:06:52.000,NYPD,Noise - Residential,BROOKLYN,Closed
63587518,2025-01-01T02:22:14.000,2025-01-01T02:40:15.000,NYPD,Noise - Residential,BRONX,Closed
63587538,2025-01-01T02:22:23.000,2025-01-01T03:03:00.000,NYPD,Noise - Residential,QUEENS,Closed
63592476,2025-01-01T02:22:27.000,2025-01-01T03:31:55.000,NYPD,Noise - Residential,BRONX,Closed
63594609,2025-01-01T02:22:32.000,2025-01-02T17:08:22.000,NYPD,Noise - Residential,BRONX,Closed
63586780,2025-01-01T02:22:38.000,2025-01-01T05:48:35.000,NYPD,Illegal Parking,BROOKLYN,Closed
63593754,2025-01-01T02:22:45.000,2025-01-01T06:15:43.000,NYPD,Noise - Residential,BRONX,Closed
63593427,2025-01-01T02:22:51.000,2025-01-02T17:11:26.000,NYPD,Noise - Residential,BRONX,Closed
63586442,2025-01-01T02:23:04.000,2025-01-01T15:24:28.000,NYPD,Noise - Street/Sidewalk,BRONX,Closed
63591261,2025-01-01T02:23:07.000,2025-01-01T02:44:07.000,NYPD,Noise - Residential,STATEN ISLAND,Closed
63589957,2025-01-01T02:23:10.000,2025-01-02T17:03:54.000,NYPD,Noise - Residential,BRONX,Closed
63594955,2025-01-01T02:23:18.000,2025-01-01T02:24:32.000,NYPD,Noise - Commercial,BROOKLYN,Closed
63588607,2025-01-01T02:23:23.000,2025-01-01T03:41:16.000,NYPD,Noise - Commercial,BROOKLYN,Closed
63590083,2025-01-01T02:23:35.000,2025-01-01T03:04:11.000,NYPD,Noise - Vehicle,BROOKLYN,Closed
63591247,2025-01-01T02:23:37.000,2025-01-01T02:42:18.000,NYPD,Noise - Residential,BRONX,Closed
63592039,2025-01-01T02:23:39.000,2025-01-02T17:08:14.000,NYPD,Noise - Residential,BRONX,Closed
63589070,2025-01-01T02:23:48.000,2025-01-01T02:36:08.000,NYPD,Noise - Vehicle,BROOKLYN,Closed
63589672,2025-01-01T02:23:48.000,2025-01-02T17:02:40.000,NYPD,Noise - Residential,BRONX,Closed
63591279,2025-01-01T02:23:50.000,2025-01-01T02:24:36.000,NYPD,Noise - Commercial,BROOKLYN,Closed
63588595,2025-01-01T02:23:56.000,2025-01-01T02:47:13.000,NYPD,Noise - Residential,QUEENS,Closed
63593801,2025-01-01T02:24:05.000,2025-01-01T03:32:09.000,NYPD,Noise - Residential,BROOKLYN,Closed
63594962,2025-01-01T02:24:23.000,2025-01-01T02:24:37.000,NYPD,Noise - Commercial,BROOKLYN,Closed
63588471,2025-01-01T02:24:26.000,2025-01-02T17:03:50.000,NYPD,Noise - Residential,BRONX,Closed
63586050,2025-01-01T02:24:26.000,2025-01-02T17:03:57.000,NYPD,Noise - Residential,BRONX,Closed
63589872,2025-01-01T02:24:47.000,2025-01-01T02:35:15.000,NYPD,Noise - Residential,QUEENS,Closed
63591715,2025-01-01T02:25:00.000,2025-01-02T10:45:00.000,DOT,Traffic Signal Condition,BRONX,Closed
63593959,2025-01-01T02:25:02.000,2025-01-02T14:10:42.000,HPD,HEAT/HOT WATER,BRONX,Closed
63586111,2025-01-01T02:25:04.000,2025-01-02T17:03:53.000,NYPD,Noise - Residential,BRONX,Closed
63588951,2025-01-01T02:25:06.000,2025-01-02T13:57:54.000,HPD,HEAT/HOT WATER,QUEENS,Closed
63591805,2025-01-01T02:25:08.000,2025-05-01T07:10:39.000,HPD,UNSANITARY CONDITION,QUEENS,Closed
63595195,2025-01-01T02:25:08.000,2025-05-01T07:10:39.000,HPD,UNSANITARY CONDITION,QUEENS,Closed
63587552,2025-01-01T02:25:10.000,2025-01-01T03:15:21.000,NYPD,Noise - Street/Sidewalk,MANHATTAN,Closed
63590898,2025-01-01T02:25:14.000,2025-01-02T17:05:56.000,NYPD,Noise - Residential,BRONX,Closed
63592414,2025-01-01T02:25:15.000,2025-01-01T02:30:44.000,NYPD,Noise - Commercial,BROOKLYN,Closed
63593717,2025-01-01T02:25:17.000,2025-01-01T04:01:36.000,NYPD,Illegal Fireworks,BROOKLYN,Closed
63593726,2025-01-01T02:25:22.000,2025-01-01T02:48:27.000,NYPD,Noise - Residential,MANHATTAN,Closed
63588765,2025-01-01T02:25:23.000,2025-01-01T03:27:38.000,NYPD,Noise - Residential,QUEENS,Closed
63586258,2025-01-01T02:25:26.000,2025-01-01T02:43:26.000,NYPD,Illegal Fireworks,BROOKLYN,Closed
63591220,2025-01-01T02:25:31.000,2025-01-01T02:36:45.000,NYPD,Noise - Commercial,QUEENS,Closed
63590038,2025-01-01T02:25:36.000,2025-01-01T02:56:15.000,NYPD,Noise - Residential,BROOKLYN,Closed
63587902,2025-01-01T02:25:43.000,2025-01-01T02:46:21.000,NYPD,Illegal Parking,MANHATTAN,Closed
63589515,2025-01-01T02:25:43.000,2025-01-02T17:03:52.000,NYPD,Noise - Residential,BRONX,Closed
63587601,2025-01-01T02:25:59.000,2025-01-01T03:17:03.000,NYPD,Noise - Street/Sidewalk,MANHATTAN,Closed
63593537,2025-01-01T02:26:01.000,2025-01-02T16:30:19.000,NYPD,Noise - Residential,BRONX,Closed
63594961,2025-01-01T02:26:13.000,2025-01-01T02:30:50.000,NYPD,Noise - Commercial,BROOKLYN,Closed
63592079,2025-01-01T02:26:21.000,2025-01-02T17:07:30.000,NYPD,Noise - Residential,BRONX,Closed
63592534,2025-01-01T02:26:25.000,2025-01-01T02:49:03.000,NYPD,Noise - Residential,BROOKLYN,Closed
63591205,2025-01-01T02:26:40.000,2025-01-01T03:17:12.000,NYPD,Noise - Residential,QUEENS,Closed
63593215,2025-01-01T02:26:49.000,2025-01-02T17:08:23.000,NYPD,Noise - Residential,BRONX,Closed
63594985,2025-01-01T02:26:58.000,2025-01-01T02:53:14.000,NYPD,Noise - Residential,QUEENS,Closed
63588390,2025-01-01T02:26:59.000,2025-01-02T17:02:40.000,NYPD,Noise - Residential,BRONX,Closed
63588540,2025-01-01T02:27:01.000,2025-01-01T03:13:35.000,NYPD,Illegal Fireworks,BROOKLYN,Closed
63592605,2025-01-01T02:27:05.000,2025-01-01T04:06:10.000,NYPD,Noise - Street/Sidewalk,BROOKLYN,Closed
63587808,2025-01-01T02:27:31.000,2025-01-01T03:32:45.000,NYPD,Blocked Driveway,BRONX,Closed
63586471,2025-01-01T02:27:32.000,2025-01-01T03:35:44.000,NYPD,Blocked Driveway,QUEENS,Closed
63575321,2025-01-01T02:27:33.000,2025-01-02T12:40:00.000,DOT,Street Condition,BROOKLYN,Closed
63587071,2025-01-01T02:27:37.000,2025-01-02T17:09:54.000,NYPD,Noise - Residential,BRONX,Closed
63585993,2025-01-01T02:27:37.000,2025-01-02T17:05:56.000,NYPD,Noise - Residential,BRONX,Closed
63588640,2025-01-01T02:27:43.000,2025-01-01T04:25:34.000,NYPD,Noise - Residential,BRONX,Closed
63587499,2025-01-01T02:27:48.000,2025-01-01T02:47:54.000,NYPD,Noise - Residential,BRONX,Closed
63595001,2025-01-01T02:27:51.000,2025-01-01T02:49:23.000,NYPD,Noise - Residential,MANHATTAN,Closed
63586574,2025-01-01T02:28:02.000,2025-01-02T14:10:42.000,HPD,HEAT/HOT WATER,BRONX,Closed
63593447,2025-01-01T02:28:15.000,2025-01-02T17:03:46.000,NYPD,Noise - Residential,BRONX,Closed
63586382,2025-01-01T02:28:18.000,2025-01-01T03:15:04.000,NYPD,Noise - Street/Sidewalk,MANHATTAN,Closed
63592927,2025-01-01T02:28:19.000,2025-01-01T02:49:50.000,NYPD,Disorderly Youth,BRONX,Closed
63592224,2025-01-01T02:28:24.000,2025-01-02T17:05:57.000,NYPD,Noise - Residential,BRONX,Closed
63586343,2025-01-01T02:28:26.000,2025-01-01T03:08:03.000,NYPD,Noise - Residential,MANHATTAN,Closed
63592535,2025-01-01T02:28:30.000,2025-01-01T03:27:23.000,NYPD,Noise - Residential,QUEENS,Closed
63590561,2025-01-01T02:28:40.000,2025-01-01T04:28:12.000,NYPD,Illegal Parking,BROOKLYN,Closed
63593768,2025-01-01T02:28:46.000,2025-01-01T02:51:33.000,NYPD,Noise - Residential,QUEENS,Closed
63586440,2025-01-01T02:28:50.000,2025-01-01T03:26:04.000,NYPD,Noise - Vehicle,BROOKLYN,Closed
63591302,2025-01-01T02:28:51.000,2025-01-01T02:48:03.000,NYPD,Noise - Residential,BRONX,Closed
63587033,2025-01-01T02:28:53.000,2025-01-02T17:02:40.000,NYPD,Noise - Residential,BRONX,Closed
63588628,2025-01-01T02:28:54.000,2025-01-01T02:50:01.000,NYPD,Noise - Commercial,BROOKLYN,Closed
63593721,2025-01-01T02:28:55.000,2025-01-01T03:37:55.000,NYPD,Noise - Residential,BROOKLYN,Closed
63594739,2025-01-01T02:29:12.000,2025-01-02T17:05:55.000,NYPD,Noise - Residential,BRONX,Closed
63591806,2025-01-01T02:29:14.000,2025-01-01T04:26:21.000,NYPD,Illegal Parking,BROOKLYN,Closed
63591175,2025-01-01T02:29:18.000,2025-01-01T04:08:44.000,NYPD,Noise - Residential,QUEENS,Closed
63586329,2025-01-01T02:29:24.000,2025-01-01T03:26:23.000,NYPD,Noise - Residential,BROOKLYN,Closed
63590065,2025-01-01T02:29:27.000,2025-01-01T02:45:48.000,NYPD,Noise - Street/Sidewalk,QUEENS,Closed
63593006,2025-01-01T02:29:27.000,2025-01-01T02:47:24.000,NYPD,Illegal Parking,BRONX,Closed
63590896,2025-01-01T02:29:31.000,2025-01-02T17:05:55.000,NYPD,Noise - Residential,BRONX,Closed
63589149,2025-01-01T02:29:34.000,2025-01-03T00:00:00.000,DOB,Boilers,BRONX,Closed
63589472,2025-01-01T02:29:34.000,2025-01-17T07:41:11.000,TLC,For Hire Vehicle Complaint,BROOKLYN,Closed
63590054,2025-01-01T02:29:51.000,2025-01-01T02:49:13.000,NYPD,Noise - Commercial,QUEENS,Closed
63586330,2025-01-01T02:29:53.000,2025-01-01T02:42:24.000,NYPD,Noise - Residential,BRONX,Closed
63586979,2025-01-01T02:29:59.000,2025-01-02T17:08:21.000,NYPD,Noise - Residential,BRONX,Closed
63588769,2025-01-01T02:30:02.000,2025-01-01T04:01:55.000,NYPD,Illegal Fireworks,BROOKLYN,Closed
63594940,2025-01-01T02:30:05.000,2025-01-01T02:51:57.000,NYPD,Illegal Fireworks,QUEENS,Closed
63585994,2025-01-01T02:30:09.000,2025-01-02T17:02:41.000,NYPD,Noise - Residential,BRONX,Closed
63587456,2025-01-01T02:30:36.000,2025-01-01T02:30:51.000,NYPD,Noise - Commercial,BROOKLYN,Closed
63588758,2025-01-01T02:30:36.000,2025-01-01T03:32:23.000,NYPD,Noise - Residential,BROOKLYN,Closed
63594601,2025-01-01T02:30:47.000,2025-01-02T17:11:30.000,NYPD,Noise - Residential,BRONX,Closed
63594872,2025-01-01T02:30:48.000,2025-01-02T17:03:46.000,NYPD,Noise - Residential,BRONX,Closed
63592477,2025-01-01T02:30:53.000,2025-01-01T02:44:16.000,NYPD,Illegal Fireworks,QUEENS,Closed
63594706,2025-01-01T02:31:07.000,2025-01-01T02:32:17.000,NYPD,Noise - Commercial,BROOKLYN,Closed
63585580,2025-01-01T02:31:08.000,2025-01-06T10:20:00.000,DOT,Street Condition,QUEENS,Closed
63587531,2025-01-01T02:31:22.000,2025-01-01T02:37:13.000,NYPD,Noise - Residential,MANHATTAN,Closed
63593237,2025-01-01T02:31:26.000,2025-01-02T17:08:16.000,NYPD,Noise - Residential,BRONX,Closed
63591313,2025-01-01T02:31:26.000,2025-01-01T02:55:11.000,NYPD,Noise - Residential,QUEENS,Closed
63593724,2025-01-01T02:31:30.000,2025-01-01T02:47:13.000,NYPD,Noise - Residential,QUEENS,Closed
63593808,2025-01-01T02:31:30.000,2025-01-01T02:42:45.000,NYPD,Noise - Residential,BRONX,Closed
63592013,2025-01-01T02:31:34.000,2025-01-02T17:05:58.000,NYPD,Noise - Residential,BRONX,Closed
63593778,2025-01-01T02:31:36.000,2025-01-01T02:48:03.000,NYPD,Noise - Residential,BRONX,Closed
63594982,2025-01-01T02:32:02.000,2025-01-01T03:10:49.000,NYPD,Noise - Residential,BROOKLYN,Closed
63589919,2025-01-01T02:32:04.000,2025-01-02T17:07:28.000,NYPD,Noise - Residential,BRONX,Closed
63586246,2025-01-01T02:32:16.000,2025-01-01T03:13:48.000,NYPD,Noise - Commercial,BROOKLYN,Closed
63586344,2025-01-01T02:32:17.000,2025-01-01T02:47:59.000,NYPD,Noise - Residential,MANHATTAN,Closed
63588233,2025-01-01T02:32:22.000,2025-01-02T17:08:20.000,NYPD,Noise - Residential,BRONX,Closed
63593672,2025-01-01T02:32:27.000,2025-01-01T02:45:49.000,NYPD,Noise - Residential,BROOKLYN,Closed
63590996,2025-01-01T02:32:42.000,2025-01-02T17:11:31.000,NYPD,Noise - Residential,BRONX,Closed
63591254,2025-01-01T02:32:43.000,2025-01-01T04:14:53.000,NYPD,Noise - Residential,QUEENS,Closed
63591155,2025-01-01T02:33:01.000,2025-01-01T02:58:23.000,NYPD,Noise - Commercial,BROOKLYN,Closed
63590778,2025-01-01T02:33:09.000,2025-01-02T17:11:25.000,NYPD,Noise - Residential,BRONX,Closed
63591327,2025-01-01T02:33:16.000,2025-01-01T03:05:33.000,NYPD,Noise - Street/Sidewalk,MANHATTAN,Closed
63586908,2025-01-01T02:33:20.000,2025-01-02T17:08:17.000,NYPD,Noise - Residential,BRONX,Closed
63592599,2025-01-01T02:33:25.000,2025-01-01T04:10:42.000,NYPD,Noise - Residential,QUEENS,Closed
63591344,2025-01-01T02:33:28.000,2025-01-01T03:03:55.000,NYPD,Noise - Street/Sidewalk,BRONX,Closed
63586763,2025-01-01T02:33:33.000,2025-01-01T03:40:41.000,NYPD,Illegal Parking,QUEENS,Closed
63593711,2025-01-01T02:33:35.000,2025-01-01T02:43:07.000,NYPD,Noise - Residential,BRONX,Closed
63589938,2025-01-01T02:33:46.000,2025-01-01T02:59:59.000,NYPD,Noise - Residential,BROOKLYN,Closed
63589908,2025-01-01T02:33:55.000,2025-01-01T02:49:37.000,NYPD,Noise - Street/Sidewalk,MANHATTAN,Closed
63587173,2025-01-01T02:33:57.000,2025-01-02T17:11:39.000,NYPD,Noise - Residential,BRONX,Closed
63592238,2025-01-01T02:33:58.000,2025-01-02T17:03:52.000,NYPD,Noise - Residential,BRONX,Closed
63588953,2025-01-01T02:34:11.000,2025-01-02T14:31:47.000,HPD,HEAT/HOT WATER,MANHATTAN,Closed
63586769,2025-01-01T02:34:22.000,2025-01-01T02:45:20.000,NYPD,Illegal Parking,QUEENS,Closed
63586795,2025-01-01T02:34:25.000,2025-01-01T02:37:14.000,NYPD,Illegal Parking,QUEENS,Closed
63585700,2025-01-01T02:34:36.000,2025-01-02T17:08:21.000,NYPD,Noise - Residential,BRONX,Closed
63591201,2025-01-01T02:34:45.000,2025-01-02T17:08:14.000,NYPD,Noise - Residential,BRONX,Closed
63593626,2025-01-01T02:34:57.000,2025-01-01T03:03:13.000,NYPD,Noise - Commercial,QUEENS,Closed
63588852,2025-01-01T02:35:04.000,2025-01-01T03:03:31.000,NYPD,Noise - Street/Sidewalk,MANHATTAN,Closed
63590806,2025-01-01T02:35:14.000,2025-01-02T17:05:58.000,NYPD,Noise - Residential,BRONX,Closed
63594994,2025-01-01T02:35:17.000,2025-01-01T02:48:32.000,NYPD,Noise - Residential,BRONX,Closed
63589671,2025-01-01T02:35:32.000,2025-01-02T16:30:20.000,NYPD,Noise - Residential,BRONX,Closed
63587142,2025-01-01T02:35:53.000,2025-01-02T17:03:45.000,NYPD,Noise - Residential,BRONX,Closed
63591189,2025-01-01T02:35:59.000,2025-01-01T04:33:01.000,NYPD,Noise - Residential,QUEENS,Closed
63593770,2025-01-01T02:36:02.000,2025-01-01T02:48:07.000,NYPD,Noise - Residential,QUEENS,Closed
63588604,2025-01-01T02:36:12.000,2025-01-01T02:52:23.000,NYPD,Noise - Residential,QUEENS,Closed
63592570,2025-01-01T02:36:18.000,2025-01-01T05:00:41.000,NYPD,Noise - Residential,BRONX,Closed
63592201,2025-01-01T02:36:20.000,2025-01-02T17:05:57.000,NYPD,Noise - Residential,BRONX,Closed
63589912,2025-01-01T02:36:26.000,2025-01-01T03:10:53.000,NYPD,Noise - Commercial,MANHATTAN,Closed
63586320,2025-01-01T02:36:26.000,2025-01-01T03:52:07.000,NYPD,Noise - Residential,BROOKLYN,Closed
63589805,2025-01-01T02:36:31.000,2025-01-02T17:08:21.000,NYPD,Noise - Residential,BRONX,Closed
63586413,2025-01-01T02:36:33.000,2025-01-01T03:13:57.000,NYPD,Noise - Residential,QUEENS,Closed
63591170,2025-01-01T02:36:41.000,2025-01-01T03:36:50.000,NYPD,Noise - Residential,QUEENS,Closed
63593850,2025-01-01T02:36:56.000,2025-01-01T02:58:31.000,NYPD,Noise - Residential,MANHATTAN,Closed
63594513,2025-01-01T02:37:07.000,2025-01-02T17:09:59.000,NYPD,Noise - Residential,BRONX,Closed
63594023,2025-01-01T02:37:08.000,2025-01-02T13:11:58.000,DSNY,Dumpster Complaint,BROOKLYN,Closed
63592068,2025-01-01T02:37:09.000,2025-01-02T17:09:55.000,NYPD,Noise - Residential,BRONX,Closed
63588797,2025-01-01T02:37:12.000,2025-01-01T02:50:13.000,NYPD,Noise - Street/Sidewalk,MANHATTAN,Closed
63594371,2025-01-01T02:37:22.000,2025-03-21T07:57:26.000,TLC,Taxi Complaint,BROOKLYN,Closed
63590008,2025-01-01T02:37:45.000,2025-01-01T05:26:09.000,NYPD,Noise - Residential,BRONX,Closed
63591283,2025-01-01T02:37:45.000,2025-01-01T02:46:54.000,NYPD,Noise - Residential,BROOKLYN,Closed
63586058,2025-01-01T02:37:47.000,2025-01-02T17:07:31.000,NYPD,Noise - Residential,BRONX,Closed
63592012,2025-01-01T02:37:55.000,2025-01-02T17:05:56.000,NYPD,Noise - Residential,BRONX,Closed
63588612,2025-01-01T02:37:57.000,2025-01-01T02:46:13.000,NYPD,Illegal Fireworks,QUEENS,Closed
63586427,2025-01-01T02:38:04.000,2025-01-01T02:44:36.000,NYPD,Noise - Residential,MANHATTAN,Closed
63586270,2025-01-01T02:38:06.000,2025-01-01T02:50:22.000,NYPD,Noise - Commercial,QUEENS,Closed
63587587,2025-01-01T02:38:15.000,2025-01-01T03:02:19.000,NYPD,Noise - Street/Sidewalk,MANHATTAN,Closed
63589945,2025-01-01T02:38:23.000,2025-01-01T02:39:28.000,NYPD,Noise - Residential,MANHATTAN,Closed
63594500,2025-01-01T02:38:26.000,2025-01-02T17:02:40.000,NYPD,Noise - Residential,BRONX,Closed
63588387,2025-01-01T02:38:42.000,2025-01-02T17:05:56.000,NYPD,Noise - Residential,BRONX,Closed
63594932,2025-01-01T02:38:52.000,2025-01-01T03:42:28.000,NYPD,Noise - Residential,BROOKLYN,Closed
63595023,2025-01-01T02:38:54.000,2025-01-01T03:08:16.000,NYPD,Noise - Residential,BROOKLYN,Closed
63591166,2025-01-01T02:39:03.000,2025-01-02T17:04:21.000,NYPD,Noise - Residential,BRONX,Closed
63588668,2025-01-01T02:39:08.000,2025-01-01T02:42:57.000,NYPD,Noise - Residential,QUEENS,Closed
63590055,2025-01-01T02:39:11.000,2025-01-01T02:46:22.000,NYPD,Noise - Commercial,QUEENS,Closed
63591335,2025-01-01T02:39:23.000,2025-01-01T03:02:35.000,NYPD,Noise - Street/Sidewalk,MANHATTAN,Closed
63593334,2025-01-01T02:39:30.000,2025-01-02T16:30:21.000,NYPD,Noise - Residential,BRONX,Closed
63594822,2025-01-01T02:39:33.000,2025-01-01T02:59:51.000,NYPD,Noise - Residential,QUEENS,Closed
63593533,2025-01-01T02:39:41.000,2025-01-02T17:09:55.000,NYPD,Noise - Residential,BRONX,Closed
63590681,2025-01-01T02:39:44.000,2025-01-02T11:30:02.000,DOT,Street Condition,BROOKLYN,Closed
63594064,2025-01-01T02:40:00.000,2025-01-01T09:30:00.000,DOT,Traffic Signal Condition,BROOKLYN,Closed
63589968,2025-01-01T02:40:02.000,2025-01-01T02:52:45.000,NYPD,Noise - Residential,QUEENS,Closed
63595021,2025-01-01T02:40:07.000,2025-01-01T02:51:03.000,NYPD,Noise - Street/Sidewalk,QUEENS,Closed
63589804,2025-01-01T02:40:18.000,2025-01-02T17:08:15.000,NYPD,Noise - Residential,BRONX,Closed
63589382,2025-01-01T02:40:19.000,2025-01-02T17:11:34.000,NYPD,Noise - Residential,BRONX,Closed
63595011,2025-01-01T02:40:20.000,2025-01-01T03:58:33.000,NYPD,Noise - Residential,BROOKLYN,Closed
63593736,2025-01-01T02:40:21.000,2025-01-01T03:13:53.000,NYPD,Noise - Commercial,BROOKLYN,Closed
63588756,2025-01-01T02:40:46.000,2025-01-01T03:37:43.000,NYPD,Noise - Residential,QUEENS,Closed
63591584,2025-01-01T02:40:57.000,2025-01-01T03:29:02.000,NYPD,Non-Emergency Police Matter,BRONX,Closed
63593324,2025-01-01T02:40:58.000,2025-01-02T17:05:57.000,NYPD,Noise - Residential,BRONX,Closed
63594786,2025-01-01T02:41:05.000,2025-01-02T17:07:31.000,NYPD,Noise - Residential,BRONX,Closed
63589903,2025-01-01T02:41:05.000,2025-01-01T03:13:53.000,NYPD,Noise - Commercial,BROOKLYN,Closed
63586383,2025-01-01T02:41:07.000,2025-01-01T03:32:57.000,NYPD,Noise - Street/Sidewalk,MANHATTAN,Closed
63588626,2025-01-01T02:41:10.000,2025-01-01T02:55:38.000,NYPD,Noise - Commercial,MANHATTAN,Closed
63591192,2025-01-01T02:41:17.000,2025-01-01T02:57:39.000,NYPD,Noise - Residential,BRONX,Closed
63589675,2025-01-01T02:41:35.000,2025-01-01T03:41:02.000,NYPD,Illegal Fireworks,BROOKLYN,Closed
63591107,2025-01-01T02:41:36.000,2025-01-02T17:08:20.000,NYPD,Noise - Residential,BRONX,Closed
63588692,2025-01-01T02:41:37.000,2025-01-01T02:51:00.000,NYPD,Noise - Residential,QUEENS,Closed
63592510,2025-01-01T02:41:38.000,2025-01-01T03:36:20.000,NYPD,Noise - Residential,QUEENS,Closed
63592632,2025-01-01T02:41:41.000,2025-01-01T03:20:16.000,NYPD,Noise - Street/Sidewalk,STATEN ISLAND,Closed
63594987,2025-01-01T02:41:46.000,2025-01-01T03:01:53.000,NYPD,Noise - Residential,BROOKLYN,Closed
63589891,2025-01-01T02:41:53.000,2025-01-02T16:30:22.000,NYPD,Noise - Residential,BRONX,Closed
63590847,2025-01-01T02:42:14.000,2025-01-02T17:11:29.000,NYPD,Noise - Residential,BRONX,Closed
63586393,2025-01-01T02:42:16.000,2025-01-01T03:14:01.000,NYPD,Noise - Street/Sidewalk,BROOKLYN,Closed
63588754,2025-01-01T02:42:22.000,2025-01-01T02:58:03.000,NYPD,Noise - Residential,BRONX,Closed
63590579,2025-01-01T02:42:37.000,2025-01-01T03:50:00.000,NYPD,Noise - Commercial,MANHATTAN,Closed
63595049,2025-01-01T02:42:38.000,2025-01-01T14:30:25.000,NYPD,Noise - Street/Sidewalk,MANHATTAN,Closed
63588629,2025-01-01T02:42:40.000,2025-01-02T17:07:29.000,NYPD,Noise - Residential,BRONX,Closed
63591246,2025-01-01T02:42:42.000,2025-01-01T03:13:18.000,NYPD,Noise - Residential,QUEENS,Closed
63593718,2025-01-01T02:42:46.000,2025-01-01T03:13:52.000,NYPD,Noise - Commercial,BROOKLYN,Closed
63593629,2025-01-01T02:42:52.000,2025-01-02T17:08:23.000,NYPD,Noise - Residential,BRONX,Closed
63590112,2025-01-01T02:42:58.000,2025-01-01T04:12:44.000,NYPD,Noise - Residential,BROOKLYN,Closed
63587580,2025-01-01T02:43:08.000,2025-01-01T04:09:10.000,NYPD,Noise - Residential,QUEENS,Closed
63588869,2025-01-01T02:43:09.000,2025-01-23T13:38:47.000,HPD,FLOORING/STAIRS,STATEN ISLAND,Closed
63590490,2025-01-01T02:43:14.000,2025-01-01T03:13:35.000,NYPD,Blocked Driveway,BROOKLYN,Closed
63589031,2025-01-01T02:43:22.000,2025-01-01T02:56:35.000,NYPD,Blocked Driveway,QUEENS,Closed
63594756,2025-01-01T02:43:28.000,2025-01-02T17:09:57.000,NYPD,Noise - Residential,BRONX,Closed
63592226,2025-01-01T02:43:30.000,2025-01-02T17:02:40.000,NYPD,Noise - Residential,BRONX,Closed
63592532,2025-01-01T02:43:30.000,2025-01-01T03:26:38.000,NYPD,Noise - Residential,QUEENS,Closed
63592400,2025-01-01T02:43:49.000,2025-01-01T03:41:28.000,NYPD,Illegal Fireworks,BROOKLYN,Closed
63590127,2025-01-01T02:43:49.000,2025-01-01T03:37:28.000,NYPD,Noise - Vehicle,QUEENS,Closed
63588771,2025-01-01T02:43:58.000,2025-01-01T02:55:14.000,NYPD,Noise - Commercial,BROOKLYN,Closed
63595247,2025-01-01T02:44:04.000,2025-01-01T03:08:46.000,NYPD,Blocked Driveway,QUEENS,Closed
63588533,2025-01-01T02:44:08.000,2025-01-02T17:07:29.000,NYPD,Noise - Residential,BRONX,Closed
63592589,2025-01-01T02:44:15.000,2025-01-01T03:12:21.000,NYPD,Noise - Vehicle,BROOKLYN,Closed
63593446,2025-01-01T02:44:15.000,2025-01-02T17:04:21.000,NYPD,Noise - Residential,BRONX,Closed
63593720,2025-01-01T02:44:43.000,2025-01-01T03:47:52.000,NYPD,Noise - Residential,BROOKLYN,Closed
63592172,2025-01-01T02:44:46.000,2025-01-02T17:09:56.000,NYPD,Noise - Residential,BRONX,Closed
63587882,2025-01-01T02:45:00.000,2025-01-01T10:20:00.000,DOT,Traffic Signal Condition,BROOKLYN,Closed
63586372,2025-01-01T02:45:03.000,2025-01-01T04:10:37.000,NYPD,Noise - Residential,BROOKLYN,Closed
63594671,2025-01-01T02:45:03.000,2025-01-02T17:07:33.000,NYPD,Noise - Residential,BRONX,Closed
63593835,2025-01-01T02:45:12.000,2025-01-01T04:08:49.000,NYPD,Noise - Residential,QUEENS,Closed
63589896,2025-01-01T02:45:20.000,2025-01-01T03:56:39.000,NYPD,Noise - Residential,BROOKLYN,Closed
63589430,2025-01-01T02:45:24.000,2025-01-02T17:05:57.000,NYPD,Noise - Residential,BRONX,Closed
63586388,2025-01-01T02:45:29.000,2025-01-01T03:26:44.000,NYPD,Noise - Residential,STATEN ISLAND,Closed
63586364,2025-01-01T02:45:47.000,2025-01-01T02:59:41.000,NYPD,Noise - Residential,QUEENS,Closed
63594870,2025-01-01T02:45:51.000,2025-01-02T17:04:21.000,NYPD,Noise - Residential,BRONX,Closed
63593709,2025-01-01T02:45:55.000,2025-03-21T08:00:50.000,TLC,Taxi Complaint,BROOKLYN,Closed
63591268,2025-01-01T02:45:55.000,2025-01-01T03:50:14.000,NYPD,Noise - Residential,QUEENS,Closed
63586172,2025-01-01T02:46:03.000,2025-01-02T17:08:16.000,NYPD,Noise - Residential,BRONX,Closed
63587560,2025-01-01T02:46:30.000,2025-01-01T03:05:48.000,NYPD,Noise - Residential,QUEENS,Closed
63587032,2025-01-01T02:46:38.000,2025-01-02T17:05:57.000,NYPD,Noise - Residential,BRONX,Closed
63587604,2025-01-01T02:46:38.000,2025-01-01T03:23:30.000,NYPD,Noise - Street/Sidewalk,BROOKLYN,Closed
63592192,2025-01-01T02:46:41.000,2025-01-02T17:11:30.000,NYPD,Noise - Residential,BRONX,Closed
63585645,2025-01-01T02:47:00.000,2025-01-02T08:03:00.000,DEP,Lead,QUEENS,Closed
63589435,2025-01-01T02:47:19.000,2025-01-02T17:02:41.000,NYPD,Noise - Residential,BRONX,Closed
63587112,2025-01-01T02:47:26.000,2025-01-02T17:07:29.000,NYPD,Noise - Residential,BRONX,Closed
63587618,2025-01-01T02:47:30.000,2025-01-01T03:16:36.000,NYPD,Noise - Vehicle,QUEENS,Closed
63588721,2025-01-01T02:47:37.000,2025-01-01T03:54:38.000,NYPD,Noise - Residential,BROOKLYN,Closed
63588420,2025-01-01T02:47:57.000,2025-01-02T17:08:19.000,NYPD,Noise - Residential,BRONX,Closed
63589910,2025-01-01T02:48:00.000,2025-01-01T04:37:30.000,NYPD,Noise - Commercial,MANHATTAN,Closed
63587349,2025-01-01T02:48:13.000,2025-01-02T16:30:23.000,NYPD,Noise - Residential,BRONX,Closed
63591308,2025-01-01T02:48:15.000,2025-01-01T03:09:24.000,NYPD,Noise - Residential,BRONX,Closed
63592588,2025-01-01T02:48:24.000,2025-01-01T03:16:17.000,NYPD,Noise - Vehicle,QUEENS,Closed
63587417,2025-01-01T02:48:35.000,2025-01-02T17:04:21.000,NYPD,Noise - Residential,BRONX,Closed
63593643,2025-01-01T02:49:01.000,2025-01-02T17:04:21.000,NYPD,Noise - Residential,BRONX,Closed
63593804,2025-01-01T02:49:06.000,2025-01-01T05:42:43.000,NYPD,Noise - Residential,MANHATTAN,Closed
63587561,2025-01-01T02:49:09.000,2025-01-01T03:09:23.000,NYPD,Noise - Residential,MANHATTAN,Closed
63593517,2025-01-01T02:49:13.000,2025-01-02T17:05:57.000,NYPD,Noise - Residential,BRONX,Closed
63587615,2025-01-01T02:49:24.000,2025-01-01T02:55:08.000,NYPD,Noise - Street/Sidewalk,BROOKLYN,Closed
63591292,2025-01-01T02:49:25.000,2025-01-01T03:43:15.000,NYPD,Noise - Residential,QUEENS,Closed
63593744,2025-01-01T02:49:26.000,2025-01-01T03:58:49.000,NYPD,Noise - Residential,BROOKLYN,Closed
63591772,2025-01-01T02:49:37.000,2025-01-07T17:47:41.000,DSNY,Illegal Dumping,BROOKLYN,Closed
63591276,2025-01-01T02:49:44.000,2025-01-01T03:33:11.000,NYPD,Noise - Residential,MANHATTAN,Closed
63588430,2025-01-01T02:49:48.000,2025-01-02T17:04:21.000,NYPD,Noise - Residential,BRONX,Closed
63588168,2025-01-01T02:49:52.000,2025-01-02T17:07:33.000,NYPD,Noise - Residential,BRONX,Closed
63587529,2025-01-01T02:49:53.000,2025-01-01T02:56:50.000,NYPD,Noise - Residential,QUEENS,Closed
63589625,2025-01-01T02:49:55.000,2025-01-02T06:03:24.000,NYPD,Noise - Residential,BRONX,Closed
63594841,2025-01-01T02:50:04.000,2025-01-01T04:37:15.000,NYPD,Noise - Residential,MANHATTAN,Closed
63587336,2025-01-01T02:50:30.000,2025-01-02T17:08:15.000,NYPD,Noise - Residential,BRONX,Closed
63594737,2025-01-01T02:50:36.000,2025-01-02T17:05:56.000,NYPD,Noise - Residential,BRONX,Closed
63588667,2025-01-01T02:50:46.000,2025-01-01T03:24:07.000,NYPD,Noise - Residential,BROOKLYN,Closed
63593607,2025-01-01T02:50:47.000,2025-09-03T00:00:00.000,DOB,Elevator,BRONX,Closed
63594908,2025-01-01T02:50:47.000,2025-01-01T03:29:46.000,NYPD,Noise - Residential,BROOKLYN,Closed
63586438,2025-01-01T02:50:48.000,2025-01-01T03:54:21.000,NYPD,Noise - Street/Sidewalk,MANHATTAN,Closed
63588726,2025-01-01T02:50:54.000,2025-01-01T03:47:28.000,NYPD,Noise - Street/Sidewalk,QUEENS,Closed
63587031,2025-01-01T02:51:08.000,2025-01-02T17:05:58.000,NYPD,Noise - Residential,BRONX,Closed
63594744,2025-01-01T02:51:18.000,2025-01-01T03:51:30.000,NYPD,Noise - Commercial,BROOKLYN,Closed
63587513,2025-01-01T02:51:22.000,2025-01-01T04:33:35.000,NYPD,Noise - Residential,BROOKLYN,Closed
63594826,2025-01-01T02:51:24.000,2025-01-02T17:04:21.000,NYPD,Noise - Residential,BRONX,Closed
63588744,2025-01-01T02:51:32.000,2025-01-01T03:32:35.000,NYPD,Noise - Residential,STATEN ISLAND,Closed
63586317,2025-01-01T02:51:41.000,2025-01-01T03:07:25.000,NYPD,Noise - Residential,QUEENS,Closed
63592387,2025-01-01T02:51:46.000,2025-01-02T17:11:41.000,NYPD,Noise - Residential,BRONX,Closed
63593582,2025-01-01T02:52:11.000,2025-01-02T17:04:21.000,NYPD,Noise - Residential,BRONX,Closed
63586411,2025-01-01T02:52:18.000,2025-01-01T03:26:40.000,NYPD,Noise - Residential,BROOKLYN,Closed
63586354,2025-01-01T02:52:18.000,2025-01-01T03:07:15.000,NYPD,Noise - Residential,QUEENS,Closed
63592892,2025-01-01T02:52:18.000,2025-01-01T03:10:07.000,NYPD,Blocked Driveway,BROOKLYN,Closed
63588611,2025-01-01T02:52:21.000,2025-01-01T03:00:42.000,NYPD,Illegal Fireworks,MANHATTAN,Closed
63593370,2025-01-01T02:52:24.000,2025-01-02T17:09:52.000,NYPD,Noise - Residential,BRONX,Closed
63588732,2025-01-01T02:52:32.000,2025-01-01T03:09:35.000,NYPD,Noise - Residential,QUEENS,Closed
63592916,2025-01-01T02:52:46.000,2025-01-01T03:07:19.000,NYPD,Non-Emergency Police Matter,BROOKLYN,Closed
63588167,2025-01-01T02:52:59.000,2025-01-02T17:07:32.000,NYPD,Noise - Residential,BRONX,Closed
63587049,2025-01-01T02:53:00.000,2025-01-03T01:21:00.000,DEP,Noise,MANHATTAN,Closed
63587462,2025-01-01T02:53:01.000,2025-01-01T03:34:32.000,NYPD,Noise - Commercial,MANHATTAN,Closed
63591031,2025-01-01T02:53:02.000,2025-01-02T17:09:55.000,NYPD,Noise - Residential,BRONX,Closed
63590043,2025-01-01T02:53:14.000,2025-01-01T05:25:36.000,NYPD,Noise - Street/Sidewalk,BRONX,Closed
63588622,2025-01-01T02:53:14.000,2025-01-01T03:19:30.000,NYPD,Noise - Residential,QUEENS,Closed
63587509,2025-01-01T02:53:33.000,2025-01-01T03:30:05.000,NYPD,Noise - Residential,QUEENS,Closed
63590050,2025-01-01T02:53:36.000,2025-01-01T03:13:37.000,NYPD,Noise - Commercial,BRONX,Closed
63592225,2025-01-01T02:53:40.000,2025-01-02T17:02:42.000,NYPD,Noise - Residential,BRONX,Closed
63593322,2025-01-01T02:53:46.000,2025-01-02T17:05:56.000,NYPD,Noise - Residential,BRONX,Closed
63591151,2025-01-01T02:53:54.000,2025-01-01T03:11:19.000,NYPD,Noise - Residential,QUEENS,Closed
63594999,2025-01-01T02:53:58.000,2025-01-01T03:19:53.000,NYPD,Noise - Residential,QUEENS,Closed
63586074,2025-01-01T02:54:18.000,2025-01-02T17:04:21.000,NYPD,Noise - Residential,BRONX,Closed
63593773,2025-01-01T02:54:31.000,2025-01-01T15:24:53.000,NYPD,Noise - Residential,BRONX,Closed
63591037,2025-01-01T02:54:34.000,2025-01-02T17:11:32.000,NYPD,Noise - Residential,BRONX,Closed
63590016,2025-01-01T02:54:44.000,2025-01-01T05:23:20.000,NYPD,Noise - Residential,STATEN ISLAND,Closed
63586443,2025-01-01T02:54:56.000,2025-01-01T03:05:32.000,NYPD,Noise - Street/Sidewalk,MANHATTAN,Closed
63589890,2025-01-01T02:54:56.000,2025-01-02T17:02:41.000,NYPD,Noise - Residential,BRONX,Closed
63586346,2025-01-01T02:55:16.000,2025-01-01T04:10:46.000,NYPD,Noise - Residential,QUEENS,Closed
63591616,2025-01-01T02:55:19.000,2025-01-01T03:09:27.000,NYPD,Non-Emergency Police Matter,BROOKLYN,Closed
63592184,2025-01-01T02:55:22.000,2025-01-02T17:08:21.000,NYPD,Noise - Residential,BRONX,Closed
63593849,2025-01-01T02:55:26.000,2025-01-01T03:33:41.000,NYPD,Noise - Residential,STATEN ISLAND,Closed
63595000,2025-01-01T02:55:31.000,2025-01-01T06:06:57.000,NYPD,Noise - Residential,BROOKLYN,Closed
63592610,2025-01-01T02:55:34.000,2025-01-01T03:37:59.000,NYPD,Noise - Residential,BRONX,Closed
63587376,2025-01-01T02:55:35.000,2025-01-02T17:11:31.000,NYPD,Noise - Residential,BRONX,Closed
63591275,2025-01-01T02:55:41.000,2025-01-01T04:04:20.000,NYPD,Noise - Residential,BROOKLYN,Closed
63588719,2025-01-01T02:55:42.000,2025-01-01T03:32:01.000,NYPD,Noise - Residential,BRONX,Closed
63580421,2025-01-01T02:55:52.000,2025-01-06T11:00:00.000,DOT,Street Condition,QUEENS,Closed
63591011,2025-01-01T02:56:09.000,2025-01-02T17:11:42.000,NYPD,Noise - Residential,BRONX,Closed
63588041,2025-01-01T02:56:11.000,2025-01-01T03:24:56.000,NYPD,Illegal Parking,BROOKLYN,Closed
63592199,2025-01-01T02:56:13.000,2025-01-02T17:05:58.000,NYPD,Noise - Residential,BRONX,Closed
63591124,2025-01-01T02:56:51.000,2025-01-02T17:09:56.000,NYPD,Noise - Residential,BRONX,Closed
63586368,2025-01-01T02:56:55.000,2025-01-01T03:32:17.000,NYPD,Noise - Residential,BRONX,Closed
63592236,2025-01-01T02:56:56.000,2025-01-02T17:04:21.000,NYPD,Noise - Residential,BRONX,Closed
63588665,2025-01-01T02:57:03.000,2025-01-01T03:17:19.000,NYPD,Noise - Residential,QUEENS,Closed
63586390,2025-01-01T02:57:07.000,2025-01-01T17:12:50.000,NYPD,Noise - Residential,BRONX,Closed
63586506,2025-01-01T02:57:22.000,2025-01-01T03:17:41.000,NYPD,Blocked Driveway,STATEN ISLAND,Closed
63590372,2025-01-01T02:57:24.000,2025-01-01T03:25:46.000,NYPD,Blocked Driveway,STATEN ISLAND,Closed
63592465,2025-01-01T02:57:25.000,2025-01-01T09:30:51.000,NYPD,Noise - Commercial,BROOKLYN,Closed
63586509,2025-01-01T02:57:25.000,2025-01-01T03:06:28.000,NYPD,Non-Emergency Police Matter,BROOKLYN,Closed
63593651,2025-01-01T02:57:29.000,2025-01-02T17:08:16.000,NYPD,Noise - Residential,BRONX,Closed
63589880,2025-01-01T02:57:37.000,2025-01-01T03:21:45.000,NYPD,Noise - Residential,QUEENS,Closed
63590780,2025-01-01T02:57:44.000,2025-01-02T17:07:29.000,NYPD,Noise - Residential,BRONX,Closed
63586249,2025-01-01T02:57:49.000,2025-01-01T03:12:24.000,NYPD,Noise - Commercial,MANHATTAN,Closed
63590090,2025-01-01T02:58:02.000,2025-01-01T03:24:53.000,NYPD,Noise - Residential,MANHATTAN,Closed
63586069,2025-01-01T02:58:07.000,2025-01-02T17:04:21.000,NYPD,Noise - Residential,BRONX,Closed
63592355,2025-01-01T02:58:32.000,2025-01-02T17:11:33.000,NYPD,Noise - Residential,BRONX,Closed
63592060,2025-01-01T02:58:45.000,2025-01-02T17:02:41.000,NYPD,Noise - Residential,BRONX,Closed
63585852,2025-01-01T02:59:19.000,2025-01-02T17:07:30.000,NYPD,Noise - Residential,BRONX,Closed
63593247,2025-01-01T02:59:23.000,2025-01-02T17:07:29.000,NYPD,Noise - Residential,BRONX,Closed
63587566,2025-01-01T02:59:34.000,2025-01-01T06:16:47.000,NYPD,Noise - Residential,BRONX,Closed
63594291,2025-01-01T02:59:48.000,2025-01-01T04:08:47.000,NYPD,Illegal Parking,BROOKLYN,Closed
63586499,2025-01-01T02:59:48.000,2025-01-01T03:22:59.000,NYPD,Blocked Driveway,QUEENS,Closed
63590481,2025-01-01T03:00:00.000,2025-01-01T03:22:45.000,NYPD,Blocked Driveway,QUEENS,Closed
63586149,2025-01-01T03:00:02.000,2025-01-02T17:08:19.000,NYPD,Noise - Residential,BRONX,Closed
63587416,2025-01-01T03:00:07.000,2025-01-02T17:04:21.000,NYPD,Noise - Residential,BRONX,Closed
63592483,2025-01-01T03:00:12.000,2025-01-01T03:49:56.000,NYPD,Noise - Residential,MANHATTAN,Closed
63586265,2025-01-01T03:00:17.000,2025-01-01T03:59:17.000,NYPD,Noise - Residential,BROOKLYN,Closed
63590062,2025-01-01T03:00:17.000,2025-01-01T03:08:00.000,NYPD,Noise - Residential,QUEENS,Closed
63592572,2025-01-01T03:00:22.000,2025-01-01T03:19:59.000,NYPD,Noise - Street/Sidewalk,STATEN ISLAND,Closed
63591867,2025-01-01T03:00:29.000,2025-01-02T13:10:33.000,DSNY,Abandoned Bike,BROOKLYN,Closed
63592191,2025-01-01T03:00:40.000,2025-01-02T17:11:33.000,NYPD,Noise - Residential,BRONX,Closed
63587489,2025-01-01T03:00:43.000,2025-01-01T03:41:21.000,NYPD,Noise - Residential,BRONX,Closed
63595335,2025-01-01T03:00:43.000,2025-01-01T03:17:10.000,NYPD,Illegal Parking,STATEN ISLAND,Closed
63594849,2025-01-01T03:00:54.000,2025-01-02T17:08:13.000,NYPD,Noise - Residential,BRONX,Closed
63586460,2025-01-01T03:00:54.000,2025-01-01T04:42:48.000,DHS,Homeless Person Assistance,MANHATTAN,Closed
63590004,2025-01-01T03:00:55.000,2025-01-01T03:33:44.000,NYPD,Noise - Residential,MANHATTAN,Closed
63592304,2025-01-01T03:01:18.000,2025-01-02T17:10:00.000,NYPD,Noise - Residential,BRONX,Closed
63593441,2025-01-01T03:01:19.000,2025-01-06T02:03:47.000,NYPD,Noise - Residential,BRONX,Closed
63594931,2025-01-01T03:01:36.000,2025-01-01T05:08:37.000,NYPD,Noise - Residential,BROOKLYN,Closed
63589053,2025-01-01T03:01:39.000,2025-01-04T10:12:57.000,HPD,HEAT/HOT WATER,MANHATTAN,Closed
63587362,2025-01-01T03:01:42.000,2025-01-02T17:11:32.000,NYPD,Noise - Residential,BRONX,Closed
63593803,2025-01-01T03:01:47.000,2025-01-01T03:59:03.000,NYPD,Noise - Residential,BROOKLYN,Closed
63591332,2025-01-01T03:01:54.000,2025-01-01T03:27:58.000,NYPD,Noise - Residential,QUEENS,Closed
63589989,2025-01-01T03:01:56.000,2025-01-02T17:11:35.000,NYPD,Noise - Residential,BRONX,Closed
63589990,2025-01-01T03:02:00.000,2025-01-01T10:25:00.000,DEP,Water System,BRONX,Closed
63591281,2025-01-01T03:02:17.000,2025-01-01T04:22:35.000,NYPD,Noise - Residential,QUEENS,Closed
63594589,2025-01-01T03:02:29.000,2025-01-02T17:08:23.000,NYPD,Noise - Residential,BRONX,Closed
63588848,2025-01-01T03:02:32.000,2025-01-01T03:19:06.000,NYPD,Noise - Street/Sidewalk,MANHATTAN,Closed
63588425,2025-01-01T03:02:34.000,2025-01-02T17:11:38.000,NYPD,Noise - Residential,BRONX,Closed
63588591,2025-01-01T03:03:12.000,2025-01-02T17:05:58.000,NYPD,Noise - Residential,BRONX,Closed
63588774,2025-01-01T03:03:15.000,2025-01-02T00:00:00.000,DOB,Elevator,BRONX,Closed
63585945,2025-01-01T03:03:17.000,2025-01-02T17:05:59.000,NYPD,Noise - Residential,BRONX,Closed
63586399,2025-01-01T03:03:31.000,2025-01-01T03:32:52.000,NYPD,Noise - Residential,MANHATTAN,Closed
63592596,2025-01-01T03:03:35.000,2025-01-01T03:33:01.000,NYPD,Noise - Residential,BROOKLYN,Closed
63589934,2025-01-01T03:03:39.000,2025-01-01T03:04:42.000,NYPD,Noise - Commercial,BROOKLYN,Closed
63594790,2025-01-01T03:03:50.000,2025-01-02T17:02:41.000,NYPD,Noise - Residential,BRONX,Closed
63591556,2025-01-01T03:03:57.000,2025-01-01T03:14:22.000,NYPD,Blocked Driveway,QUEENS,Closed
63589514,2025-01-01T03:04:05.000,2025-01-02T17:04:21.000,NYPD,Noise - Residential,BRONX,Closed
63592452,2025-01-01T03:04:08.000,2025-01-01T03:22:18.000,NYPD,Noise - Residential,QUEENS,Closed
63592720,2025-01-01T03:04:21.000,2025-01-02T19:57:52.000,HPD,HEAT/HOT WATER,BROOKLYN,Closed
63587096,2025-01-01T03:04:28.000,2025-01-02T17:07:29.000,NYPD,Noise - Residential,BRONX,Closed
63586702,2025-01-01T03:04:31.000,2025-01-01T03:35:15.000,NYPD,Illegal Parking,BROOKLYN,Closed
63587419,2025-01-01T03:04:34.000,2025-01-01T03:04:47.000,NYPD,Noise - Commercial,BROOKLYN,Closed
63592548,2025-01-01T03:04:52.000,2025-01-01T04:23:29.000,NYPD,Noise - Residential,QUEENS,Closed
63589988,2025-01-01T03:04:52.000,2025-01-02T17:11:30.000,NYPD,Noise - Residential,BRONX,Closed
63591008,2025-01-01T03:05:06.000,2025-01-02T17:11:29.000,NYPD,Noise - Residential,BRONX,Closed
63592549,2025-01-01T03:05:08.000,2025-01-01T03:38:05.000,NYPD,Noise - Residential,BROOKLYN,Closed
63587480,2025-01-01T03:05:24.000,2025-01-01T04:37:16.000,NYPD,Noise - Residential,BRONX,Closed
63587524,2025-01-01T03:05:25.000,2025-01-01T03:59:19.000,NYPD,Noise - Residential,BROOKLYN,Closed
63588796,2025-01-01T03:05:28.000,2025-01-01T03:19:15.000,NYPD,Noise - Street/Sidewalk,STATEN ISLAND,Closed
63590903,2025-01-01T03:05:40.000,2025-01-02T17:09:58.000,NYPD,Noise - Residential,BRONX,Closed
63589501,2025-01-01T03:05:45.000,2025-01-02T17:04:21.000,NYPD,Noise - Residential,BRONX,Closed
63593767,2025-01-01T03:06:01.000,2025-01-01T03:25:19.000,NYPD,Noise - Residential,QUEENS,Closed
63591191,2025-01-01T03:06:15.000,2025-01-01T04:27:15.000,NYPD,Noise - Residential,BRONX,Closed
63591007,2025-01-01T03:06:23.000,2025-01-02T17:11:38.000,NYPD,Noise - Residential,BRONX,Closed
63591074,2025-01-01T03:06:27.000,2025-01-02T17:04:21.000,NYPD,Noise - Residential,BRONX,Closed
63587345,2025-01-01T03:07:01.000,2025-01-02T17:05:57.000,NYPD,Noise - Residential,BRONX,Closed
63587435,2025-01-01T03:07:03.000,2025-01-01T03:43:06.000,NYPD,Noise - Residential,QUEENS,Closed
63586422,2025-01-01T03:07:03.000,2025-01-01T03:11:29.000,NYPD,Noise - Street/Sidewalk,BROOKLYN,Closed
63588761,2025-01-01T03:07:10.000,2025-01-01T03:28:00.000,NYPD,Noise - Residential,BROOKLYN,Closed
63593836,2025-01-01T03:07:11.000,2025-01-01T03:54:38.000,NYPD,Noise - Street/Sidewalk,MANHATTAN,Closed
63594616,2025-01-01T03:07:15.000,2025-01-02T17:11:28.000,NYPD,Noise - Residential,BRONX,Closed
63590134,2025-01-01T03:07:25.000,2025-01-19T05:04:07.000,HPD,DOOR/WINDOW,MANHATTAN,Closed
63586296,2025-01-01T03:07:27.000,2025-01-01T05:20:29.000,NYPD,Noise - Residential,BRONX,Closed
63592584,2025-01-01T03:07:35.000,2025-01-01T04:47:19.000,NYPD,Noise - Residential,QUEENS,Closed
63586141,2025-01-01T03:07:39.000,2025-01-02T17:08:15.000,NYPD,Noise - Residential,BRONX,Closed
63590440,2025-01-01T03:07:54.000,2025-01-01T06:56:54.000,NYPD,Illegal Parking,BROOKLYN,Closed
63593321,2025-01-01T03:08:02.000,2025-01-02T17:05:57.000,NYPD,Noise - Residential,BRONX,Closed
63588614,2025-01-01T03:08:17.000,2025-01-02T17:02:40.000,NYPD,Noise - Residential,BRONX,Closed
63592513,2025-01-01T03:08:36.000,2025-01-01T05:19:34.000,NYPD,Noise - Residential,BRONX,Closed
63589428,2025-01-01T03:08:50.000,2025-01-02T17:05:59.000,NYPD,Noise - Residential,BRONX,Closed
63591914,2025-01-01T03:08:56.000,2025-01-02T17:07:28.000,NYPD,Noise - Residential,BRONX,Closed
63593748,2025-01-01T03:09:02.000,2025-01-01T03:30:07.000,NYPD,Noise - Residential,QUEENS,Closed
63594237,2025-01-01T03:09:03.000,2025-01-01T03:53:59.000,NYPD,Blocked Driveway,QUEENS,Closed
63587578,2025-01-01T03:09:22.000,2025-01-01T03:40:29.000,NYPD,Noise - Residential,QUEENS,Closed
63588718,2025-01-01T03:09:25.000,2025-01-01T03:38:08.000,NYPD,Noise - Residential,BROOKLYN,Closed
63589500,2025-01-01T03:09:33.000,2025-01-02T17:04:21.000,NYPD,Noise - Residential,BRONX,Closed
63586039,2025-01-01T03:09:38.000,2025-01-02T17:04:21.000,NYPD,Noise - Residential,BRONX,Closed
63592933,2025-01-01T03:10:00.000,2025-01-01T03:35:26.000,NYPD,Blocked Driveway,QUEENS,Closed
63593340,2025-01-01T03:10:11.000,2025-01-02T17:09:55.000,NYPD,Noise - Residential,BRONX,Closed
63592509,2025-01-01T03:10:13.000,2025-01-01T03:26:34.000,NYPD,Noise - Residential,MANHATTAN,Closed
63592059,2025-01-01T03:10:25.000,2025-01-02T16:30:23.000,NYPD,Noise - Residential,BRONX,Closed
63593725,2025-01-01T03:10:34.000,2025-01-01T04:09:03.000,NYPD,Noise - Residential,BROOKLYN,Closed
63592573,2025-01-01T03:10:37.000,2025-01-01T06:17:57.000,NYPD,Noise - Street/Sidewalk,BROOKLYN,Closed
63594805,2025-01-01T03:10:47.000,2025-01-01T03:43:31.000,NYPD,Noise - Residential,BROOKLYN,Closed
63591030,2025-01-01T03:10:50.000,2025-01-02T17:09:55.000,NYPD,Noise - Residential,BRONX,Closed
63592734,2025-01-01T03:10:55.000,2025-01-03T13:03:05.000,HPD,HEAT/HOT WATER,MANHATTAN,Closed
63594789,2025-01-01T03:11:13.000,2025-01-02T16:30:24.000,NYPD,Noise - Residential,BRONX,Closed
63594884,2025-01-01T03:11:28.000,2025-01-02T17:11:31.000,NYPD,Noise - Residential,BRONX,Closed
63590013,2025-01-01T03:11:30.000,2025-01-01T03:34:21.000,NYPD,Noise - Residential,MANHATTAN,Closed
63587627,2025-01-01T03:11:46.000,2025-01-01T03:58:40.000,NYPD,Noise - Residential,MANHATTAN,Closed
63586363,2025-01-01T03:11:48.000,2025-01-01T03:38:44.000,NYPD,Noise - Residential,BRONX,Closed
63585922,2025-01-01T03:12:00.000,2025-01-02T17:05:57.000,NYPD,Noise - Residential,BRONX,Closed
63594499,2025-01-01T03:12:06.000,2025-01-02T17:02:42.000,NYPD,Noise - Residential,BRONX,Closed
63589964,2025-01-01T03:12:28.000,2025-01-01T04:39:29.000,NYPD,Noise - Residential,BRONX,Closed
63591195,2025-01-01T03:12:43.000,2025-01-01T03:48:18.000,NYPD,Noise - Residential,BROOKLYN,Closed
63587029,2025-01-01T03:12:45.000,2025-01-02T17:05:58.000,NYPD,Noise - Residential,BRONX,Closed
63590885,2025-01-01T03:12:48.000,2025-01-02T17:07:30.000,NYPD,Noise - Residential,BRONX,Closed
63589992,2025-01-01T03:12:54.000,2025-01-01T03:47:05.000,NYPD,Noise - Residential,BRONX,Closed
63590353,2025-01-01T03:12:57.000,2025-01-01T03:54:51.000,NYPD,Non-Emergency Police Matter,MANHATTAN,Closed
63594876,2025-01-01T03:13:13.000,2025-01-01T03:59:40.000,NYPD,Noise - Residential,QUEENS,Closed
63592034,2025-01-01T03:13:22.000,2025-01-02T17:02:41.000,NYPD,Noise - Residential,BRONX,Closed
63591256,2025-01-01T03:13:23.000,2025-01-01T03:23:53.000,NYPD,Noise - Residential,STATEN ISLAND,Closed
63587220,2025-01-01T03:13:35.000,2025-01-02T16:30:25.000,NYPD,Noise - Residential,BRONX,Closed
63586387,2025-01-01T03:13:57.000,2025-01-01T04:00:19.000,NYPD,Noise - Residential,BROOKLYN,Closed
63592967,2025-01-01T03:13:58.000,2025-01-01T09:50:46.000,NYPD,Illegal Parking,BROOKLYN,Closed
63592266,2025-01-01T03:14:00.000,2025-01-02T17:05:59.000,NYPD,Noise - Residential,BRONX,Closed
63593683,2025-01-01T03:14:23.000,2025-01-02T17:11:33.000,NYPD,Noise - Residential,BRONX,Closed
63587219,2025-01-01T03:14:38.000,2025-01-02T17:05:59.000,NYPD,Noise - Residential,BRONX,Closed
63586342,2025-01-01T03:14:51.000,2025-01-01T03:45:18.000,NYPD,Noise - Residential,QUEENS,Closed
63594938,2025-01-01T03:14:54.000,2025-01-01T03:50:21.000,NYPD,Noise - Street/Sidewalk,MANHATTAN,Closed
63586038,2025-01-01T03:15:10.000,2025-01-02T17:04:21.000,NYPD,Noise - Residential,BRONX,Closed
63585997,2025-01-01T03:15:16.000,2025-01-02T17:09:59.000,NYPD,Noise - Residential,BRONX,Closed
63592569,2025-01-01T03:15:45.000,2025-01-01T04:21:53.000,NYPD,Noise - Residential,QUEENS,Closed
63590049,2025-01-01T03:15:50.000,2025-01-01T03:45:48.000,NYPD,Noise - Commercial,MANHATTAN,Closed
63586101,2025-01-01T03:15:55.000,2025-01-02T17:11:27.000,NYPD,Noise - Residential,BRONX,Closed
63594922,2025-01-01T03:15:58.000,2025-01-02T17:11:40.000,NYPD,Noise - Residential,BRONX,Closed
63588840,2025-01-01T03:16:03.000,2025-01-01T04:11:59.000,NYPD,Noise - Residential,MANHATTAN,Closed
63587954,2025-01-01T03:16:13.000,2025-01-01T03:42:26.000,NYPD,Blocked Driveway,QUEENS,Closed
63593023,2025-01-01T03:16:22.000,2025-01-01T03:36:39.000,NYPD,Illegal Parking,BRONX,Closed
63592568,2025-01-01T03:16:23.000,2025-01-01T04:27:12.000,NYPD,Noise - Residential,QUEENS,Closed
63593776,2025-01-01T03:16:32.000,2025-01-01T03:34:39.000,NYPD,Noise - Residential,QUEENS,Closed
63585992,2025-01-01T03:16:33.000,2025-01-02T17:02:40.000,NYPD,Noise - Residential,BRONX,Closed
63586326,2025-01-01T03:16:40.000,2025-01-01T07:14:51.000,NYPD,Noise - Residential,BRONX,Closed
63592595,2025-01-01T03:16:42.000,2025-01-01T03:17:50.000,NYPD,Noise - Residential,BROOKLYN,Closed
63585687,2025-01-01T03:16:45.000,2025-01-03T15:48:49.000,DOHMH,Rodent,QUEENS,Closed
63588697,2025-01-01T03:16:46.000,2025-01-02T17:11:35.000,NYPD,Noise - Residential,BRONX,Closed
63592265,2025-01-01T03:17:11.000,2025-01-02T17:05:58.000,NYPD,Noise - Residential,BRONX,Closed
63594978,2025-01-01T03:17:19.000,2025-01-01T03:26:17.000,NYPD,Noise - Residential,QUEENS,Closed
63593553,2025-01-01T03:17:33.000,2025-01-02T17:10:00.000,NYPD,Noise - Residential,BRONX,Closed
63591325,2025-01-01T03:17:34.000,2025-01-01T04:03:32.000,NYPD,Noise - Street/Sidewalk,MANHATTAN,Closed
63594848,2025-01-01T03:17:50.000,2025-01-02T17:08:26.000,NYPD,Noise - Residential,BRONX,Closed
63592303,2025-01-01T03:18:21.000,2025-01-02T17:09:55.000,NYPD,Noise - Residential,BRONX,Closed
63593246,2025-01-01T03:18:27.000,2025-01-02T17:07:32.000,NYPD,Noise - Residential,BRONX,Closed
63591213,2025-01-01T03:18:35.000,2025-01-01T04:25:35.000,NYPD,Noise - Residential,QUEENS,Closed
63590024,2025-01-01T03:18:37.000,2025-01-01T03:49:15.000,NYPD,Noise - Residential,MANHATTAN,Closed
63589030,2025-01-01T03:18:37.000,2025-01-01T03:40:40.000,NYPD,Blocked Driveway,QUEENS,Closed
63587583,2025-01-01T03:19:04.000,2025-01-01T03:48:59.000,NYPD,Noise - Residential,BROOKLYN,Closed
63588519,2025-01-01T03:19:05.000,2025-01-02T17:08:22.000,NYPD,Noise - Residential,BRONX,Closed
63594712,2025-01-01T03:19:08.000,2025-01-02T17:05:58.000,NYPD,Noise - Residential,BRONX,Closed
63590063,2025-01-01T03:19:10.000,2025-01-01T04:29:26.000,NYPD,Noise - Residential,QUEENS,Closed
63593838,2025-01-01T03:19:24.000,2025-01-01T03:28:11.000,NYPD,Noise - Vehicle,MANHATTAN,Closed
63590805,2025-01-01T03:19:43.000,2025-01-02T17:02:41.000,NYPD,Noise - Residential,BRONX,Closed
63586373,2025-01-01T03:19:53.000,2025-01-01T03:59:51.000,NYPD,Noise - Residential,QUEENS,Closed
63587609,2025-01-01T03:19:55.000,2025-01-01T03:27:44.000,NYPD,Noise - Street/Sidewalk,QUEENS,Closed
63589434,2025-01-01T03:19:56.000,2025-01-02T16:30:26.000,NYPD,Noise - Residential,BRONX,Closed
63586248,2025-01-01T03:20:07.000,2025-01-01T03:24:29.000,NYPD,Noise - Commercial,BROOKLYN,Closed
63589930,2025-01-01T03:20:13.000,2025-01-01T03:49:58.000,NYPD,Noise - Residential,BROOKLYN,Closed
63593233,2025-01-01T03:20:22.000,2025-01-02T17:07:29.000,NYPD,Noise - Residential,BRONX,Closed
63593620,2025-01-01T03:20:32.000,2025-01-01T03:28:37.000,NYPD,Illegal Fireworks,BROOKLYN,Closed
63586048,2025-01-01T03:20:43.000,2025-01-02T17:04:21.000,NYPD,Noise - Residential,BRONX,Closed
63591560,2025-01-01T03:20:52.000,2025-01-01T03:33:26.000,NYPD,Blocked Driveway,QUEENS,Closed
63589426,2025-01-01T03:21:00.000,2025-01-02T17:05:58.000,NYPD,Noise - Residential,BRONX,Closed
63592460,2025-01-01T03:21:04.000,2025-01-01T03:30:00.000,NYPD,Noise - Residential,BROOKLYN,Closed
63586068,2025-01-01T03:21:31.000,2025-01-02T17:04:21.000,NYPD,Noise - Residential,BRONX,Closed
63592181,2025-01-01T03:21:38.000,2025-01-02T17:08:17.000,NYPD,Noise - Residential,BRONX,Closed
63589928,2025-01-01T03:21:48.000,2025-01-01T03:42:57.000,NYPD,Noise - Street/Sidewalk,STATEN ISLAND,Closed
63593014,2025-01-01T03:21:51.000,2025-01-01T06:53:07.000,NYPD,Illegal Parking,BRONX,Closed
63591707,2025-01-01T03:21:55.000,2025-01-01T04:01:06.000,NYPD,Noise - Vehicle,BROOKLYN,Closed
63595262,2025-01-01T03:22:15.000,2025-01-01T03:55:06.000,NYPD,Non-Emergency Police Matter,MANHATTAN,Closed
63589391,2025-01-01T03:22:16.000,2025-01-02T17:07:33.000,NYPD,Noise - Residential,BRONX,Closed
63592349,2025-01-01T03:22:19.000,2025-01-02T17:11:30.000,NYPD,Noise - Residential,BRONX,Closed
63592673,2025-01-01T03:22:22.000,2025-01-03T11:23:44.000,HPD,HEAT/HOT WATER,MANHATTAN,Closed
63593873,2025-01-01T03:22:22.000,2025-01-03T15:23:40.000,HPD,DOOR/WINDOW,MANHATTAN,Closed
63593819,2025-01-01T03:22:40.000,2025-01-01T03:37:22.000,NYPD,Noise - Residential,BROOKLYN,Closed
63595006,2025-01-01T03:22:43.000,2025-01-01T03:35:43.000,NYPD,Noise - Residential,QUEENS,Closed
63593552,2025-01-01T03:22:54.000,2025-01-02T17:09:57.000,NYPD,Noise - Residential,BRONX,Closed
63591193,2025-01-01T03:23:00.000,2025-01-01T04:23:06.000,NYPD,Noise - Residential,QUEENS,Closed
63593543,2025-01-01T03:23:06.000,2025-01-02T17:09:56.000,NYPD,Noise - Residential,BRONX,Closed
63588321,2025-01-01T03:23:32.000,2025-01-02T17:05:59.000,NYPD,Noise - Residential,BRONX,Closed
63591349,2025-01-01T03:23:33.000,2025-01-01T03:25:24.000,NYPD,Noise - Street/Sidewalk,BROOKLYN,Closed
63587341,2025-01-01T03:23:54.000,2025-01-02T17:08:21.000,NYPD,Noise - Residential,BRONX,Closed
63592171,2025-01-01T03:24:10.000,2025-01-02T17:09:56.000,NYPD,Noise - Residential,BRONX,Closed
63594907,2025-01-01T03:24:13.000,2025-01-01T15:07:52.000,NYPD,Noise - Residential,MANHATTAN,Closed
63593735,2025-01-01T03:24:38.000,2025-01-01T03:36:43.000,NYPD,Illegal Fireworks,QUEENS,Closed
63595460,2025-01-01T03:24:39.000,2025-01-01T05:09:12.000,NYPD,Illegal Parking,QUEENS,Closed
63588184,2025-01-01T03:24:41.000,2025-01-02T17:08:18.000,NYPD,Noise - Residential,BRONX,Closed
63593330,2025-01-01T03:24:48.000,2025-01-02T17:05:58.000,NYPD,Noise - Residential,BRONX,Closed
63592527,2025-01-01T03:24:55.000,2025-01-01T05:50:56.000,NYPD,Noise - Residential,BRONX,Closed
63592411,2025-01-01T03:24:57.000,2025-01-01T03:34:11.000,NYPD,Noise - Commercial,QUEENS,Closed
63587554,2025-01-01T03:25:00.000,2025-01-01T03:48:53.000,NYPD,Noise - Street/Sidewalk,BROOKLYN,Closed
63591656,2025-01-01T03:25:07.000,2025-01-01T07:19:22.000,NYPD,Blocked Driveway,BROOKLYN,Closed
63586325,2025-01-01T03:25:21.000,2025-01-01T03:28:21.000,NYPD,Noise - Residential,BROOKLYN,Closed
63594348,2025-01-01T03:25:24.000,2025-01-01T04:02:50.000,NYPD,Illegal Parking,QUEENS,Closed
63587346,2025-01-01T03:25:27.000,2025-01-02T17:02:41.000,NYPD,Noise - Residential,BRONX,Closed
63593528,2025-01-01T03:25:29.000,2025-01-02T16:30:26.000,NYPD,Noise - Residential,BRONX,Closed
63589859,2025-01-01T03:25:38.000,2025-01-01T04:55:20.000,NYPD,Noise - Residential,MANHATTAN,Closed
63587782,2025-01-01T03:25:52.000,2025-01-06T03:57:31.000,NYPD,Blocked Driveway,BRONX,Closed
63593489,2025-01-01T03:26:05.000,2025-01-02T17:11:32.000,NYPD,Noise - Residential,BRONX,Closed
63592285,2025-01-01T03:26:17.000,2025-01-02T17:09:59.000,NYPD,Noise - Residential,BRONX,Closed
63594547,2025-01-01T03:26:25.000,2025-01-01T06:00:25.000,NYPD,Illegal Parking,BROOKLYN,Closed
63592493,2025-01-01T03:26:32.000,2025-01-01T03:27:44.000,NYPD,Noise - Residential,BROOKLYN,Closed
63587525,2025-01-01T03:26:43.000,2025-01-01T05:29:26.000,NYPD,Noise - Residential,BROOKLYN,Closed
63586925,2025-01-01T03:26:43.000,2025-01-02T17:08:22.000,NYPD,Noise - Residential,BRONX,Closed
63586877,2025-01-01T03:26:47.000,2025-01-01T03:35:03.000,NYPD,Illegal Parking,QUEENS,Closed
63588634,2025-01-01T03:26:49.000,2025-01-01T03:49:52.000,NYPD,Noise - Residential,BRONX,Closed
63589213,2025-01-01T03:26:53.000,2025-01-01T04:02:59.000,NYPD,Illegal Parking,QUEENS,Closed
63589219,2025-01-01T03:26:54.000,2025-01-01T10:51:14.000,NYPD,Illegal Parking,BRONX,Closed
63587152,2025-01-01T03:27:04.000,2025-01-02T17:05:59.000,NYPD,Noise - Residential,BRONX,Closed
63588046,2025-01-01T03:27:07.000,2025-01-01T05:09:34.000,NYPD,Illegal Parking,BRONX,Closed
63588838,2025-01-01T03:27:18.000,2025-01-01T04:46:33.000,NYPD,Noise - Residential,BRONX,Closed
63591127,2025-01-01T03:27:21.000,2025-01-01T03:53:27.000,NYPD,Noise - Residential,QUEENS,Closed
63592069,2025-01-01T03:27:21.000,2025-01-02T17:07:30.000,NYPD,Noise - Residential,BRONX,Closed
63588320,2025-01-01T03:27:52.000,2025-01-02T17:05:57.000,NYPD,Noise - Residential,BRONX,Closed
63592120,2025-01-01T03:27:59.000,2025-01-02T17:08:16.000,NYPD,Noise - Residential,BRONX,Closed
63586264,2025-01-01T03:28:04.000,2025-01-01T16:13:01.000,NYPD,Noise - Residential,BRONX,Closed
63585662,2025-01-01T03:28:08.000,2025-01-01T03:52:04.000,NYPD,Illegal Parking,MANHATTAN,Closed
63591638,2025-01-01T03:28:17.000,2025-01-01T04:03:07.000,NYPD,Illegal Parking,QUEENS,Closed
63595436,2025-01-01T03:28:20.000,2025-01-01T04:03:40.000,NYPD,Illegal Parking,QUEENS,Closed
63594260,2025-01-01T03:28:26.000,2025-01-01T06:53:48.000,NYPD,Illegal Parking,BRONX,Closed
63589403,2025-01-01T03:28:37.000,2025-01-02T17:08:24.000,NYPD,Noise - Residential,BRONX,Closed
63592138,2025-01-01T03:28:39.000,2025-01-02T17:04:23.000,NYPD,Noise - Residential,BRONX,Closed
63587630,2025-01-01T03:28:40.000,2025-01-01T03:30:36.000,NYPD,Noise - Residential,QUEENS,Closed
63592437,2025-01-01T03:28:42.000,2025-01-01T04:47:04.000,NYPD,Noise - Residential,BRONX,Closed
63592188,2025-01-01T03:29:15.000,2025-01-02T17:11:42.000,NYPD,Noise - Residential,BRONX,Closed
63594117,2025-01-01T03:29:16.000,2025-01-01T04:19:16.000,NYPD,Illegal Parking,BROOKLYN,Closed
63588465,2025-01-01T03:29:27.000,2025-01-02T17:11:33.000,NYPD,Noise - Residential,BRONX,Closed
63586349,2025-01-01T03:29:36.000,2025-01-01T04:28:27.000,NYPD,Noise - Residential,BROOKLYN,Closed
63589944,2025-01-01T03:29:47.000,2025-01-01T04:54:17.000,NYPD,Noise - Vehicle,QUEENS,Closed
63593339,2025-01-01T03:29:53.000,2025-01-02T17:09:55.000,NYPD,Noise - Residential,BRONX,Closed
63590021,2025-01-01T03:30:07.000,2025-01-01T03:51:49.000,NYPD,Noise - Residential,MANHATTAN,Closed
63594516,2025-01-01T03:30:14.000,2025-01-02T17:07:32.000,NYPD,Noise - Residential,BRONX,Closed
63589887,2025-01-01T03:30:31.000,2025-01-02T17:05:59.000,NYPD,Noise - Residential,BRONX,Closed
63593338,2025-01-01T03:31:02.000,2025-01-02T17:10:02.000,NYPD,Noise - Residential,BRONX,Closed
63586003,2025-01-01T03:31:10.000,2025-01-02T17:07:29.000,NYPD,Noise - Residential,BRONX,Closed
63592622,2025-01-01T03:31:15.000,2025-01-01T03:49:44.000,NYPD,Noise - Street/Sidewalk,QUEENS,Closed
63587543,2025-01-01T03:31:29.000,2025-01-01T04:04:40.000,NYPD,Noise - Residential,BRONX,Closed
63594875,2025-01-01T03:31:30.000,2025-01-01T04:27:19.000,NYPD,Noise - Residential,QUEENS,Closed
63588016,2025-01-01T03:31:33.000,2025-01-01T04:31:14.000,NYPD,Illegal Parking,BROOKLYN,Closed
63588276,2025-01-01T03:31:48.000,2025-01-02T17:08:16.000,NYPD,Noise - Residential,BRONX,Closed
63592137,2025-01-01T03:31:49.000,2025-01-02T17:04:22.000,NYPD,Noise - Residential,BRONX,Closed
63590895,2025-01-01T03:32:26.000,2025-01-02T17:02:41.000,NYPD,Noise - Residential,BRONX,Closed
63590089,2025-01-01T03:32:31.000,2025-01-01T03:52:47.000,NYPD,Noise - Residential,QUEENS,Closed
63594659,2025-01-01T03:32:37.000,2025-01-02T17:08:22.000,NYPD,Noise - Residential,BRONX,Closed
63591265,2025-01-01T03:32:41.000,2025-01-01T03:33:51.000,NYPD,Noise - Residential,BROOKLYN,Closed
63586416,2025-01-01T03:32:49.000,2025-01-01T04:03:47.000,NYPD,Noise - Street/Sidewalk,MANHATTAN,Closed
63587728,2025-01-01T03:33:02.000,2025-01-02T18:39:53.000,HPD,HEAT/HOT WATER,MANHATTAN,Closed
63594800,2025-01-01T03:33:04.000,2025-01-02T17:09:56.000,NYPD,Noise - Residential,BRONX,Closed
63587195,2025-01-01T03:33:25.000,2025-01-02T16:30:27.000,NYPD,Noise - Residential,BRONX,Closed
63587511,2025-01-01T03:33:31.000,2025-01-01T04:14:10.000,NYPD,Noise - Residential,QUEENS,Closed
63594813,2025-01-01T03:33:42.000,2025-01-02T17:07:33.000,NYPD,Noise - Residential,BRONX,Closed
63594751,2025-01-01T03:33:51.000,2025-01-01T04:05:29.000,NYPD,Noise - Park,MANHATTAN,Closed
63592468,2025-01-01T03:34:07.000,2025-01-01T23:02:17.000,NYPD,Noise - Residential,BRONX,Closed
63587199,2025-01-01T03:34:12.000,2025-01-02T17:05:59.000,NYPD,Noise - Residential,BRONX,Closed
63585944,2025-01-01T03:34:20.000,2025-01-02T17:07:32.000,NYPD,Noise - Residential,BRONX,Closed
63593766,2025-01-01T03:34:51.000,2025-01-01T15:32:16.000,NYPD,Noise - Residential,BRONX,Closed
63588816,2025-01-01T03:34:55.000,2025-01-01T03:45:08.000,NYPD,Noise - Vehicle,MANHATTAN,Closed
63588553,2025-01-01T03:34:58.000,2025-01-02T17:08:24.000,NYPD,Noise - Residential,BRONX,Closed
63594509,2025-01-01T03:35:00.000,2025-01-02T17:09:57.000,NYPD,Noise - Residential,BRONX,Closed
63594482,2025-01-01T03:35:37.000,2025-01-02T17:05:57.000,NYPD,Noise - Residential,BRONX,Closed
63593518,2025-01-01T03:35:47.000,2025-01-02T16:30:28.000,NYPD,Noise - Residential,BRONX,Closed
63586240,2025-01-01T03:36:15.000,2025-01-01T04:40:01.000,NYPD,Illegal Fireworks,BRONX,Closed
63588602,2025-01-01T03:36:15.000,2025-01-02T17:02:42.000,NYPD,Noise - Residential,BRONX,Closed
63589289,2025-01-01T03:36:24.000,2025-01-01T03:45:15.000,NYPD,Illegal Parking,QUEENS,Closed
63594445,2025-01-01T03:36:35.000,2025-01-02T17:08:17.000,NYPD,Noise - Residential,BRONX,Closed
63593658,2025-01-01T03:36:37.000,2025-01-01T04:05:17.000,NYPD,Noise - Residential,BRONX,Closed
63589982,2025-01-01T03:36:53.000,2025-01-02T17:11:32.000,NYPD,Noise - Residential,BRONX,Closed
63592459,2025-01-01T03:37:19.000,2025-01-01T06:17:00.000,NYPD,Noise - Residential,BRONX,Closed
63592907,2025-01-01T03:37:22.000,2025-01-01T11:03:28.000,NYPD,Blocked Driveway,BROOKLYN,Closed
63593354,2025-01-01T03:37:23.000,2025-01-02T17:08:20.000,NYPD,Noise - Residential,BRONX,Closed
63592366,2025-01-01T03:37:31.000,2025-01-01T03:38:19.000,NYPD,Noise - Commercial,QUEENS,Closed
63588348,2025-01-01T03:37:31.000,2025-01-02T17:09:59.000,NYPD,Noise - Residential,BRONX,Closed
63593852,2025-01-01T03:37:37.000,2025-01-01T03:56:14.000,NYPD,Noise - Residential,MANHATTAN,Closed
63586762,2025-01-01T03:37:40.000,2025-01-01T03:53:33.000,NYPD,Illegal Parking,QUEENS,Closed
63593967,2025-01-01T03:37:43.000,2025-01-03T12:20:46.000,HPD,HEAT/HOT WATER,BRONX,Closed
63588819,2025-01-01T03:38:02.000,2025-01-01T15:03:20.000,NYPD,Noise - Residential,MANHATTAN,Closed
63590104,2025-01-01T03:38:05.000,2025-01-01T06:11:12.000,NYPD,Noise - Residential,BROOKLYN,Closed
63594218,2025-01-01T03:38:07.000,2025-01-01T03:46:38.000,NYPD,Blocked Driveway,BRONX,Closed
63589402,2025-01-01T03:38:09.000,2025-01-02T17:08:16.000,NYPD,Noise - Residential,BRONX,Closed
63587198,2025-01-01T03:38:10.000,2025-01-02T17:05:59.000,NYPD,Noise - Residential,BRONX,Closed
63587214,2025-01-01T03:38:47.000,2025-01-02T17:07:31.000,NYPD,Noise - Residential,BRONX,Closed
63594255,2025-01-01T03:38:52.000,2025-01-01T04:43:08.000,NYPD,Illegal Parking,MANHATTAN,Closed
63594969,2025-01-01T03:38:53.000,2025-01-01T03:39:49.000,NYPD,Noise - Commercial,BROOKLYN,Closed
63591935,2025-01-01T03:38:58.000,2025-01-02T17:08:23.000,NYPD,Noise - Residential,BRONX,Closed
63590297,2025-01-01T03:38:59.000,2025-01-01T03:53:14.000,NYPD,Blocked Driveway,QUEENS,Closed
63592505,2025-01-01T03:39:03.000,2025-01-01T04:36:43.000,NYPD,Noise - Residential,BROOKLYN,Closed
63592386,2025-01-01T03:39:25.000,2025-01-02T17:11:44.000,NYPD,Noise - Residential,BRONX,Closed
63594816,2025-01-01T03:39:29.000,2025-01-01T04:01:08.000,NYPD,Noise - Residential,BROOKLYN,Closed
63595044,2025-01-01T03:39:37.000,2025-01-01T06:20:19.000,NYPD,Noise - Street/Sidewalk,BRONX,Closed
63587519,2025-01-01T03:39:40.000,2025-01-01T03:51:41.000,NYPD,Noise - Residential,QUEENS,Closed
63588347,2025-01-01T03:39:45.000,2025-01-02T17:09:57.000,NYPD,Noise - Residential,BRONX,Closed
63586751,2025-01-01T03:39:50.000,2025-01-01T04:14:44.000,NYPD,Noise - Commercial,MANHATTAN,Closed
63593731,2025-01-01T03:39:51.000,2025-01-01T03:41:06.000,NYPD,Noise - Commercial,BROOKLYN,Closed
63588468,2025-01-01T03:40:03.000,2025-01-02T17:04:22.000,NYPD,Noise - Residential,BRONX,Closed
63587458,2025-01-01T03:40:19.000,2025-01-01T03:41:11.000,NYPD,Noise - Commercial,BROOKLYN,Closed
63588388,2025-01-01T03:40:33.000,2025-01-02T16:30:29.000,NYPD,Noise - Residential,BRONX,Closed
63592267,2025-01-01T03:40:42.000,2025-01-02T17:02:42.000,NYPD,Noise - Residential,BRONX,Closed
63591334,2025-01-01T03:40:49.000,2025-01-01T04:04:10.000,NYPD,Noise - Street/Sidewalk,MANHATTAN,Closed
63591346,2025-01-01T03:41:04.000,2025-01-01T17:28:09.000,NYPD,Noise - Street/Sidewalk,BRONX,Closed
63589499,2025-01-01T03:41:20.000,2025-01-02T17:04:22.000,NYPD,Noise - Residential,BRONX,Closed
63592197,2025-01-01T03:41:20.000,2025-01-02T17:06:00.000,NYPD,Noise - Residential,BRONX,Closed
63595002,2025-01-01T03:41:28.000,2025-01-01T03:52:40.000,NYPD,Noise - Residential,QUEENS,Closed
63592528,2025-01-01T03:41:58.000,2025-01-01T04:11:50.000,NYPD,Noise - Residential,QUEENS,Closed
63588590,2025-01-01T03:41:58.000,2025-01-02T17:06:00.000,NYPD,Noise - Residential,BRONX,Closed
63608794,2025-01-01T03:42:00.000,2025-01-02T10:23:00.000,DSNY,Derelict Vehicles,QUEENS,Closed
63586002,2025-01-01T03:42:08.000,2025-01-02T17:07:30.000,NYPD,Noise - Residential,BRONX,Closed
63590115,2025-01-01T03:42:16.000,2025-01-01T07:15:07.000,NYPD,Noise - Residential,BRONX,Closed
63593845,2025-01-01T03:42:28.000,2025-01-01T03:58:28.000,NYPD,Noise - Residential,STATEN ISLAND,Closed
63588380,2025-01-01T03:42:36.000,2025-01-02T17:05:58.000,NYPD,Noise - Residential,BRONX,Closed
63586923,2025-01-01T03:42:55.000,2025-01-02T17:08:18.000,NYPD,Noise - Residential,BRONX,Closed
63594189,2025-01-01T03:43:02.000,2025-01-01T04:24:01.000,NYPD,Blocked Driveway,QUEENS,Closed
63591932,2025-01-01T03:43:14.000,2025-01-02T17:08:21.000,NYPD,Noise - Residential,BRONX,Closed
63591331,2025-01-01T03:43:29.000,2025-01-01T06:40:50.000,NYPD,Noise - Residential,STATEN ISLAND,Closed
63585983,2025-01-01T03:43:43.000,2025-01-02T17:07:36.000,NYPD,Noise - Residential,BRONX,Closed
63590984,2025-01-01T03:43:52.000,2025-01-02T17:04:23.000,NYPD,Noise - Residential,BRONX,Closed
63588654,2025-01-01T03:43:52.000,2025-01-01T04:03:37.000,NYPD,Noise - Residential,BROOKLYN,Closed
63593739,2025-01-01T03:44:20.000,2025-01-01T04:17:45.000,NYPD,Noise - Residential,BRONX,Closed
63586100,2025-01-01T03:44:30.000,2025-01-02T17:11:35.000,NYPD,Noise - Residential,BRONX,Closed
63585658,2025-01-01T03:44:30.000,2025-01-01T04:24:14.000,NYPD,Illegal Parking,QUEENS,Closed
63594824,2025-01-01T03:44:31.000,2025-01-02T17:04:23.000,NYPD,Noise - Residential,BRONX,Closed
63592402,2025-01-01T03:44:43.000,2025-01-01T03:59:22.000,NYPD,Noise - Commercial,QUEENS,Closed
63595008,2025-01-01T03:45:00.000,2025-01-01T08:07:01.000,NYPD,Noise - Residential,BROOKLYN,Closed
63594497,2025-01-01T03:45:08.000,2025-01-02T17:02:41.000,NYPD,Noise - Residential,BRONX,Closed
63585867,2025-01-01T03:45:18.000,2025-01-02T17:08:14.000,NYPD,Noise - Residential,BRONX,Closed
63588851,2025-01-01T03:45:23.000,2025-01-01T06:04:41.000,NYPD,Noise - Street/Sidewalk,MANHATTAN,Closed
63593261,2025-01-01T03:45:46.000,2025-01-02T17:08:24.000,NYPD,Noise - Residential,BRONX,Closed
63592547,2025-01-01T03:45:59.000,2025-01-01T04:15:19.000,NYPD,Noise - Residential,BROOKLYN,Closed
63592412,2025-01-01T03:46:02.000,2025-01-01T03:51:58.000,NYPD,Noise - Commercial,QUEENS,Closed
63591173,2025-01-01T03:46:02.000,2025-01-01T04:37:55.000,NYPD,Noise - Residential,BROOKLYN,Closed
63591622,2025-01-01T03:46:05.000,2025-01-01T23:00:13.000,NYPD,Illegal Parking,BRONX,Closed
63589654,2025-01-01T03:46:06.000,2025-01-02T17:05:59.000,NYPD,Noise - Residential,BRONX,Closed
63592637,2025-01-01T03:46:23.000,2025-01-01T03:59:02.000,NYPD,Noise - Street/Sidewalk,MANHATTAN,Closed
63585949,2025-01-01T03:46:25.000,2025-01-02T17:02:41.000,NYPD,Noise - Residential,BRONX,Closed
63587717,2025-01-01T03:46:37.000,2025-01-02T10:35:31.000,HPD,HEAT/HOT WATER,BRONX,Closed
63585971,2025-01-01T03:46:53.000,2025-01-02T16:30:30.000,NYPD,Noise - Residential,BRONX,Closed
63588539,2025-01-01T03:47:03.000,2025-01-02T17:08:16.000,NYPD,Noise - Residential,BRONX,Closed
63593843,2025-01-01T03:47:07.000,2025-01-01T05:03:53.000,NYPD,Noise - Residential,BRONX,Closed
63591174,2025-01-01T03:47:13.000,2025-01-01T05:23:04.000,NYPD,Noise - Residential,BRONX,Closed
63587584,2025-01-01T03:47:30.000,2025-01-01T04:03:00.000,NYPD,Noise - Residential,BROOKLYN,Closed
63593512,2025-01-01T03:47:41.000,2025-01-02T16:30:30.000,NYPD,Noise - Residential,BRONX,Closed
63594614,2025-01-01T03:47:41.000,2025-01-02T17:11:34.000,NYPD,Noise - Residential,BRONX,Closed
63592883,2025-01-01T03:48:16.000,2025-01-02T01:03:26.000,NYPD,Blocked Driveway,QUEENS,Closed
63587508,2025-01-01T03:48:17.000,2025-01-01T04:01:28.000,NYPD,Noise - Residential,MANHATTAN,Closed
63587415,2025-01-01T03:48:19.000,2025-01-02T17:04:22.000,NYPD,Noise - Residential,BRONX,Closed
63594657,2025-01-01T03:48:28.000,2025-01-02T17:08:27.000,NYPD,Noise - Residential,BRONX,Closed
63587141,2025-01-01T03:48:57.000,2025-01-02T17:04:23.000,NYPD,Noise - Residential,BRONX,Closed
63591029,2025-01-01T03:49:16.000,2025-01-02T17:09:54.000,NYPD,Noise - Residential,BRONX,Closed
63592458,2025-01-01T03:49:26.000,2025-01-01T06:04:56.000,NYPD,Noise - Residential,BROOKLYN,Closed
63594916,2025-01-01T03:49:27.000,2025-01-01T04:27:46.000,NYPD,Noise - Street/Sidewalk,BRONX,Closed
63594496,2025-01-01T03:49:35.000,2025-01-02T17:02:41.000,NYPD,Noise - Residential,BRONX,Closed
63586548,2025-01-01T03:49:39.000,2025-01-03T15:56:00.000,HPD,HEAT/HOT WATER,BROOKLYN,Closed
63593846,2025-01-01T03:49:47.000,2025-01-01T04:02:38.000,NYPD,Noise - Residential,BROOKLYN,Closed
63592744,2025-01-01T03:49:48.000,2025-01-02T00:38:30.000,HPD,HEAT/HOT WATER,BROOKLYN,Closed
63592592,2025-01-01T03:49:53.000,2025-01-01T04:11:06.000,NYPD,Noise - Residential,MANHATTAN,Closed
63591566,2025-01-01T03:49:58.000,2025-01-01T09:44:56.000,NYPD,Blocked Driveway,QUEENS,Closed
63588317,2025-01-01T03:50:03.000,2025-01-02T17:09:56.000,NYPD,Noise - Residential,BRONX,Closed
63590012,2025-01-01T03:50:04.000,2025-01-01T04:22:13.000,NYPD,Noise - Residential,QUEENS,Closed
63594882,2025-01-01T03:50:13.000,2025-01-02T17:11:35.000,NYPD,Noise - Residential,BRONX,Closed
63592144,2025-01-01T03:50:28.000,2025-01-02T05:53:22.000,NYPD,Noise - Residential,BRONX,Closed
63587302,2025-01-01T03:50:51.000,2025-01-02T17:04:22.000,NYPD,Noise - Residential,BRONX,Closed
63593680,2025-01-01T03:50:52.000,2025-01-02T17:11:36.000,NYPD,Noise - Residential,BRONX,Closed
63591464,2025-01-01T03:51:01.000,2025-01-02T14:31:47.000,HPD,HEAT/HOT WATER,MANHATTAN,Closed
63594821,2025-01-01T03:51:03.000,2025-01-01T04:48:32.000,NYPD,Noise - Residential,QUEENS,Closed
63590029,2025-01-01T03:51:13.000,2025-01-01T03:58:59.000,NYPD,Noise - Residential,QUEENS,Closed
63594881,2025-01-01T03:51:30.000,2025-01-02T17:11:40.000,NYPD,Noise - Residential,BRONX,Closed
63593555,2025-01-01T03:51:39.000,2025-01-02T17:07:30.000,NYPD,Noise - Residential,BRONX,Closed
63592382,2025-01-01T03:52:08.000,2025-01-02T17:11:31.000,NYPD,Noise - Residential,BRONX,Closed
63586385,2025-01-01T03:52:11.000,2025-01-01T04:19:50.000,NYPD,Noise - Residential,BRONX,Closed
63587612,2025-01-01T03:52:13.000,2025-01-01T04:00:55.000,NYPD,Noise - Street/Sidewalk,QUEENS,Closed
63594656,2025-01-01T03:52:26.000,2025-01-02T17:08:24.000,NYPD,Noise - Residential,BRONX,Closed
63587140,2025-01-01T03:52:46.000,2025-01-02T17:04:23.000,NYPD,Noise - Residential,BRONX,Closed
63587472,2025-01-01T03:53:00.000,2025-01-01T06:19:42.000,NYPD,Noise - Residential,BRONX,Closed
63592566,2025-01-01T03:53:10.000,2025-01-01T04:21:22.000,NYPD,Noise - Residential,BRONX,Closed
63593630,2025-01-01T03:53:14.000,2025-01-02T17:11:30.000,NYPD,Noise - Residential,BRONX,Closed
63587504,2025-01-01T03:53:16.000,2025-01-01T04:09:42.000,NYPD,Noise - Residential,BROOKLYN,Closed
63587466,2025-01-01T03:53:24.000,2025-01-02T17:11:40.000,NYPD,Noise - Residential,BRONX,Closed
63585970,2025-01-01T03:54:01.000,2025-01-02T16:30:31.000,NYPD,Noise - Residential,BRONX,Closed
63594491,2025-01-01T03:54:02.000,2025-01-02T17:06:00.000,NYPD,Noise - Residential,BRONX,Closed
63591172,2025-01-01T03:54:21.000,2025-01-01T03:59:37.000,NYPD,Noise - Residential,QUEENS,Closed
63589954,2025-01-01T03:54:40.000,2025-01-02T17:04:23.000,NYPD,Noise - Residential,BRONX,Closed
63593554,2025-01-01T03:54:49.000,2025-01-02T17:07:34.000,NYPD,Noise - Residential,BRONX,Closed
63586432,2025-01-01T03:54:55.000,2025-01-01T04:27:29.000,NYPD,Noise - Street/Sidewalk,BRONX,Closed
63592560,2025-01-01T03:54:55.000,2025-01-01T04:38:28.000,NYPD,Noise - Residential,BROOKLYN,Closed
63593162,2025-01-01T03:55:15.000,2025-01-01T04:03:40.000,NYPD,Illegal Parking,QUEENS,Closed
63592492,2025-01-01T03:55:16.000,2025-01-01T05:04:01.000,NYPD,Noise - Residential,QUEENS,Closed
63594823,2025-01-01T03:55:18.000,2025-01-02T17:04:23.000,NYPD,Noise - Residential,BRONX,Closed
63587074,2025-01-01T03:55:36.000,2025-01-02T17:07:34.000,NYPD,Noise - Residential,BRONX,Closed
63588755,2025-01-01T03:55:40.000,2025-01-01T04:13:54.000,NYPD,Illegal Fireworks,BROOKLYN,Closed
63591228,2025-01-01T03:55:51.000,2025-01-01T04:23:49.000,NYPD,Noise - Residential,BROOKLYN,Closed
63592280,2025-01-01T03:55:56.000,2025-01-02T17:11:29.000,NYPD,Noise - Residential,BRONX,Closed
63591300,2025-01-01T03:56:21.000,2025-01-01T04:05:15.000,NYPD,Noise - Residential,MANHATTAN,Closed
63593260,2025-01-01T03:56:24.000,2025-01-02T17:08:18.000,NYPD,Noise - Residential,BRONX,Closed
63592279,2025-01-01T03:56:35.000,2025-01-02T17:11:33.000,NYPD,Noise - Residential,BRONX,Closed
63587906,2025-01-01T03:56:40.000,2025-01-01T06:53:19.000,NYPD,Illegal Parking,BRONX,Closed
63588541,2025-01-01T03:57:00.000,2025-01-01T04:40:44.000,NYPD,Illegal Fireworks,BRONX,Closed
63586350,2025-01-01T03:57:10.000,2025-01-01T04:29:20.000,NYPD,Noise - Residential,QUEENS,Closed
63588650,2025-01-01T03:57:12.000,2025-01-02T17:04:23.000,NYPD,Noise - Residential,BRONX,Closed
63591028,2025-01-01T03:57:13.000,2025-01-02T17:09:57.000,NYPD,Noise - Residential,BRONX,Closed
63593831,2025-01-01T03:57:26.000,2025-01-01T04:02:51.000,NYPD,Noise - Residential,BROOKLYN,Closed
63588605,2025-01-01T03:57:29.000,2025-01-01T04:37:08.000,NYPD,Noise - Residential,QUEENS,Closed
63587544,2025-01-01T03:57:29.000,2025-01-01T05:23:12.000,NYPD,Noise - Residential,BROOKLYN,Closed
63588853,2025-01-01T03:57:47.000,2025-01-01T05:49:57.000,NYPD,Noise - Street/Sidewalk,MANHATTAN,Closed
63587246,2025-01-01T03:57:51.000,2025-01-02T17:11:34.000,NYPD,Noise - Residential,BRONX,Closed
63593669,2025-01-01T03:57:52.000,2025-01-01T08:07:58.000,NYPD,Noise - Residential,BROOKLYN,Closed
63585938,2025-01-01T03:57:59.000,2025-01-02T17:05:58.000,NYPD,Noise - Residential,BRONX,Closed
63595238,2025-01-01T03:58:00.000,2025-01-01T08:30:00.000,DOT,Traffic Signal Condition,QUEENS,Closed
63591882,2025-01-01T03:58:01.000,2025-01-10T14:00:56.000,DPR,Maintenance or Facility,BROOKLYN,Closed
63586259,2025-01-01T03:58:13.000,2025-01-01T05:01:29.000,NYPD,Illegal Fireworks,BROOKLYN,Closed
63591509,2025-01-01T03:58:13.000,2025-01-01T06:11:06.000,NYPD,Illegal Parking,QUEENS,Closed
63590103,2025-01-01T03:58:28.000,2025-01-01T05:04:12.000,NYPD,Noise - Residential,BROOKLYN,Closed
63589669,2025-01-01T03:58:29.000,2025-01-02T17:02:43.000,NYPD,Noise - Residential,BRONX,Closed
63590166,2025-01-01T03:58:36.000,2025-01-03T12:20:55.000,HPD,HEAT/HOT WATER,MANHATTAN,Closed
63588283,2025-01-01T03:58:47.000,2025-01-02T17:08:22.000,NYPD,Noise - Residential,BRONX,Closed
63590028,2025-01-01T03:59:04.000,2025-01-01T06:41:33.000,NYPD,Noise - Residential,BRONX,Closed
63589343,2025-01-01T03:59:04.000,2025-01-01T04:24:26.000,NYPD,Illegal Parking,QUEENS,Closed
63593319,2025-01-01T03:59:07.000,2025-01-02T17:05:59.000,NYPD,Noise - Residential,BRONX,Closed
63594950,2025-01-01T03:59:07.000,2025-01-01T04:05:26.000,NYPD,Noise - Commercial,MANHATTAN,Closed
63592565,2025-01-01T03:59:26.000,2025-01-01T08:33:55.000,NYPD,Noise - Residential,MANHATTAN,Closed
63587807,2025-01-01T03:59:31.000,2025-01-01T05:51:27.000,NYPD,Blocked Driveway,QUEENS,Closed
63589981,2025-01-01T03:59:34.000,2025-01-02T17:11:30.000,NYPD,Noise - Residential,BRONX,Closed
63590873,2025-01-01T03:59:45.000,2025-01-02T17:04:23.000,NYPD,Noise - Residential,BRONX,Closed
63587503,2025-01-01T04:00:05.000,2025-01-01T22:58:09.000,NYPD,Noise - Residential,BRONX,Closed
63586238,2025-01-01T04:00:08.000,2025-01-01T04:49:17.000,NYPD,Illegal Fireworks,BROOKLYN,Closed
63585774,2025-01-01T04:00:22.000,2025-01-02T17:08:19.000,NYPD,Noise - Residential,BRONX,Closed
63594679,2025-01-01T04:00:24.000,2025-01-02T17:08:23.000,NYPD,Noise - Residential,BRONX,Closed
63593323,2025-01-01T04:01:02.000,2025-01-02T17:02:41.000,NYPD,Noise - Residential,BRONX,Closed
63594759,2025-01-01T04:01:09.000,2025-01-02T17:07:32.000,NYPD,Noise - Residential,BRONX,Closed
63591264,2025-01-01T04:01:19.000,2025-01-01T14:40:11.000,NYPD,Noise - Residential,BRONX,Closed
63586347,2025-01-01T04:01:38.000,2025-01-01T06:12:53.000,NYPD,Noise - Residential,QUEENS,Closed
63587301,2025-01-01T04:01:40.000,2025-01-02T17:04:23.000,NYPD,Noise - Residential,BRONX,Closed
63592785,2025-01-01T04:01:42.000,2025-01-02T13:23:51.000,HPD,HEAT/HOT WATER,BRONX,Closed
63592011,2025-01-01T04:01:57.000,2025-01-02T16:30:32.000,NYPD,Noise - Residential,BRONX,Closed
63593145,2025-01-01T04:02:00.000,2025-01-07T13:24:00.000,DEP,Noise,BROOKLYN,Closed
63591245,2025-01-01T04:02:01.000,2025-01-01T06:18:54.000,NYPD,Noise - Residential,QUEENS,Closed
63590774,2025-01-01T04:02:18.000,2025-01-02T17:06:01.000,NYPD,Noise - Residential,BRONX,Closed
63590113,2025-01-01T04:02:22.000,2025-01-01T04:23:22.000,NYPD,Noise - Residential,QUEENS,Closed
63585935,2025-01-01T04:02:45.000,2025-01-02T17:06:01.000,NYPD,Noise - Residential,BRONX,Closed
63588290,2025-01-01T04:02:56.000,2025-01-02T17:05:59.000,NYPD,Noise - Residential,BRONX,Closed
63587148,2025-01-01T04:03:33.000,2025-01-02T17:05:59.000,NYPD,Noise - Residential,BRONX,Closed
63592170,2025-01-01T04:03:34.000,2025-01-02T17:10:02.000,NYPD,Noise - Residential,BRONX,Closed
63588794,2025-01-01T04:03:58.000,2025-01-01T04:43:16.000,NYPD,Noise - Street/Sidewalk,BROOKLYN,Closed
63592274,2025-01-01T04:04:12.000,2025-01-02T17:10:00.000,NYPD,Noise - Residential,BRONX,Closed
63589029,2025-01-01T04:04:15.000,2025-01-01T06:22:46.000,NYPD,Blocked Driveway,QUEENS,Closed
63587624,2025-01-01T04:04:15.000,2025-01-01T06:00:28.000,NYPD,Noise - Residential,BROOKLYN,Closed
63594678,2025-01-01T04:04:20.000,2025-01-02T17:08:17.000,NYPD,Noise - Residential,BRONX,Closed
63594954,2025-01-01T04:04:25.000,2025-01-01T04:56:28.000,NYPD,Noise - Commercial,BROOKLYN,Closed
63590023,2025-01-01T04:04:28.000,2025-01-01T05:22:46.000,NYPD,Noise - Residential,QUEENS,Closed
63590067,2025-01-01T04:04:32.000,2025-01-01T04:15:11.000,NYPD,Noise - Street/Sidewalk,QUEENS,Closed
63592906,2025-01-01T04:04:43.000,2025-01-01T06:56:30.000,NYPD,Blocked Driveway,BROOKLYN,Closed
63591563,2025-01-01T04:04:47.000,2025-01-01T09:42:00.000,NYPD,Blocked Driveway,QUEENS,Closed
63592520,2025-01-01T04:04:48.000,2025-01-01T05:23:29.000,NYPD,Noise - Residential,BROOKLYN,Closed
63589651,2025-01-01T04:04:50.000,2025-01-02T17:05:59.000,NYPD,Noise - Residential,BRONX,Closed
63586384,2025-01-01T04:04:58.000,2025-01-01T05:59:03.000,NYPD,Noise - Residential,QUEENS,Closed
63594736,2025-01-01T04:05:07.000,2025-01-02T16:30:32.000,NYPD,Noise - Residential,BRONX,Closed
63586693,2025-01-01T04:05:11.000,2025-01-01T04:45:19.000,NYPD,Illegal Parking,QUEENS,Closed
63593333,2025-01-01T04:05:28.000,2025-01-02T17:02:42.000,NYPD,Noise - Residential,BRONX,Closed
63586358,2025-01-01T04:05:37.000,2025-01-01T04:17:12.000,NYPD,Noise - Residential,MANHATTAN,Closed
63588598,2025-01-01T04:05:48.000,2025-01-01T23:00:30.000,NYPD,Noise - Residential,BRONX,Closed
63591927,2025-01-01T04:05:55.000,2025-01-02T17:08:26.000,NYPD,Noise - Residential,BRONX,Closed
63587030,2025-01-01T04:06:07.000,2025-01-02T17:02:42.000,NYPD,Noise - Residential,BRONX,Closed
63589953,2025-01-01T04:06:42.000,2025-01-02T17:04:22.000,NYPD,Noise - Residential,BRONX,Closed
63594770,2025-01-01T04:06:45.000,2025-01-02T17:02:44.000,NYPD,Noise - Residential,BRONX,Closed
63588720,2025-01-01T04:06:54.000,2025-01-01T04:57:53.000,NYPD,Noise - Residential,BRONX,Closed
63586266,2025-01-01T04:07:17.000,2025-01-01T07:15:31.000,NYPD,Noise - Residential,BRONX,Closed
63588532,2025-01-01T04:07:23.000,2025-01-02T17:11:41.000,NYPD,Noise - Residential,BRONX,Closed
63588735,2025-01-01T04:07:24.000,2025-01-01T06:12:58.000,NYPD,Noise - Residential,QUEENS,Closed
63595365,2025-01-01T04:07:25.000,2025-01-07T09:18:56.000,DOT,Outdoor Dining,BROOKLYN,Closed
63590719,2025-01-01T04:07:30.000,2025-01-02T17:11:36.000,NYPD,Noise - Residential,BRONX,Closed
63587711,2025-01-01T04:07:32.000,2025-01-02T18:39:53.000,HPD,HEAT/HOT WATER,MANHATTAN,Closed
63587541,2025-01-01T04:07:38.000,2025-01-01T04:22:36.000,NYPD,Noise - Residential,QUEENS,Closed
63586424,2025-01-01T04:07:41.000,2025-01-01T04:27:08.000,NYPD,Noise - Street/Sidewalk,BRONX,Closed
63594764,2025-01-01T04:08:01.000,2025-01-02T17:06:00.000,NYPD,Noise - Residential,BRONX,Closed
63595474,2025-01-01T04:08:02.000,2025-01-01T09:47:27.000,NYPD,Illegal Parking,QUEENS,Closed
63590109,2025-01-01T04:08:04.000,2025-01-01T04:23:01.000,NYPD,Noise - Residential,BROOKLYN,Closed
63587299,2025-01-01T04:08:17.000,2025-01-02T17:04:23.000,NYPD,Noise - Residential,BRONX,Closed
63592524,2025-01-01T04:08:31.000,2025-01-01T05:01:41.000,NYPD,Noise - Residential,BRONX,Closed
63586287,2025-01-01T04:08:35.000,2025-01-01T06:08:10.000,NYPD,Noise - Residential,BROOKLYN,Closed
63588655,2025-01-01T04:08:36.000,2025-01-01T06:12:59.000,NYPD,Noise - Residential,QUEENS,Closed
63587073,2025-01-01T04:08:39.000,2025-01-02T17:07:32.000,NYPD,Noise - Residential,BRONX,Closed
63594998,2025-01-01T04:08:41.000,2025-01-01T05:00:35.000,NYPD,Noise - Residential,QUEENS,Closed
63588318,2025-01-01T04:09:05.000,2025-01-02T17:05:59.000,NYPD,Noise - Residential,BRONX,Closed
63591218,2025-01-01T04:09:10.000,2025-01-01T04:11:09.000,NYPD,Noise - Commercial,QUEENS,Closed
63585819,2025-01-01T04:09:17.000,2025-01-02T17:11:31.000,NYPD,Noise - Residential,BRONX,Closed
63594714,2025-01-01T04:09:53.000,2025-01-02T16:30:33.000,NYPD,Noise - Residential,BRONX,Closed
63587147,2025-01-01T04:09:55.000,2025-01-02T17:06:01.000,NYPD,Noise - Residential,BRONX,Closed
63587225,2025-01-01T04:10:34.000,2025-01-02T17:07:32.000,NYPD,Noise - Residential,BRONX,Closed
63590884,2025-01-01T04:10:40.000,2025-01-02T17:11:35.000,NYPD,Noise - Residential,BRONX,Closed
63590339,2025-01-01T04:10:53.000,2025-01-01T06:42:37.000,NYPD,Blocked Driveway,STATEN ISLAND,Closed
63594783,2025-01-01T04:10:56.000,2025-01-01T04:22:31.000,NYPD,Noise - Residential,QUEENS,Closed
63594494,2025-01-01T04:11:12.000,2025-01-02T17:02:42.000,NYPD,Noise - Residential,BRONX,Closed
63586319,2025-01-01T04:11:14.000,2025-01-01T04:51:35.000,NYPD,Noise - Residential,QUEENS,Closed
63593746,2025-01-01T04:11:15.000,2025-01-01T04:50:17.000,NYPD,Noise - Residential,QUEENS,Closed
63588649,2025-01-01T04:11:28.000,2025-01-02T17:04:22.000,NYPD,Noise - Residential,BRONX,Closed
63594812,2025-01-01T04:11:50.000,2025-01-02T17:04:23.000,NYPD,Noise - Residential,BRONX,Closed
63588293,2025-01-01T04:12:15.000,2025-01-02T16:30:34.000,NYPD,Noise - Residential,BRONX,Closed
63594486,2025-01-01T04:12:28.000,2025-01-02T17:05:59.000,NYPD,Noise - Residential,BRONX,Closed
63594990,2025-01-01T04:12:36.000,2025-01-01T04:47:48.000,NYPD,Noise - Residential,MANHATTAN,Closed
63594976,2025-01-01T04:12:57.000,2025-01-01T04:51:54.000,NYPD,Noise - Residential,BRONX,Closed
63585830,2025-01-01T04:13:03.000,2025-01-02T17:11:43.000,NYPD,Noise - Residential,BRONX,Closed
63591032,2025-01-01T04:13:06.000,2025-01-02T17:07:31.000,NYPD,Noise - Residential,BRONX,Closed
63589363,2025-01-01T04:13:07.000,2025-01-02T10:11:38.000,TLC,Lost Property,MANHATTAN,Closed
63591553,2025-01-01T04:13:33.000,2025-01-01T05:33:17.000,NYPD,Blocked Driveway,BROOKLYN,Closed
63587507,2025-01-01T04:13:40.000,2025-01-01T06:41:41.000,NYPD,Noise - Residential,BRONX,Closed
63593369,2025-01-01T04:13:44.000,2025-01-02T17:09:56.000,NYPD,Noise - Residential,BRONX,Closed
63588609,2025-01-01T04:13:48.000,2025-01-01T06:19:44.000,NYPD,Noise - Commercial,QUEENS,Closed
63585930,2025-01-01T04:13:50.000,2025-01-02T16:30:35.000,NYPD,Noise - Residential,BRONX,Closed
63588836,2025-01-01T04:14:15.000,2025-01-01T16:36:10.000,NYPD,Noise - Residential,QUEENS,Closed
63594819,2025-01-01T04:14:18.000,2025-01-01T04:27:07.000,NYPD,Noise - Residential,BROOKLYN,Closed
63589643,2025-01-01T04:14:22.000,2025-01-02T17:06:01.000,NYPD,Noise - Residential,BRONX,Closed
63589970,2025-01-01T04:14:35.000,2025-01-01T05:15:59.000,NYPD,Noise - Residential,MANHATTAN,Closed
63589429,2025-01-01T04:14:38.000,2025-01-02T16:30:35.000,NYPD,Noise - Residential,BRONX,Closed
63586341,2025-01-01T04:14:38.000,2025-01-01T05:09:05.000,NYPD,Noise - Residential,BROOKLYN,Closed
63594430,2025-01-01T04:15:00.000,2025-01-02T17:08:18.000,NYPD,Noise - Residential,BRONX,Closed
63592581,2025-01-01T04:15:08.000,2025-01-01T21:36:19.000,NYPD,Noise - Street/Sidewalk,MANHATTAN,Closed
63590812,2025-01-01T04:15:26.000,2025-01-02T17:07:29.000,NYPD,Noise - Residential,BRONX,Closed
63592213,2025-01-01T04:15:38.000,2025-01-02T17:04:23.000,NYPD,Noise - Residential,BRONX,Closed
63592563,2025-01-01T04:15:41.000,2025-01-01T04:26:54.000,NYPD,Noise - Residential,BROOKLYN,Closed
63586104,2025-01-01T04:16:13.000,2025-01-02T17:04:26.000,NYPD,Noise - Residential,BRONX,Closed
63588821,2025-01-01T04:16:16.000,2025-01-01T04:38:21.000,NYPD,Noise - Residential,BROOKLYN,Closed
63586066,2025-01-01T04:16:17.000,2025-01-02T17:04:24.000,NYPD,Noise - Residential,BRONX,Closed
63591398,2025-01-01T04:16:32.000,2025-01-02T08:42:28.000,HPD,HEAT/HOT WATER,BRONX,Closed
63592408,2025-01-01T04:16:33.000,2025-01-01T10:54:59.000,NYPD,Noise - Residential,MANHATTAN,Closed
63585602,2025-01-01T04:16:38.000,2025-01-03T10:45:25.000,DSNY,Dirty Condition,BROOKLYN,Closed
63592614,2025-01-01T04:16:45.000,2025-01-01T04:40:51.000,NYPD,Noise - Street/Sidewalk,QUEENS,Closed
63590060,2025-01-01T04:16:45.000,2025-01-01T05:19:58.000,NYPD,Noise - Street/Sidewalk,MANHATTAN,Closed
63588711,2025-01-01T04:16:49.000,2025-01-01T04:50:33.000,NYPD,Noise - Residential,QUEENS,Closed
63586500,2025-01-01T04:16:54.000,2025-01-02T14:14:16.000,HPD,ELECTRIC,QUEENS,Closed
63593914,2025-01-01T04:16:54.000,2025-01-02T14:14:16.000,HPD,HEAT/HOT WATER,QUEENS,Closed
63586035,2025-01-01T04:16:55.000,2025-01-02T17:04:23.000,NYPD,Noise - Residential,BRONX,Closed
63593410,2025-01-01T04:17:01.000,2025-01-02T17:04:25.000,NYPD,Noise - Residential,BRONX,Closed
63587512,2025-01-01T04:17:21.000,2025-01-01T06:57:11.000,NYPD,Noise - Residential,BROOKLYN,Closed
63588834,2025-01-01T04:17:22.000,2025-01-01T04:26:32.000,NYPD,Noise - Residential,BROOKLYN,Closed
63588331,2025-01-01T04:17:33.000,2025-01-02T17:07:31.000,NYPD,Noise - Residential,BRONX,Closed
63592443,2025-01-01T04:17:35.000,2025-01-01T05:02:09.000,NYPD,Encampment,QUEENS,Closed
63594758,2025-01-01T04:17:48.000,2025-01-02T17:07:33.000,NYPD,Noise - Residential,BRONX,Closed
63591215,2025-01-01T04:17:52.000,2025-01-01T05:42:46.000,NYPD,Noise - Street/Sidewalk,BROOKLYN,Closed
63592903,2025-01-01T04:18:00.000,2025-01-01T07:40:00.000,DOT,Traffic Signal Condition,BROOKLYN,Closed
63588592,2025-01-01T04:18:11.000,2025-01-02T17:02:42.000,NYPD,Noise - Residential,BRONX,Closed
63590025,2025-01-01T04:18:19.000,2025-01-01T04:38:07.000,NYPD,Noise - Residential,BRONX,Closed
63591153,2025-01-01T04:18:26.000,2025-01-01T04:48:00.000,NYPD,Noise - Residential,MANHATTAN,Closed
63594866,2025-01-01T04:18:36.000,2025-01-02T17:04:25.000,NYPD,Noise - Residential,BRONX,Closed
63592607,2025-01-01T04:18:39.000,2025-01-01T05:00:17.000,NYPD,Noise - Vehicle,MANHATTAN,Closed
63585965,2025-01-01T04:18:49.000,2025-01-02T17:06:01.000,NYPD,Noise - Residential,BRONX,Closed
63590530,2025-01-01T04:19:01.000,2025-01-10T00:00:00.000,DSNY,Graffiti,BROOKLYN,Closed
63589449,2025-01-01T04:19:16.000,2025-01-02T05:51:20.000,NYPD,Noise - Residential,BRONX,Closed
63591111,2025-01-01T04:19:23.000,2025-01-02T17:05:58.000,NYPD,Noise - Residential,BRONX,Closed
63595507,2025-01-01T04:19:25.000,2025-01-01T04:32:30.000,NYPD,Drug Activity,QUEENS,Closed
63586001,2025-01-01T04:19:27.000,2025-01-02T17:07:31.000,NYPD,Noise - Residential,BRONX,Closed
63590533,2025-01-01T04:19:29.000,2025-01-01T04:32:03.000,NYPD,Drug Activity,QUEENS,Closed
63586294,2025-01-01T04:19:39.000,2025-01-01T05:34:25.000,NYPD,Noise - Residential,BROOKLYN,Closed
63594996,2025-01-01T04:19:51.000,2025-01-01T04:26:17.000,NYPD,Noise - Residential,BROOKLYN,Closed
63587491,2025-01-01T04:19:58.000,2025-01-01T04:39:06.000,NYPD,Noise - Residential,BROOKLYN,Closed
63593867,2025-01-01T04:20:01.000,2025-05-29T15:59:43.000,HPD,DOOR/WINDOW,MANHATTAN,Closed
63594817,2025-01-01T04:20:02.000,2025-01-01T04:59:49.000,NYPD,Noise - Residential,QUEENS,Closed
63588305,2025-01-01T04:20:05.000,2025-01-02T17:06:01.000,NYPD,Noise - Residential,BRONX,Closed
63587633,2025-01-01T04:20:07.000,2025-01-01T09:06:05.000,NYPD,Noise - Street/Sidewalk,BRONX,Closed
63585783,2025-01-01T04:20:11.000,2025-01-02T17:11:34.000,NYPD,Noise - Residential,BRONX,Closed
63593793,2025-01-01T04:20:35.000,2025-01-01T05:23:43.000,NYPD,Noise - Residential,BROOKLYN,Closed
63588255,2025-01-01T04:20:44.000,2025-01-02T17:08:23.000,NYPD,Noise - Residential,BRONX,Closed
63587440,2025-01-01T04:20:52.000,2025-01-01T05:05:41.000,NYPD,Noise - Residential,QUEENS,Closed
63590773,2025-01-01T04:20:58.000,2025-01-02T17:06:01.000,NYPD,Noise - Residential,BRONX,Closed
63595221,2025-01-01T04:20:58.000,2025-01-01T06:08:43.000,NYPD,Abandoned Vehicle,STATEN ISLAND,Closed
63589688,2025-01-01T04:21:22.000,2025-01-02T17:07:34.000,NYPD,Noise - Residential,BRONX,Closed
63585835,2025-01-01T04:21:46.000,2025-01-02T17:08:25.000,NYPD,Noise - Residential,BRONX,Closed
63585947,2025-01-01T04:22:00.000,2025-01-02T17:02:43.000,NYPD,Noise - Residential,BRONX,Closed
63592487,2025-01-01T04:22:27.000,2025-01-01T04:26:05.000,NYPD,Noise - Residential,BROOKLYN,Closed
63594515,2025-01-01T04:22:34.000,2025-01-02T17:07:32.000,NYPD,Noise - Residential,BRONX,Closed
63588316,2025-01-01T04:22:38.000,2025-01-02T17:09:57.000,NYPD,Noise - Residential,BRONX,Closed
63594184,2025-01-01T04:22:59.000,2025-01-01T05:01:55.000,NYPD,Noise - Commercial,MANHATTAN,Closed
63588773,2025-01-01T04:23:00.000,2025-01-01T05:53:21.000,NYPD,Noise - Street/Sidewalk,BRONX,Closed
63585760,2025-01-01T04:23:16.000,2025-01-02T17:11:34.000,NYPD,Noise - Residential,BRONX,Closed
63591296,2025-01-01T04:23:19.000,2025-01-01T14:29:48.000,NYPD,Noise - Street/Sidewalk,MANHATTAN,Closed
63585943,2025-01-01T04:23:21.000,2025-01-02T17:10:00.000,NYPD,Noise - Residential,BRONX,Closed
63586796,2025-01-01T04:23:24.000,2025-01-01T05:26:18.000,NYPD,Illegal Parking,BROOKLYN,Closed
63593783,2025-01-01T04:23:29.000,2025-01-01T04:38:51.000,NYPD,Noise - Residential,BRONX,Closed
63594757,2025-01-01T04:23:54.000,2025-01-02T17:07:33.000,NYPD,Noise - Residential,BRONX,Closed
63586612,2025-01-01T04:23:55.000,2025-01-02T13:25:57.000,HPD,HEAT/HOT WATER,BRONX,Closed
63585946,2025-01-01T04:24:09.000,2025-01-02T16:30:36.000,NYPD,Noise - Residential,BRONX,Closed
63589444,2025-01-01T04:24:32.000,2025-01-02T17:10:02.000,NYPD,Noise - Residential,BRONX,Closed
63586725,2025-01-01T04:24:38.000,2025-01-01T05:13:47.000,NYPD,Illegal Parking,QUEENS,Closed
63590094,2025-01-01T04:24:41.000,2025-01-01T06:08:38.000,NYPD,Noise - Street/Sidewalk,QUEENS,Closed
63588078,2025-01-01T04:24:44.000,2025-01-01T06:17:08.000,NYPD,Drug Activity,BROOKLYN,Closed
63593833,2025-01-01T04:24:45.000,2025-01-01T05:16:14.000,NYPD,Noise - Residential,BROOKLYN,Closed
63594709,2025-01-01T04:24:56.000,2025-01-02T17:06:01.000,NYPD,Noise - Residential,BRONX,Closed
63588269,2025-01-01T04:25:10.000,2025-01-02T17:08:18.000,NYPD,Noise - Residential,BRONX,Closed
63592602,2025-01-01T04:25:13.000,2025-01-01T08:38:51.000,NYPD,Noise - Residential,MANHATTAN,Closed
63588536,2025-01-01T04:25:29.000,2025-01-02T01:35:29.000,NYPD,Noise - Residential,BRONX,Closed
63591241,2025-01-01T04:25:44.000,2025-01-01T05:05:25.000,NYPD,Noise - Street/Sidewalk,BROOKLYN,Closed
63593347,2025-01-01T04:25:44.000,2025-01-02T17:07:31.000,NYPD,Noise - Residential,BRONX,Closed
63590071,2025-01-01T04:25:46.000,2025-01-01T05:54:18.000,NYPD,Noise - Residential,QUEENS,Closed
63594797,2025-01-01T04:25:48.000,2025-01-02T17:09:57.000,NYPD,Noise - Residential,BRONX,Closed
63585772,2025-01-01T04:26:27.000,2025-01-02T17:08:22.000,NYPD,Noise - Residential,BRONX,Closed
63592230,2025-01-01T04:26:32.000,2025-01-02T17:09:58.000,NYPD,Noise - Residential,BRONX,Closed
63592561,2025-01-01T04:26:39.000,2025-01-01T05:16:24.000,NYPD,Noise - Residential,BROOKLYN,Closed
63588597,2025-01-01T04:26:42.000,2025-01-01T16:21:45.000,NYPD,Noise - Residential,BRONX,Closed
63586077,2025-01-01T04:27:05.000,2025-01-02T17:04:25.000,NYPD,Noise - Residential,BRONX,Closed
63593579,2025-01-01T04:27:19.000,2025-01-02T17:04:24.000,NYPD,Noise - Residential,BRONX,Closed
63593779,2025-01-01T04:27:24.000,2025-01-01T04:28:55.000,NYPD,Noise - Residential,QUEENS,Closed
63592343,2025-01-01T04:27:43.000,2025-01-02T17:04:24.000,NYPD,Noise - Residential,BRONX,Closed
63590982,2025-01-01T04:28:07.000,2025-01-02T17:04:25.000,NYPD,Noise - Residential,BRONX,Closed
63589878,2025-01-01T04:28:20.000,2025-01-01T04:53:28.000,NYPD,Noise - Residential,BROOKLYN,Closed
63592174,2025-01-01T04:28:21.000,2025-01-02T17:07:36.000,NYPD,Noise - Residential,BRONX,Closed
63587388,2025-01-01T04:28:31.000,2025-01-02T12:03:27.000,DOT,Street Condition,MANHATTAN,Closed
63585955,2025-01-01T04:28:54.000,2025-01-02T17:09:57.000,NYPD,Noise - Residential,BRONX,Closed
63591608,2025-01-01T04:28:59.000,2025-01-01T20:22:52.000,NYPD,Blocked Driveway,QUEENS,Closed
63589662,2025-01-01T04:28:59.000,2025-01-02T17:02:42.000,NYPD,Noise - Residential,BRONX,Closed
63590499,2025-01-01T04:29:00.000,2025-01-01T08:45:00.000,DOT,Traffic Signal Condition,QUEENS,Closed
63593655,2025-01-01T04:29:13.000,2025-01-01T06:25:33.000,NYPD,Noise - Commercial,BRONX,Closed
63592155,2025-01-01T04:29:37.000,2025-01-02T17:09:57.000,NYPD,Noise - Residential,BRONX,Closed
63594508,2025-01-01T04:29:42.000,2025-01-02T17:10:01.000,NYPD,Noise - Residential,BRONX,Closed
63586269,2025-01-01T04:29:53.000,2025-01-01T04:40:07.000,NYPD,Noise - Commercial,BROOKLYN,Closed
63592474,2025-01-01T04:29:56.000,2025-01-01T05:28:49.000,NYPD,Noise - Residential,QUEENS,Closed
63588123,2025-01-01T04:30:05.000,2025-08-01T14:14:09.000,TLC,Taxi Complaint,MANHATTAN,Closed
63590758,2025-01-01T04:30:15.000,2025-01-02T17:11:45.000,NYPD,Noise - Residential,BRONX,Closed
63588829,2025-01-01T04:30:22.000,2025-01-01T04:52:53.000,NYPD,Noise - Residential,BRONX,Closed
63589642,2025-01-01T04:30:29.000,2025-01-02T17:05:59.000,NYPD,Noise - Residential,BRONX,Closed
63588573,2025-01-01T04:30:31.000,2025-01-01T04:33:21.000,NYPD,Noise - Commercial,MANHATTAN,Closed
63589395,2025-01-01T04:30:54.000,2025-01-02T17:08:17.000,NYPD,Noise - Residential,BRONX,Closed
63589557,2025-01-01T04:31:17.000,2025-01-02T17:11:36.000,NYPD,Noise - Residential,BRONX,Closed
63588635,2025-01-01T04:31:27.000,2025-01-01T06:20:32.000,NYPD,Noise - Commercial,BRONX,Closed
63594507,2025-01-01T04:31:32.000,2025-01-02T17:09:56.000,NYPD,Noise - Residential,BRONX,Closed
63591473,2025-01-01T04:31:58.000,2025-01-03T13:00:38.000,HPD,HEAT/HOT WATER,MANHATTAN,Closed
63594493,2025-01-01T04:32:04.000,2025-01-02T16:30:37.000,NYPD,Noise - Residential,BRONX,Closed
63587136,2025-01-01T04:32:10.000,2025-01-02T17:04:27.000,NYPD,Noise - Residential,BRONX,Closed
63589685,2025-01-01T04:32:48.000,2025-01-02T17:10:04.000,NYPD,Noise - Residential,BRONX,Closed
63594561,2025-01-01T04:32:52.000,2025-01-02T17:04:24.000,NYPD,Noise - Residential,BRONX,Closed
63593032,2025-01-01T04:32:58.000,2025-01-01T05:30:36.000,NYPD,Illegal Parking,BROOKLYN,Closed
63593704,2025-01-01T04:33:18.000,2025-01-01T08:28:09.000,NYPD,Noise - Residential,MANHATTAN,Closed
63594437,2025-01-01T04:33:26.000,2025-01-02T17:08:24.000,NYPD,Noise - Residential,BRONX,Closed
63591164,2025-01-01T04:33:40.000,2025-01-02T17:04:26.000,NYPD,Noise - Residential,BRONX,Closed
63594047,2025-01-01T04:34:00.000,2025-01-01T07:30:00.000,DOT,Traffic Signal Condition,QUEENS,Closed
63592104,2025-01-01T04:34:04.000,2025-01-02T17:11:36.000,NYPD,Noise - Residential,BRONX,Closed
63588813,2025-01-01T04:34:18.000,2025-01-01T04:48:08.000,NYPD,Encampment,QUEENS,Closed
63587210,2025-01-01T04:34:28.000,2025-01-02T17:09:58.000,NYPD,Noise - Residential,BRONX,Closed
63587158,2025-01-01T04:34:42.000,2025-01-02T17:11:37.000,NYPD,Noise - Residential,BRONX,Closed
63593792,2025-01-01T04:34:49.000,2025-01-01T05:01:06.000,NYPD,Noise - Residential,QUEENS,Closed
63585834,2025-01-01T04:35:15.000,2025-01-02T17:08:19.000,NYPD,Noise - Residential,BRONX,Closed
63589649,2025-01-01T04:35:20.000,2025-01-02T17:06:00.000,NYPD,Noise - Residential,BRONX,Closed
63589556,2025-01-01T04:35:59.000,2025-01-02T17:11:37.000,NYPD,Noise - Residential,BRONX,Closed
63592154,2025-01-01T04:36:02.000,2025-01-02T17:09:59.000,NYPD,Noise - Residential,BRONX,Closed
63589098,2025-01-01T04:36:05.000,2025-01-01T11:00:07.000,NYPD,Blocked Driveway,BROOKLYN,Closed
63592550,2025-01-01T04:36:28.000,2025-01-01T06:25:08.000,NYPD,Noise - Residential,QUEENS,Closed
63588793,2025-01-01T04:36:30.000,2025-01-01T05:20:24.000,NYPD,Noise - Street/Sidewalk,MANHATTAN,Closed
63594510,2025-01-01T04:36:37.000,2025-01-02T17:07:34.000,NYPD,Noise - Residential,BRONX,Closed
63593349,2025-01-01T04:36:50.000,2025-01-02T17:08:22.000,NYPD,Noise - Residential,BRONX,Closed
63591171,2025-01-01T04:37:10.000,2025-01-01T05:01:38.000,NYPD,Noise - Residential,BROOKLYN,Closed
63589683,2025-01-01T04:37:15.000,2025-01-02T17:07:33.000,NYPD,Noise - Residential,BRONX,Closed
63594514,2025-01-01T04:37:37.000,2025-01-02T17:07:31.000,NYPD,Noise - Residential,BRONX,Closed
63591162,2025-01-01T04:37:43.000,2025-01-01T05:41:36.000,NYPD,Noise - Commercial,BRONX,Closed
63594991,2025-01-01T04:37:45.000,2025-01-01T20:17:14.000,NYPD,Noise - Residential,QUEENS,Closed
63589950,2025-01-01T04:37:53.000,2025-01-02T17:04:24.000,NYPD,Noise - Residential,BRONX,Closed
63594246,2025-01-01T04:38:06.000,2025-01-01T05:30:54.000,NYPD,Illegal Parking,BROOKLYN,Closed
63586279,2025-01-01T04:38:18.000,2025-01-01T04:43:54.000,NYPD,Noise - Residential,QUEENS,Closed
63588257,2025-01-01T04:38:25.000,2025-01-02T17:11:42.000,NYPD,Noise - Residential,BRONX,Closed
63589377,2025-01-01T04:38:31.000,2025-01-02T17:11:32.000,NYPD,Noise - Residential,BRONX,Closed
63587397,2025-01-01T04:38:46.000,2025-01-01T05:42:00.000,NYPD,Noise - Commercial,BRONX,Closed
63590027,2025-01-01T04:38:49.000,2025-01-01T05:08:31.000,NYPD,Noise - Residential,QUEENS,Closed
63586065,2025-01-01T04:39:09.000,2025-01-02T17:04:24.000,NYPD,Noise - Residential,BRONX,Closed
63589254,2025-01-01T04:39:11.000,2025-01-01T05:28:10.000,NYPD,Illegal Parking,BROOKLYN,Closed
63593293,2025-01-01T04:39:13.000,2025-01-02T17:06:02.000,NYPD,Noise - Residential,BRONX,Closed
63589701,2025-01-01T04:39:26.000,2025-01-01T05:42:01.000,NYPD,Noise - Commercial,BRONX,Closed
63590072,2025-01-01T04:39:40.000,2025-01-01T04:45:23.000,NYPD,Noise - Street/Sidewalk,BROOKLYN,Closed
63589246,2025-01-01T04:39:40.000,2025-01-01T09:35:47.000,NYPD,Illegal Parking,QUEENS,Closed
63594539,2025-01-01T04:39:47.000,2025-01-02T17:04:25.000,NYPD,Noise - Residential,BRONX,Closed
63589440,2025-01-01T04:40:00.000,2025-01-02T17:10:00.000,NYPD,Noise - Residential,BRONX,Closed
63587463,2025-01-01T04:40:08.000,2025-01-01T05:41:54.000,NYPD,Noise - Commercial,BRONX,Closed
63585704,2025-01-01T04:40:25.000,2025-01-02T17:11:31.000,NYPD,Noise - Residential,BRONX,Closed
63591180,2025-01-01T04:40:31.000,2025-01-01T05:43:07.000,NYPD,Noise - Residential,BROOKLYN,Closed
63589427,2025-01-01T04:40:48.000,2025-01-02T16:30:37.000,NYPD,Noise - Residential,BRONX,Closed
63587396,2025-01-01T04:40:48.000,2025-01-01T05:41:51.000,NYPD,Noise - Commercial,BRONX,Closed
63586298,2025-01-01T04:40:49.000,2025-01-01T04:52:05.000,NYPD,Noise - Residential,QUEENS,Closed
63592306,2025-01-01T04:41:04.000,2025-01-02T17:07:38.000,NYPD,Noise - Residential,BRONX,Closed
63592480,2025-01-01T04:41:21.000,2025-01-01T05:41:43.000,NYPD,Noise - Commercial,BRONX,Closed
63593366,2025-01-01T04:41:35.000,2025-01-02T17:11:41.000,NYPD,Noise - Residential,BRONX,Closed
63589576,2025-01-01T04:41:42.000,2025-01-02T17:08:16.000,NYPD,Noise - Residential,BRONX,Closed
63592413,2025-01-01T04:42:03.000,2025-01-01T05:41:44.000,NYPD,Noise - Commercial,BRONX,Closed
63586378,2025-01-01T04:42:09.000,2025-01-01T09:54:14.000,NYPD,Encampment,MANHATTAN,Closed
63593784,2025-01-01T04:42:10.000,2025-01-01T05:35:20.000,NYPD,Noise - Residential,BROOKLYN,Closed
63586000,2025-01-01T04:42:20.000,2025-01-02T17:07:32.000,NYPD,Noise - Residential,BRONX,Closed
63585999,2025-01-01T04:42:23.000,2025-01-02T17:07:37.000,NYPD,Noise - Residential,BRONX,Closed
63587545,2025-01-01T04:42:42.000,2025-01-01T05:42:07.000,NYPD,Noise - Commercial,BRONX,Closed
63592008,2025-01-01T04:42:58.000,2025-01-02T17:02:43.000,NYPD,Noise - Residential,BRONX,Closed
63595312,2025-01-01T04:43:05.000,2025-01-01T05:09:30.000,NYPD,Illegal Parking,BROOKLYN,Closed
63588382,2025-01-01T04:43:10.000,2025-01-02T16:30:38.000,NYPD,Noise - Residential,BRONX,Closed
63592371,2025-01-01T04:43:16.000,2025-01-01T05:42:02.000,NYPD,Noise - Commercial,BRONX,Closed
63594879,2025-01-01T04:43:30.000,2025-01-01T05:14:04.000,NYPD,Noise - Residential,QUEENS,Closed
63592015,2025-01-01T04:43:31.000,2025-01-01T05:27:14.000,NYPD,Abandoned Vehicle,QUEENS,Closed
63593476,2025-01-01T04:43:36.000,2025-01-02T17:05:59.000,NYPD,Noise - Residential,BRONX,Closed
63594727,2025-01-01T04:43:58.000,2025-01-02T17:06:01.000,NYPD,Noise - Residential,BRONX,Closed
63593654,2025-01-01T04:44:04.000,2025-01-01T05:42:08.000,NYPD,Noise - Commercial,BRONX,Closed
63594412,2025-01-01T04:44:14.000,2025-01-02T17:11:31.000,NYPD,Noise - Residential,BRONX,Closed
63594157,2025-01-01T04:44:25.000,2025-01-01T05:21:18.000,NYPD,Illegal Parking,BROOKLYN,Closed
63592508,2025-01-01T04:44:29.000,2025-01-01T05:23:44.000,NYPD,Noise - Residential,BROOKLYN,Closed
63594501,2025-01-01T04:44:46.000,2025-01-02T17:09:59.000,NYPD,Noise - Residential,BRONX,Closed
63589498,2025-01-01T04:44:52.000,2025-01-02T17:04:24.000,NYPD,Noise - Residential,BRONX,Closed
63592501,2025-01-01T04:45:00.000,2025-01-01T05:41:47.000,NYPD,Noise - Commercial,BRONX,Closed
63594713,2025-01-01T04:45:31.000,2025-01-02T17:02:42.000,NYPD,Noise - Residential,BRONX,Closed
63587223,2025-01-01T04:45:33.000,2025-01-02T17:09:55.000,NYPD,Noise - Residential,BRONX,Closed
63592415,2025-01-01T04:46:04.000,2025-01-01T05:20:42.000,NYPD,Noise - Park,MANHATTAN,Closed
63594768,2025-01-01T04:46:09.000,2025-01-02T17:02:42.000,NYPD,Noise - Residential,BRONX,Closed
63587414,2025-01-01T04:46:21.000,2025-01-02T17:04:24.000,NYPD,Noise - Residential,BRONX,Closed
63587413,2025-01-01T04:46:47.000,2025-01-02T17:04:25.000,NYPD,Noise - Residential,BRONX,Closed
63587704,2025-01-01T04:47:01.000,2025-01-01T18:22:08.000,HPD,HEAT/HOT WATER,QUEENS,Closed
63587579,2025-01-01T04:47:05.000,2025-01-01T22:59:25.000,NYPD,Noise - Residential,BRONX,Closed
63594654,2025-01-01T04:47:08.000,2025-01-02T17:08:27.000,NYPD,Noise - Residential,BRONX,Closed
63586242,2025-01-01T04:47:15.000,2025-01-01T05:41:58.000,NYPD,Noise - Commercial,BRONX,Closed
63585723,2025-01-01T04:47:25.000,2025-01-02T17:11:34.000,NYPD,Noise - Residential,BRONX,Closed
63588608,2025-01-01T04:47:48.000,2025-01-01T05:42:03.000,NYPD,Noise - Commercial,BRONX,Closed
63588574,2025-01-01T04:47:53.000,2025-01-01T05:35:08.000,NYPD,Noise - Commercial,QUEENS,Closed
63592085,2025-01-01T04:47:56.000,2025-01-02T17:08:18.000,NYPD,Noise - Residential,BRONX,Closed
63592404,2025-01-01T04:47:57.000,2025-01-01T22:59:02.000,NYPD,Noise - Residential,QUEENS,Closed
63593433,2025-01-01T04:48:03.000,2025-01-02T17:04:25.000,NYPD,Noise - Residential,BRONX,Closed
63590587,2025-01-01T04:48:15.000,2025-01-01T09:05:25.000,DHS,Homeless Person Assistance,MANHATTAN,Closed
63594730,2025-01-01T04:48:31.000,2025-01-01T05:42:04.000,NYPD,Noise - Commercial,BRONX,Closed
63591016,2025-01-01T04:48:41.000,2025-01-02T17:08:29.000,NYPD,Noise - Residential,BRONX,Closed
63585897,2025-01-01T04:48:43.000,2025-01-02T17:06:02.000,NYPD,Noise - Residential,BRONX,Closed
63594854,2025-01-01T04:48:55.000,2025-01-01T05:17:43.000,NYPD,Noise - Residential,BROOKLYN,Closed
63593621,2025-01-01T04:49:09.000,2025-01-01T05:42:08.000,NYPD,Noise - Commercial,BRONX,Closed
63593820,2025-01-01T04:49:15.000,2025-01-01T05:31:02.000,NYPD,Noise - Residential,BRONX,Closed
63589528,2025-01-01T04:49:19.000,2025-01-02T17:11:36.000,NYPD,Noise - Residential,BRONX,Closed
63592262,2025-01-01T04:49:31.000,2025-01-02T17:06:03.000,NYPD,Noise - Residential,BRONX,Closed
63591596,2025-01-01T04:49:53.000,2025-01-01T06:11:49.000,NYPD,Abandoned Vehicle,BROOKLYN,Closed
63591895,2025-01-01T04:49:57.000,2025-01-02T17:11:31.000,NYPD,Noise - Residential,BRONX,Closed
63588572,2025-01-01T04:49:57.000,2025-01-01T05:42:09.000,NYPD,Noise - Commercial,BRONX,Closed
63594410,2025-01-01T04:50:18.000,2025-01-02T17:11:43.000,NYPD,Noise - Residential,BRONX,Closed
63592447,2025-01-01T04:50:34.000,2025-01-01T05:14:55.000,NYPD,Noise - Residential,QUEENS,Closed
63587134,2025-01-01T04:50:35.000,2025-01-02T17:04:25.000,NYPD,Noise - Residential,BRONX,Closed
63585919,2025-01-01T04:51:06.000,2025-01-02T17:06:00.000,NYPD,Noise - Residential,BRONX,Closed
63588534,2025-01-01T04:51:14.000,2025-01-02T17:08:26.000,NYPD,Noise - Residential,BRONX,Closed
63591352,2025-01-01T04:51:27.000,2025-01-01T05:11:40.000,NYPD,Noise - Vehicle,MANHATTAN,Closed
63590059,2025-01-01T04:51:48.000,2025-01-01T05:36:28.000,NYPD,Noise - Street/Sidewalk,BROOKLYN,Closed
63589648,2025-01-01T04:51:52.000,2025-01-02T17:06:00.000,NYPD,Noise - Residential,BRONX,Closed
63587377,2025-01-01T04:51:54.000,2025-01-02T17:07:35.000,NYPD,Noise - Residential,BRONX,Closed
63586272,2025-01-01T04:51:59.000,2025-01-01T05:42:05.000,NYPD,Noise - Commercial,BRONX,Closed
63593625,2025-01-01T04:51:59.000,2025-01-01T05:10:10.000,NYPD,Noise - Commercial,QUEENS,Closed
63590082,2025-01-01T04:52:14.000,2025-01-01T06:16:14.000,NYPD,Noise - Vehicle,MANHATTAN,Closed
63590857,2025-01-01T04:52:30.000,2025-01-02T17:06:00.000,NYPD,Noise - Residential,BRONX,Closed
63589700,2025-01-01T04:52:31.000,2025-01-01T05:42:10.000,NYPD,Noise - Commercial,BRONX,Closed
63594083,2025-01-01T04:52:33.000,2025-01-01T05:48:53.000,NYPD,Blocked Driveway,QUEENS,Closed
63594810,2025-01-01T04:52:41.000,2025-01-02T17:04:27.000,NYPD,Noise - Residential,BRONX,Closed
63590362,2025-01-01T04:52:44.000,2025-01-01T06:04:36.000,NYPD,Blocked Driveway,QUEENS,Closed
63592517,2025-01-01T04:52:54.000,2025-01-01T05:21:05.000,NYPD,Noise - Residential,MANHATTAN,Closed
63585670,2025-01-01T04:53:00.000,2025-01-07T14:15:00.000,DEP,Noise,QUEENS,Closed
63593742,2025-01-01T04:53:00.000,2025-01-01T05:20:23.000,NYPD,Noise - Residential,BROOKLYN,Closed
63586575,2025-01-01T04:53:05.000,2025-01-01T12:07:26.000,HPD,HEAT/HOT WATER,QUEENS,Closed
63590061,2025-01-01T04:53:05.000,2025-01-01T06:18:54.000,NYPD,Panhandling,BRONX,Closed
63586031,2025-01-01T04:53:08.000,2025-01-02T17:04:25.000,NYPD,Noise - Residential,BRONX,Closed
63587600,2025-01-01T04:53:11.000,2025-01-01T09:40:35.000,NYPD,Noise - Street/Sidewalk,MANHATTAN,Closed
63589913,2025-01-01T04:53:24.000,2025-01-01T05:41:52.000,NYPD,Noise - Commercial,BRONX,Closed
63591440,2025-01-01T04:53:24.000,2025-01-02T12:20:19.000,HPD,HEAT/HOT WATER,MANHATTAN,Closed
63588402,2025-01-01T04:53:29.000,2025-01-02T17:04:25.000,NYPD,Noise - Residential,BRONX,Closed
63592627,2025-01-01T04:53:36.000,2025-01-01T04:58:24.000,NYPD,Noise - Street/Sidewalk,BRONX,Closed
63591924,2025-01-01T04:53:46.000,2025-01-02T17:08:19.000,NYPD,Noise - Residential,BRONX,Closed
63593727,2025-01-01T04:53:53.000,2025-01-01T05:15:46.000,NYPD,Noise - Residential,BRONX,Closed
63586268,2025-01-01T04:53:59.000,2025-01-01T05:41:53.000,NYPD,Noise - Commercial,BRONX,Closed
63586345,2025-01-01T04:54:15.000,2025-01-01T05:38:18.000,NYPD,Noise - Residential,QUEENS,Closed
63587352,2025-01-01T04:54:16.000,2025-01-02T17:09:57.000,NYPD,Noise - Residential,BRONX,Closed
63589480,2025-01-01T04:54:24.000,2025-01-02T17:04:27.000,NYPD,Noise - Residential,BRONX,Closed
63590053,2025-01-01T04:54:28.000,2025-01-01T05:41:45.000,NYPD,Noise - Commercial,BRONX,Closed
63591231,2025-01-01T04:54:33.000,2025-01-01T05:09:20.000,NYPD,Noise - Residential,BRONX,Closed
63592634,2025-01-01T04:54:33.000,2025-01-01T08:08:10.000,NYPD,Noise - Street/Sidewalk,BROOKLYN,Closed
63588824,2025-01-01T04:54:37.000,2025-01-01T05:04:41.000,NYPD,Encampment,QUEENS,Closed
63595429,2025-01-01T04:54:58.000,2025-01-01T05:38:48.000,NYPD,Illegal Parking,QUEENS,Closed
63592621,2025-01-01T04:55:02.000,2025-01-01T05:48:28.000,NYPD,Noise - Street/Sidewalk,QUEENS,Closed
63594398,2025-01-01T04:55:02.000,2025-01-02T17:11:37.000,NYPD,Noise - Residential,BRONX,Closed
63588524,2025-01-01T04:55:04.000,2025-01-02T17:11:32.000,NYPD,Noise - Residential,BRONX,Closed
63591301,2025-01-01T04:55:28.000,2025-01-01T05:29:39.000,NYPD,Noise - Residential,STATEN ISLAND,Closed
63590809,2025-01-01T04:55:41.000,2025-01-02T17:10:00.000,NYPD,Noise - Residential,BRONX,Closed
63590964,2025-01-01T04:55:51.000,2025-01-02T17:11:36.000,NYPD,Noise - Residential,BRONX,Closed
63591291,2025-01-01T04:56:07.000,2025-01-01T21:37:11.000,NYPD,Noise - Residential,QUEENS,Closed
63589636,2025-01-01T04:56:19.000,2025-01-02T17:06:02.000,NYPD,Noise - Residential,BRONX,Closed
63588297,2025-01-01T04:56:39.000,2025-01-02T17:10:03.000,NYPD,Noise - Residential,BRONX,Closed
63587457,2025-01-01T04:56:57.000,2025-01-01T05:02:35.000,NYPD,Noise - Commercial,QUEENS,Closed
63594754,2025-01-01T04:56:57.000,2025-01-02T17:10:02.000,NYPD,Noise - Residential,BRONX,Closed
63592625,2025-01-01T04:57:10.000,2025-01-01T05:12:01.000,NYPD,Noise - Street/Sidewalk,MANHATTAN,Closed
63585929,2025-01-01T04:57:27.000,2025-01-02T16:30:39.000,NYPD,Noise - Residential,BRONX,Closed
63590856,2025-01-01T04:57:35.000,2025-01-02T17:06:01.000,NYPD,Noise - Residential,BRONX,Closed
63593653,2025-01-01T04:57:49.000,2025-01-01T05:41:46.000,NYPD,Noise - Commercial,BRONX,Closed
63591587,2025-01-01T04:58:01.000,2025-08-19T00:00:00.000,DOB,Building/Use,QUEENS,Closed
63592128,2025-01-01T04:58:13.000,2025-01-02T17:06:03.000,NYPD,Noise - Residential,BRONX,Closed
63585787,2025-01-01T04:58:14.000,2025-01-02T17:08:24.000,NYPD,Noise - Residential,BRONX,Closed
63591626,2025-01-01T04:58:20.000,2025-01-01T06:10:00.000,NYPD,Illegal Parking,BROOKLYN,Closed
63589387,2025-01-01T04:58:51.000,2025-01-02T17:08:20.000,NYPD,Noise - Residential,BRONX,Closed
63592626,2025-01-01T04:59:00.000,2025-01-01T05:23:07.000,NYPD,Noise - Street/Sidewalk,BROOKLYN,Closed
63588322,2025-01-01T04:59:02.000,2025-01-02T16:30:40.000,NYPD,Noise - Residential,BRONX,Closed
63586546,2025-01-01T04:59:04.000,2025-01-03T20:36:34.000,HPD,HEAT/HOT WATER,BROOKLYN,Closed
63586638,2025-01-01T04:59:04.000,2025-01-02T13:28:44.000,HPD,HEAT/HOT WATER,BRONX,Closed
63591227,2025-01-01T04:59:17.000,2025-01-01T05:56:45.000,NYPD,Noise - Residential,QUEENS,Closed
63587131,2025-01-01T04:59:29.000,2025-01-02T17:11:45.000,NYPD,Noise - Residential,BRONX,Closed
63587130,2025-01-01T04:59:49.000,2025-01-02T17:11:36.000,NYPD,Noise - Residential,BRONX,Closed
63589448,2025-01-01T05:00:08.000,2025-01-02T17:07:33.000,NYPD,Noise - Residential,BRONX,Closed
63589686,2025-01-01T05:00:37.000,2025-01-02T17:07:33.000,NYPD,Noise - Residential,BRONX,Closed
63592153,2025-01-01T05:00:45.000,2025-01-02T17:09:57.000,NYPD,Noise - Residential,BRONX,Closed
63589702,2025-01-01T05:00:48.000,2025-01-01T05:41:55.000,NYPD,Noise - Commercial,BRONX,Closed
63587355,2025-01-01T05:01:24.000,2025-01-02T17:07:34.000,NYPD,Noise - Residential,BRONX,Closed
63592093,2025-01-01T05:01:24.000,2025-01-02T17:06:00.000,NYPD,Noise - Residential,BRONX,Closed
63593824,2025-01-01T05:01:52.000,2025-01-01T05:43:09.000,NYPD,Noise - Vehicle,QUEENS,Closed
63588627,2025-01-01T05:01:58.000,2025-01-01T05:41:54.000,NYPD,Noise - Commercial,BRONX,Closed
63593566,2025-01-01T05:02:02.000,2025-01-02T17:04:27.000,NYPD,Noise - Residential,BRONX,Closed
63592485,2025-01-01T05:02:02.000,2025-01-01T06:05:03.000,NYPD,Noise - Residential,MANHATTAN,Closed
63594864,2025-01-01T05:02:12.000,2025-01-02T17:04:27.000,NYPD,Noise - Residential,BRONX,Closed
63591068,2025-01-01T05:02:25.000,2025-01-01T05:41:56.000,NYPD,Noise - Commercial,BRONX,Closed
63585777,2025-01-01T05:02:40.000,2025-01-02T17:11:36.000,NYPD,Noise - Residential,BRONX,Closed
63588843,2025-01-01T05:02:43.000,2025-01-01T05:46:52.000,NYPD,Noise - Residential,BRONX,Closed
63588352,2025-01-01T05:03:00.000,2025-01-02T17:07:33.000,NYPD,Noise - Residential,BRONX,Closed
63590287,2025-01-01T05:03:08.000,2025-01-01T12:07:26.000,HPD,HEAT/HOT WATER,QUEENS,Closed
63585721,2025-01-01T05:03:18.000,2025-01-02T17:11:46.000,NYPD,Noise - Residential,BRONX,Closed
63585720,2025-01-01T05:03:47.000,2025-01-02T17:11:38.000,NYPD,Noise - Residential,BRONX,Closed
63593232,2025-01-01T05:03:56.000,2025-01-02T17:08:24.000,NYPD,Noise - Residential,BRONX,Closed
63586348,2025-01-01T05:04:00.000,2025-01-01T06:01:37.000,NYPD,Noise - Residential,MANHATTAN,Closed
63593065,2025-01-01T05:04:05.000,2025-01-01T09:32:54.000,NYPD,Illegal Parking,QUEENS,Closed
63586498,2025-01-01T05:04:05.000,2025-01-01T11:42:43.000,NYPD,Blocked Driveway,BRONX,Closed
63591219,2025-01-01T05:04:10.000,2025-01-01T05:41:47.000,NYPD,Noise - Commercial,BRONX,Closed
63588304,2025-01-01T05:04:35.000,2025-01-02T17:06:02.000,NYPD,Noise - Residential,BRONX,Closed
63589510,2025-01-01T05:04:35.000,2025-01-02T17:11:38.000,NYPD,Noise - Residential,BRONX,Closed
63592574,2025-01-01T05:05:01.000,2025-01-01T06:04:07.000,NYPD,Noise - Residential,QUEENS,Closed
63589915,2025-01-01T05:05:07.000,2025-01-01T05:41:57.000,NYPD,Noise - Commercial,BRONX,Closed
63589631,2025-01-01T05:05:12.000,2025-01-02T17:06:02.000,NYPD,Noise - Residential,BRONX,Closed
63591959,2025-01-01T05:05:22.000,2025-01-02T17:11:39.000,NYPD,Noise - Residential,BRONX,Closed
63593926,2025-01-01T05:05:30.000,2025-01-03T19:37:56.000,HPD,HEAT/HOT WATER,QUEENS,Closed
63586366,2025-01-01T05:05:33.000,2025-01-01T05:25:36.000,NYPD,Noise - Residential,MANHATTAN,Closed
63593069,2025-01-01T05:05:42.000,2025-01-01T07:01:39.000,DSNY,Vendor Enforcement,BROOKLYN,Closed
63588753,2025-01-01T05:05:45.000,2025-01-01T05:24:41.000,NYPD,Noise - Residential,STATEN ISLAND,Closed
63586600,2025-01-01T05:05:46.000,2025-01-01T15:02:15.000,HPD,HEAT/HOT WATER,QUEENS,Closed
63586615,2025-01-01T05:05:49.000,2025-01-01T12:07:26.000,HPD,HEAT/HOT WATER,QUEENS,Closed
63588144,2025-01-01T05:05:51.000,2025-01-02T17:11:39.000,NYPD,Noise - Residential,BRONX,Closed
63589271,2025-01-01T05:05:52.000,2025-01-06T16:04:09.000,HPD,PLUMBING,MANHATTAN,Closed
63595169,2025-01-01T05:06:04.000,2025-01-01T12:07:26.000,HPD,HEAT/HOT WATER,QUEENS,Closed
63593541,2025-01-01T05:06:11.000,2025-01-02T17:07:31.000,NYPD,Noise - Residential,BRONX,Closed
63586030,2025-01-01T05:06:29.000,2025-01-02T17:04:26.000,NYPD,Noise - Residential,BRONX,Closed
63592567,2025-01-01T05:06:48.000,2025-01-01T05:36:56.000,NYPD,Noise - Residential,QUEENS,Closed
63593329,2025-01-01T05:06:57.000,2025-01-02T16:30:40.000,NYPD,Noise - Residential,BRONX,Closed
63589655,2025-01-01T05:07:07.000,2025-01-02T17:02:42.000,NYPD,Noise - Residential,BRONX,Closed
63594957,2025-01-01T05:07:11.000,2025-01-01T05:41:48.000,NYPD,Noise - Commercial,BRONX,Closed
63587006,2025-01-01T05:07:45.000,2025-01-02T17:08:19.000,NYPD,Noise - Residential,BRONX,Closed
63587317,2025-01-01T05:07:45.000,2025-01-02T17:05:59.000,NYPD,Noise - Residential,BRONX,Closed
63586271,2025-01-01T05:08:01.000,2025-01-01T05:41:59.000,NYPD,Noise - Commercial,BRONX,Closed
63591886,2025-01-01T05:08:23.000,2025-01-02T17:11:43.000,NYPD,Noise - Residential,BRONX,Closed
63587759,2025-01-01T05:08:25.000,2025-01-02T13:28:44.000,HPD,HEAT/HOT WATER,BRONX,Closed
63590306,2025-01-01T05:08:26.000,2025-01-01T06:06:24.000,NYPD,Blocked Driveway,QUEENS,Closed
63592629,2025-01-01T05:08:31.000,2025-01-01T06:01:58.000,NYPD,Noise - Street/Sidewalk,MANHATTAN,Closed
63588226,2025-01-01T05:08:32.000,2025-01-02T17:11:34.000,NYPD,Noise - Residential,BRONX,Closed
63593848,2025-01-01T05:08:36.000,2025-01-01T05:25:04.000,NYPD,Noise - Residential,STATEN ISLAND,Closed
63593757,2025-01-01T05:08:38.000,2025-01-01T05:42:11.000,NYPD,Noise - Commercial,BRONX,Closed
63585968,2025-01-01T05:09:01.000,2025-01-02T17:02:42.000,NYPD,Noise - Residential,BRONX,Closed
63588757,2025-01-01T05:09:04.000,2025-01-01T05:25:53.000,NYPD,Noise - Residential,MANHATTAN,Closed
63594746,2025-01-01T05:09:18.000,2025-01-01T05:41:49.000,NYPD,Noise - Commercial,BRONX,Closed
63594711,2025-01-01T05:09:20.000,2025-01-02T16:30:41.000,NYPD,Noise - Residential,BRONX,Closed
63588225,2025-01-01T05:09:39.000,2025-01-02T17:11:33.000,NYPD,Noise - Residential,BRONX,Closed
63594745,2025-01-01T05:10:00.000,2025-01-01T05:41:50.000,NYPD,Noise - Commercial,BRONX,Closed
63589645,2025-01-01T05:10:08.000,2025-01-02T16:30:42.000,NYPD,Noise - Residential,BRONX,Closed
63589517,2025-01-01T05:10:17.000,2025-01-02T17:06:02.000,NYPD,Noise - Residential,BRONX,Closed
63586666,2025-01-01T05:10:29.000,2025-01-01T07:01:39.000,DSNY,Vendor Enforcement,BROOKLYN,Closed
63592270,2025-01-01T05:10:55.000,2025-01-02T17:09:58.000,NYPD,Noise - Residential,BRONX,Closed
63585928,2025-01-01T05:10:55.000,2025-01-02T17:02:42.000,NYPD,Noise - Residential,BRONX,Closed
63595022,2025-01-01T05:11:31.000,2025-01-01T05:26:07.000,NYPD,Noise - Residential,MANHATTAN,Closed
63592272,2025-01-01T05:11:34.000,2025-01-02T17:07:33.000,NYPD,Noise - Residential,BRONX,Closed
63594564,2025-01-01T05:11:43.000,2025-01-02T17:06:02.000,NYPD,Noise - Residential,BRONX,Closed
63594874,2025-01-01T05:12:12.000,2025-01-02T17:06:03.000,NYPD,Noise - Residential,BRONX,Closed
63588642,2025-01-01T05:12:28.000,2025-01-01T05:42:06.000,NYPD,Noise - Commercial,BRONX,Closed
63585996,2025-01-01T05:12:30.000,2025-01-02T17:07:34.000,NYPD,Noise - Residential,BRONX,Closed
63586531,2025-01-01T05:12:33.000,2025-01-01T06:16:36.000,NYPD,Blocked Driveway,QUEENS,Closed
63593780,2025-01-01T05:12:49.000,2025-01-01T06:59:13.000,NYPD,Noise - Residential,BROOKLYN,Closed
63593328,2025-01-01T05:12:50.000,2025-01-02T17:10:01.000,NYPD,Noise - Residential,BRONX,Closed
63587574,2025-01-01T05:13:00.000,2025-01-01T06:43:55.000,NYPD,Non-Emergency Police Matter,MANHATTAN,Closed
63586241,2025-01-01T05:13:01.000,2025-01-01T05:42:12.000,NYPD,Noise - Commercial,BRONX,Closed
63590963,2025-01-01T05:13:18.000,2025-01-02T17:11:42.000,NYPD,Noise - Residential,BRONX,Closed
63589717,2025-01-01T05:13:28.000,2025-01-02T17:04:25.000,NYPD,Noise - Residential,BRONX,Closed
63592557,2025-01-01T05:13:32.000,2025-01-01T06:02:13.000,NYPD,Noise - Street/Sidewalk,MANHATTAN,Closed
63588632,2025-01-01T05:13:32.000,2025-01-01T06:41:55.000,NYPD,Noise - Residential,STATEN ISLAND,Closed
63593611,2025-01-01T05:14:05.000,2025-01-02T17:04:26.000,NYPD,Noise - Residential,BRONX,Closed
63594105,2025-01-01T05:14:05.000,2025-01-01T06:11:22.000,NYPD,Illegal Parking,BROOKLYN,Closed
63593628,2025-01-01T05:14:06.000,2025-01-01T05:42:13.000,NYPD,Noise - Commercial,BRONX,Closed
63589684,2025-01-01T05:14:08.000,2025-01-02T17:10:03.000,NYPD,Noise - Residential,BRONX,Closed
63591244,2025-01-01T05:14:21.000,2025-01-01T11:43:45.000,NYPD,Noise - Residential,BRONX,Closed
63587221,2025-01-01T05:14:45.000,2025-01-02T17:09:58.000,NYPD,Noise - Residential,BRONX,Closed
63592314,2025-01-01T05:14:53.000,2025-01-02T17:06:01.000,NYPD,Noise - Residential,BRONX,Closed
63590294,2025-01-01T05:15:21.000,2025-01-01T11:44:02.000,NYPD,Blocked Driveway,BRONX,Closed
63594741,2025-01-01T05:15:22.000,2025-01-02T17:10:00.000,NYPD,Noise - Residential,BRONX,Closed
63590382,2025-01-01T05:15:30.000,2025-01-03T16:29:39.000,DSNY,Obstruction,BROOKLYN,Closed
63589888,2025-01-01T05:15:41.000,2025-01-02T16:30:43.000,NYPD,Noise - Residential,BRONX,Closed
63585939,2025-01-01T05:16:00.000,2025-01-02T17:02:44.000,NYPD,Noise - Residential,BRONX,Closed
63586277,2025-01-01T05:16:24.000,2025-01-01T06:12:01.000,NYPD,Noise - Residential,QUEENS,Closed
63593307,2025-01-01T05:16:28.000,2025-01-02T17:11:33.000,NYPD,Noise - Residential,BRONX,Closed
63593772,2025-01-01T05:16:28.000,2025-01-01T05:24:34.000,NYPD,Noise - Residential,BRONX,Closed
63585967,2025-01-01T05:16:39.000,2025-01-02T17:02:43.000,NYPD,Noise - Residential,BRONX,Closed
63586439,2025-01-01T05:16:41.000,2025-01-01T08:08:24.000,NYPD,Noise - Street/Sidewalk,BROOKLYN,Closed
63594335,2025-01-01T05:17:00.000,2025-01-01T09:00:00.000,DEP,Sewer,STATEN ISLAND,Closed
63589045,2025-01-01T05:17:07.000,2025-01-02T12:02:14.000,DCWP,Consumer Complaint,BRONX,Closed
63594392,2025-01-01T05:17:16.000,2025-01-02T17:11:35.000,NYPD,Noise - Residential,BRONX,Closed
63593320,2025-01-01T05:17:17.000,2025-01-02T17:02:43.000,NYPD,Noise - Residential,BRONX,Closed
63592511,2025-01-01T05:17:26.000,2025-01-01T08:27:37.000,NYPD,Noise - Residential,MANHATTAN,Closed
63594967,2025-01-01T05:17:46.000,2025-01-01T06:42:45.000,NYPD,Noise - Residential,QUEENS,Closed
63591312,2025-01-01T05:17:49.000,2025-01-01T09:19:43.000,NYPD,Noise - Residential,MANHATTAN,Closed
63587129,2025-01-01T05:17:55.000,2025-01-02T17:11:37.000,NYPD,Noise - Residential,BRONX,Closed
63590018,2025-01-01T05:17:56.000,2025-01-01T06:25:08.000,NYPD,Noise - Residential,BRONX,Closed
63588651,2025-01-01T05:18:03.000,2025-01-02T17:06:02.000,NYPD,Noise - Residential,BRONX,Closed
63591304,2025-01-01T05:18:31.000,2025-01-01T06:02:25.000,NYPD,Noise - Residential,MANHATTAN,Closed
63592984,2025-01-01T05:18:32.000,2025-01-01T09:55:03.000,NYPD,Illegal Parking,BRONX,Closed
63588224,2025-01-01T05:18:33.000,2025-01-02T17:11:34.000,NYPD,Noise - Residential,BRONX,Closed
63591114,2025-01-01T05:18:51.000,2025-01-02T16:30:43.000,NYPD,Noise - Residential,BRONX,Closed
63588362,2025-01-01T05:19:11.000,2025-01-02T17:04:29.000,NYPD,Noise - Residential,BRONX,Closed
63594766,2025-01-01T05:19:38.000,2025-01-02T16:30:44.000,NYPD,Noise - Residential,BRONX,Closed
63592405,2025-01-01T05:19:39.000,2025-01-01T05:24:38.000,NYPD,Noise - Residential,BRONX,Closed
63592271,2025-01-01T05:19:49.000,2025-01-02T17:07:32.000,NYPD,Noise - Residential,BRONX,Closed
63589494,2025-01-01T05:19:52.000,2025-01-02T01:52:04.000,NYPD,Noise - Commercial,BRONX,Closed
63592603,2025-01-01T05:19:57.000,2025-01-01T06:39:35.000,NYPD,Noise - Residential,BROOKLYN,Closed
63586909,2025-01-01T05:20:26.000,2025-01-02T17:11:44.000,NYPD,Noise - Residential,BRONX,Closed
63593540,2025-01-01T05:20:27.000,2025-01-02T17:07:37.000,NYPD,Noise - Residential,BRONX,Closed
63593624,2025-01-01T05:20:32.000,2025-01-01T11:15:28.000,NYPD,Noise - Commercial,MANHATTAN,Closed
63591760,2025-01-01T05:20:36.000,2025-01-03T13:32:33.000,DSNY,Illegal Posting,STATEN ISLAND,Closed
63592751,2025-01-01T05:20:36.000,2025-01-03T15:18:12.000,HPD,HEAT/HOT WATER,MANHATTAN,Closed
63591649,2025-01-01T05:20:47.000,2025-01-01T08:39:50.000,NYPD,Illegal Parking,QUEENS,Closed
63590859,2025-01-01T05:21:06.000,2025-01-02T17:02:43.000,NYPD,Noise - Residential,BRONX,Closed
63589858,2025-01-01T05:21:08.000,2025-01-01T19:58:30.000,NYPD,Noise - Residential,BRONX,Closed
63593802,2025-01-01T05:21:09.000,2025-01-01T10:52:11.000,NYPD,Noise - Residential,QUEENS,Closed
63588405,2025-01-01T05:21:14.000,2025-01-02T17:09:58.000,NYPD,Noise - Residential,BRONX,Closed
63588822,2025-01-01T05:21:17.000,2025-01-01T14:45:53.000,NYPD,Noise - Residential,BRONX,Closed
63587209,2025-01-01T05:21:44.000,2025-01-02T17:07:33.000,NYPD,Noise - Residential,BRONX,Closed
63593513,2025-01-01T05:22:01.000,2025-01-02T16:30:45.000,NYPD,Noise - Residential,BRONX,Closed
63591156,2025-01-01T05:22:03.000,2025-01-01T15:59:42.000,NYPD,Noise - Commercial,BRONX,Closed
63586275,2025-01-01T05:22:04.000,2025-01-01T05:59:00.000,NYPD,Noise - Residential,BRONX,Closed
63592475,2025-01-01T05:22:21.000,2025-01-01T06:47:18.000,NYPD,Noise - Residential,MANHATTAN,Closed
63587353,2025-01-01T05:22:22.000,2025-01-02T17:07:35.000,NYPD,Noise - Residential,BRONX,Closed
63593741,2025-01-01T05:22:35.000,2025-01-01T08:45:07.000,NYPD,Noise - Residential,MANHATTAN,Closed
63593303,2025-01-01T05:22:49.000,2025-01-02T16:30:46.000,NYPD,Noise - Residential,BRONX,Closed
63591958,2025-01-01T05:23:00.000,2025-01-02T17:11:58.000,NYPD,Noise - Residential,BRONX,Closed
63590026,2025-01-01T05:23:29.000,2025-01-01T15:47:30.000,NYPD,Noise - Residential,BRONX,Closed
63592297,2025-01-01T05:23:36.000,2025-01-02T17:04:26.000,NYPD,Noise - Residential,BRONX,Closed
63587343,2025-01-01T05:23:38.000,2025-01-02T17:02:42.000,NYPD,Noise - Residential,BRONX,Closed
63591121,2025-01-01T05:24:14.000,2025-01-01T05:49:57.000,NYPD,Noise - Residential,BROOKLYN,Closed
63587004,2025-01-01T05:24:16.000,2025-01-02T17:08:27.000,NYPD,Noise - Residential,BRONX,Closed
63586992,2025-01-01T05:24:24.000,2025-01-02T06:16:26.000,DSNY,Dirty Condition,STATEN ISLAND,Closed
63588292,2025-01-01T05:24:26.000,2025-01-02T16:30:46.000,NYPD,Noise - Residential,BRONX,Closed
63595463,2025-01-01T05:24:28.000,2025-01-01T07:50:12.000,NYPD,Illegal Parking,BROOKLYN,Closed
63589678,2025-01-01T05:24:54.000,2025-01-02T17:07:32.000,NYPD,Noise - Residential,BRONX,Closed
63592910,2025-01-01T05:25:02.000,2025-01-01T05:39:52.000,NYPD,Blocked Driveway,BROOKLYN,Closed
63585927,2025-01-01T05:25:11.000,2025-01-02T16:30:47.000,NYPD,Noise - Residential,BRONX,Closed
63592084,2025-01-01T05:25:33.000,2025-01-02T17:08:19.000,NYPD,Noise - Residential,BRONX,Closed
63589593,2025-01-01T05:25:59.000,2025-01-02T17:09:59.000,NYPD,Noise - Residential,BRONX,Closed
63587591,2025-01-01T05:26:02.000,2025-01-01T10:50:36.000,NYPD,Noise - Residential,BROOKLYN,Closed
63587626,2025-01-01T05:26:06.000,2025-01-01T09:38:13.000,NYPD,Noise - Residential,QUEENS,Closed
63588551,2025-01-01T05:26:11.000,2025-01-02T17:11:57.000,NYPD,Noise - Residential,BRONX,Closed
63586278,2025-01-01T05:26:15.000,2025-01-01T20:19:42.000,NYPD,Noise - Residential,QUEENS,Closed
63592530,2025-01-01T05:26:35.000,2025-01-01T21:37:32.000,NYPD,Noise - Residential,QUEENS,Closed
63590231,2025-01-01T05:26:36.000,2025-01-02T17:25:02.000,HPD,HEAT/HOT WATER,MANHATTAN,Closed
63587427,2025-01-01T05:26:40.000,2025-01-01T05:56:48.000,NYPD,Illegal Fireworks,BROOKLYN,Closed
63594563,2025-01-01T05:26:47.000,2025-01-02T17:06:04.000,NYPD,Noise - Residential,BRONX,Closed
63588648,2025-01-01T05:26:49.000,2025-01-02T17:04:28.000,NYPD,Noise - Residential,BRONX,Closed
63594258,2025-01-01T05:26:59.000,2025-01-01T06:02:50.000,NYPD,Illegal Parking,BROOKLYN,Closed
63589758,2025-01-01T05:27:14.000,2025-01-01T06:01:23.000,NYPD,Noise - Residential,QUEENS,Closed
63592046,2025-01-01T05:27:27.000,2025-01-02T17:10:02.000,NYPD,Noise - Residential,BRONX,Closed
63587002,2025-01-01T05:27:34.000,2025-01-02T17:08:24.000,NYPD,Noise - Residential,BRONX,Closed
63587598,2025-01-01T05:27:37.000,2025-01-01T08:50:50.000,NYPD,Noise - Vehicle,MANHATTAN,Closed
63587526,2025-01-01T05:27:37.000,2025-01-01T06:06:30.000,NYPD,Noise - Residential,QUEENS,Closed
63588280,2025-01-01T05:28:05.000,2025-01-02T17:09:57.000,NYPD,Noise - Residential,BRONX,Closed
63594947,2025-01-01T05:28:21.000,2025-01-01T05:53:09.000,NYPD,Noise - Street/Sidewalk,MANHATTAN,Closed
63590901,2025-01-01T05:28:22.000,2025-01-02T17:07:38.000,NYPD,Noise - Residential,BRONX,Closed
63590086,2025-01-01T05:28:40.000,2025-01-01T06:20:16.000,NYPD,Noise - Residential,STATEN ISLAND,Closed
63588479,2025-01-01T05:28:43.000,2025-01-02T17:11:57.000,NYPD,Noise - Residential,BRONX,Closed
63591054,2025-01-01T05:29:09.000,2025-01-02T17:11:57.000,NYPD,Noise - Residential,BRONX,Closed
63587326,2025-01-01T05:29:21.000,2025-01-02T17:02:44.000,NYPD,Noise - Residential,BRONX,Closed
63588886,2025-01-01T05:29:39.000,2025-01-03T14:33:07.000,HPD,HEAT/HOT WATER,QUEENS,Closed
63585734,2025-01-01T05:29:57.000,2025-01-02T17:08:26.000,NYPD,Noise - Residential,BRONX,Closed
63588550,2025-01-01T05:29:59.000,2025-01-02T17:11:57.000,NYPD,Noise - Residential,BRONX,Closed
63587500,2025-01-01T05:30:00.000,2025-01-01T06:12:31.000,NYPD,Noise - Residential,QUEENS,Closed
63593697,2025-01-01T05:30:37.000,2025-01-02T17:11:57.000,NYPD,Noise - Residential,BRONX,Closed
63594538,2025-01-01T05:30:44.000,2025-01-02T17:04:25.000,NYPD,Noise - Residential,BRONX,Closed
63593487,2025-01-01T05:31:16.000,2025-01-02T17:02:43.000,NYPD,Noise - Residential,BRONX,Closed
63593336,2025-01-01T05:31:32.000,2025-01-02T17:07:35.000,NYPD,Noise - Residential,BRONX,Closed
63592543,2025-01-01T05:31:42.000,2025-01-01T07:42:41.000,NYPD,Noise - Residential,BROOKLYN,Closed
63590790,2025-01-01T05:31:54.000,2025-01-02T17:02:43.000,NYPD,Noise - Residential,BRONX,Closed
63589677,2025-01-01T05:32:00.000,2025-01-01T06:37:19.000,NYPD,Noise - Commercial,BRONX,Closed
63594329,2025-01-01T05:32:00.000,2025-01-06T15:44:00.000,DEP,Noise,MANHATTAN,Closed
63586076,2025-01-01T05:32:19.000,2025-01-02T17:04:27.000,NYPD,Noise - Residential,BRONX,Closed
63591234,2025-01-01T05:32:32.000,2025-01-02T17:11:57.000,NYPD,Noise - Residential,BRONX,Closed
63589332,2025-01-01T05:33:03.000,2025-01-03T11:25:03.000,HPD,UNSANITARY CONDITION,MANHATTAN,Closed
63591819,2025-01-01T05:33:03.000,2025-01-03T11:25:03.000,HPD,UNSANITARY CONDITION,MANHATTAN,Closed
63587780,2025-01-01T05:33:03.000,2025-01-03T11:25:03.000,HPD,PAINT/PLASTER,MANHATTAN,Closed
63588919,2025-01-01T05:33:03.000,2025-01-02T16:50:52.000,HPD,HEAT/HOT WATER,BRONX,Closed
63594026,2025-01-01T05:33:03.000,2025-01-03T11:25:03.000,HPD,PLUMBING,MANHATTAN,Closed
63595060,2025-01-01T05:33:03.000,2025-01-03T11:25:03.000,HPD,APPLIANCE,MANHATTAN,Closed
63588258,2025-01-01T05:33:07.000,2025-01-02T17:08:19.000,NYPD,Noise - Residential,BRONX,Closed
63588148,2025-01-01T05:33:10.000,2025-01-02T17:08:23.000,NYPD,Noise - Residential,BRONX,Closed
63587989,2025-01-01T05:33:16.000,2025-01-01T06:10:32.000,NYPD,Illegal Parking,BROOKLYN,Closed
63589452,2025-01-01T05:33:46.000,2025-01-02T06:15:45.000,DSNY,Dirty Condition,STATEN ISLAND,Closed
63588359,2025-01-01T05:33:48.000,2025-01-02T17:02:44.000,NYPD,Noise - Residential,BRONX,Closed
63589842,2025-01-01T05:33:55.000,2025-01-02T17:11:57.000,NYPD,Noise - Residential,BRONX,Closed
63592080,2025-01-01T05:34:06.000,2025-01-02T00:00:00.000,DOB,General Construction/Plumbing,BROOKLYN,Closed
63586928,2025-01-01T05:34:26.000,2025-01-02T17:10:05.000,NYPD,Noise - Residential,BRONX,Closed
63592064,2025-01-01T05:34:42.000,2025-01-02T17:07:34.000,NYPD,Noise - Residential,BRONX,Closed
63593696,2025-01-01T05:35:04.000,2025-01-02T17:11:58.000,NYPD,Noise - Residential,BRONX,Closed
63592479,2025-01-01T05:35:11.000,2025-01-01T06:12:52.000,NYPD,Noise - Commercial,QUEENS,Closed
63587180,2025-01-01T05:35:30.000,2025-01-02T17:06:00.000,NYPD,Noise - Residential,BRONX,Closed
63591168,2025-01-01T05:35:43.000,2025-01-02T17:06:02.000,NYPD,Noise - Residential,BRONX,Closed
63585636,2025-01-01T05:35:47.000,2025-01-02T23:03:39.000,DSNY,Dirty Condition,BROOKLYN,Closed
63594224,2025-01-01T05:36:07.000,2025-01-01T07:47:40.000,NYPD,Blocked Driveway,QUEENS,Closed
63594643,2025-01-01T05:36:17.000,2025-01-02T17:08:18.000,NYPD,Noise - Residential,BRONX,Closed
63587197,2025-01-01T05:36:21.000,2025-01-02T17:07:32.000,NYPD,Noise - Residential,BRONX,Closed
63594979,2025-01-01T05:36:51.000,2025-01-01T06:06:58.000,NYPD,Noise - Residential,QUEENS,Closed
63587305,2025-01-01T05:36:59.000,2025-01-02T17:04:27.000,NYPD,Noise - Residential,BRONX,Closed
63594197,2025-01-01T05:36:59.000,2025-01-01T07:01:25.000,NYPD,Blocked Driveway,BROOKLYN,Closed
63592211,2025-01-01T05:37:05.000,2025-01-02T17:04:25.000,NYPD,Noise - Residential,BRONX,Closed
63589716,2025-01-01T05:37:37.000,2025-01-02T17:04:25.000,NYPD,Noise - Residential,BRONX,Closed
63587429,2025-01-01T05:37:52.000,2025-01-02T17:06:04.000,NYPD,Noise - Residential,BRONX,Closed
63589844,2025-01-01T05:38:15.000,2025-01-02T17:09:59.000,NYPD,Noise - Residential,BRONX,Closed
63587804,2025-01-01T05:38:40.000,2025-01-01T05:50:20.000,NYPD,Blocked Driveway,BROOKLYN,Closed
63587133,2025-01-01T05:38:40.000,2025-01-02T17:04:26.000,NYPD,Noise - Residential,BRONX,Closed
63588933,2025-01-01T05:38:49.000,2025-01-02T20:12:42.000,HPD,HEAT/HOT WATER,BROOKLYN,Closed
63590001,2025-01-01T05:38:53.000,2025-01-02T17:11:57.000,NYPD,Noise - Residential,BRONX,Closed
63594729,2025-01-01T05:39:09.000,2025-01-01T06:46:12.000,NYPD,Noise - Commercial,BROOKLYN,Closed
63589062,2025-01-01T05:39:18.000,2025-01-01T05:50:54.000,NYPD,Abandoned Vehicle,STATEN ISLAND,Closed
63587088,2025-01-01T05:39:28.000,2025-01-02T17:10:00.000,NYPD,Noise - Residential,BRONX,Closed
63594570,2025-01-01T05:39:31.000,2025-01-02T17:06:04.000,NYPD,Noise - Residential,BRONX,Closed
63590921,2025-01-01T05:40:09.000,2025-01-02T17:11:57.000,NYPD,Noise - Residential,BRONX,Closed
63585900,2025-01-01T05:40:15.000,2025-01-02T17:10:02.000,NYPD,Noise - Residential,BRONX,Closed
63588844,2025-01-01T05:40:16.000,2025-01-01T06:41:49.000,NYPD,Noise - Residential,BROOKLYN,Closed
63585733,2025-01-01T05:40:48.000,2025-01-02T17:08:26.000,NYPD,Noise - Residential,BRONX,Closed
63585780,2025-01-01T05:41:03.000,2025-01-02T17:08:21.000,NYPD,Noise - Residential,BRONX,Closed
63592296,2025-01-01T05:41:26.000,2025-01-02T17:04:27.000,NYPD,Noise - Residential,BRONX,Closed
63587530,2025-01-01T05:41:48.000,2025-01-01T06:28:40.000,NYPD,Noise - Residential,BROOKLYN,Closed
63594569,2025-01-01T05:41:50.000,2025-01-02T17:06:02.000,NYPD,Noise - Residential,BRONX,Closed
63587325,2025-01-01T05:42:04.000,2025-01-02T17:02:46.000,NYPD,Noise - Residential,BRONX,Closed
63588664,2025-01-01T05:42:28.000,2025-01-01T06:15:23.000,NYPD,Noise - Residential,QUEENS,Closed
63592342,2025-01-01T05:42:38.000,2025-01-02T17:04:27.000,NYPD,Noise - Residential,BRONX,Closed
63589886,2025-01-01T05:42:42.000,2025-01-02T17:02:44.000,NYPD,Noise - Residential,BRONX,Closed
63591072,2025-01-01T05:43:20.000,2025-01-02T17:04:28.000,NYPD,Noise - Residential,BRONX,Closed
63593480,2025-01-01T05:43:25.000,2025-01-02T16:30:48.000,NYPD,Noise - Residential,BRONX,Closed
63589892,2025-01-01T05:43:58.000,2025-01-02T17:07:40.000,NYPD,Noise - Residential,BRONX,Closed
63590960,2025-01-01T05:44:13.000,2025-01-02T17:04:27.000,NYPD,Noise - Residential,BRONX,Closed
63589516,2025-01-01T05:44:36.000,2025-01-02T17:06:01.000,NYPD,Noise - Residential,BRONX,Closed
63586483,2025-01-01T05:45:00.000,2025-01-01T07:03:08.000,NYPD,Blocked Driveway,QUEENS,Closed
63596146,2025-01-01T05:45:00.000,2025-01-03T06:55:00.000,DSNY,Derelict Vehicles,BRONX,Closed
63587143,2025-01-01T05:45:01.000,2025-01-02T17:06:01.000,NYPD,Noise - Residential,BRONX,Closed
63585757,2025-01-01T05:45:14.000,2025-01-02T17:08:24.000,NYPD,Noise - Residential,BRONX,Closed
63590822,2025-01-01T05:45:48.000,2025-01-02T17:10:00.000,NYPD,Noise - Residential,BRONX,Closed
63594863,2025-01-01T05:45:52.000,2025-01-02T17:04:26.000,NYPD,Noise - Residential,BRONX,Closed
63585756,2025-01-01T05:46:31.000,2025-01-02T17:08:18.000,NYPD,Noise - Residential,BRONX,Closed
63587310,2025-01-01T05:46:36.000,2025-01-02T17:06:04.000,NYPD,Noise - Residential,BRONX,Closed
63592151,2025-01-01T05:47:09.000,2025-01-02T17:07:34.000,NYPD,Noise - Residential,BRONX,Closed
63589378,2025-01-01T05:47:23.000,2025-01-02T17:08:28.000,NYPD,Noise - Residential,BRONX,Closed
63591078,2025-01-01T05:47:47.000,2025-01-02T17:06:02.000,NYPD,Noise - Residential,BRONX,Closed
63587324,2025-01-01T05:48:11.000,2025-01-02T16:30:49.000,NYPD,Noise - Residential,BRONX,Closed
63595092,2025-01-01T05:48:20.000,2025-01-02T14:27:07.000,HPD,HEAT/HOT WATER,BROOKLYN,Closed
63588511,2025-01-01T05:48:25.000,2025-01-02T17:11:57.000,NYPD,Noise - Residential,BRONX,Closed
63591345,2025-01-01T05:48:41.000,2025-01-01T22:58:27.000,NYPD,Noise - Street/Sidewalk,BRONX,Closed
63591043,2025-01-01T05:48:58.000,2025-01-02T17:07:38.000,NYPD,Noise - Residential,BRONX,Closed
63592397,2025-01-01T05:49:03.000,2025-01-02T17:11:57.000,NYPD,Noise - Residential,BRONX,Closed
63590387,2025-01-01T05:49:11.000,2025-01-01T08:54:50.000,NYPD,Blocked Driveway,QUEENS,Closed
63589376,2025-01-01T05:49:41.000,2025-01-02T17:08:19.000,NYPD,Noise - Residential,BRONX,Closed
63585703,2025-01-01T05:49:46.000,2025-01-02T17:08:31.000,NYPD,Noise - Residential,BRONX,Closed
63595025,2025-01-01T05:49:57.000,2025-01-01T06:22:30.000,NYPD,Noise - Residential,STATEN ISLAND,Closed
63591042,2025-01-01T05:50:19.000,2025-01-02T17:07:39.000,NYPD,Noise - Residential,BRONX,Closed
63595418,2025-01-01T05:50:25.000,2025-01-01T12:04:47.000,NYPD,Blocked Driveway,BROOKLYN,Closed
63593585,2025-01-01T05:50:33.000,2025-01-02T17:06:05.000,NYPD,Noise - Residential,BRONX,Closed
63591477,2025-01-01T05:50:42.000,2025-01-01T22:26:26.000,HPD,HEAT/HOT WATER,BRONX,Closed
63594984,2025-01-01T05:50:54.000,2025-01-01T06:17:20.000,NYPD,Noise - Residential,BROOKLYN,Closed
63588189,2025-01-01T05:50:58.000,2025-01-02T17:09:57.000,NYPD,Noise - Residential,BRONX,Closed
63587055,2025-01-01T05:51:21.000,2025-01-02T17:08:27.000,NYPD,Noise - Residential,BRONX,Closed
63594559,2025-01-01T05:51:36.000,2025-01-02T17:04:29.000,NYPD,Noise - Residential,BRONX,Closed
63586507,2025-01-01T05:51:48.000,2025-01-01T07:01:11.000,NYPD,Blocked Driveway,BROOKLYN,Closed
63590838,2025-01-01T05:52:09.000,2025-01-02T17:04:29.000,NYPD,Noise - Residential,BRONX,Closed
63592313,2025-01-01T05:52:14.000,2025-01-02T17:06:01.000,NYPD,Noise - Residential,BRONX,Closed
63593844,2025-01-01T05:52:19.000,2025-01-01T08:07:53.000,NYPD,Noise - Residential,MANHATTAN,Closed
63588837,2025-01-01T05:52:53.000,2025-01-01T06:20:51.000,NYPD,Noise - Residential,BROOKLYN,Closed
63591233,2025-01-01T05:52:53.000,2025-01-02T17:11:57.000,NYPD,Noise - Residential,BRONX,Closed
63593059,2025-01-01T05:52:55.000,2025-01-01T06:36:05.000,NYPD,Illegal Parking,BROOKLYN,Closed
63595405,2025-01-01T05:52:56.000,2025-01-01T09:46:34.000,NYPD,Blocked Driveway,QUEENS,Closed
63589747,2025-01-01T05:52:56.000,2025-01-02T17:04:30.000,NYPD,Noise - Residential,BRONX,Closed
63591841,2025-01-01T05:53:00.000,2025-01-01T07:50:00.000,DEP,Sewer,STATEN ISLAND,Closed
63588397,2025-01-01T05:53:00.000,2025-01-08T09:25:00.000,DEP,Lead,BROOKLYN,Closed
63588188,2025-01-01T05:53:30.000,2025-01-02T17:09:59.000,NYPD,Noise - Residential,BRONX,Closed
63586188,2025-01-01T05:53:44.000,2025-01-02T17:11:57.000,NYPD,Noise - Residential,BRONX,Closed
63595178,2025-01-01T05:53:50.000,2025-01-01T22:26:26.000,HPD,HEAT/HOT WATER,BRONX,Closed
63593703,2025-01-01T05:54:03.000,2025-01-01T06:43:14.000,NYPD,Noise - Residential,QUEENS,Closed
63592982,2025-01-01T05:54:08.000,2025-01-01T08:03:11.000,NYPD,Illegal Parking,QUEENS,Closed
63593426,2025-01-01T05:54:08.000,2025-01-02T17:10:02.000,NYPD,Noise - Residential,BRONX,Closed
63594674,2025-01-01T05:54:31.000,2025-01-02T17:07:35.000,NYPD,Noise - Residential,BRONX,Closed
63588158,2025-01-01T05:54:40.000,2025-01-01T06:00:31.000,NYPD,Illegal Parking,BROOKLYN,Closed
63588549,2025-01-01T05:54:46.000,2025-01-02T17:11:58.000,NYPD,Noise - Residential,BRONX,Closed
63585823,2025-01-01T05:55:19.000,2025-01-02T17:07:35.000,NYPD,Noise - Residential,BRONX,Closed
63590959,2025-01-01T05:55:24.000,2025-01-02T17:04:27.000,NYPD,Noise - Residential,BRONX,Closed
63594481,2025-01-01T05:56:02.000,2025-01-02T17:02:44.000,NYPD,Noise - Residential,BRONX,Closed
63590728,2025-01-01T05:56:07.000,2025-01-02T17:10:05.000,NYPD,Noise - Residential,BRONX,Closed
63590465,2025-01-01T05:56:11.000,2025-01-01T11:56:31.000,NYPD,Blocked Driveway,BROOKLYN,Closed
63593077,2025-01-01T05:56:25.000,2025-01-03T13:33:33.000,DSNY,Illegal Posting,STATEN ISLAND,Closed
63594104,2025-01-01T05:56:29.000,2025-01-01T06:35:43.000,NYPD,Illegal Parking,BROOKLYN,Closed
63594934,2025-01-01T05:56:35.000,2025-01-01T22:58:45.000,NYPD,Noise - Street/Sidewalk,BRONX,Closed
63589424,2025-01-01T05:56:41.000,2025-01-02T17:02:44.000,NYPD,Noise - Residential,BRONX,Closed
63589478,2025-01-01T05:56:54.000,2025-01-02T17:04:27.000,NYPD,Noise - Residential,BRONX,Closed
63591429,2025-01-01T05:57:01.000,2025-01-02T19:57:39.000,HPD,HEAT/HOT WATER,BROOKLYN,Closed
63585755,2025-01-01T05:57:19.000,2025-01-02T17:08:23.000,NYPD,Noise - Residential,BRONX,Closed
63592005,2025-01-01T05:57:42.000,2025-01-02T16:30:49.000,NYPD,Noise - Residential,BRONX,Closed
63587026,2025-01-01T05:57:57.000,2025-01-02T17:02:43.000,NYPD,Noise - Residential,BRONX,Closed
63586220,2025-01-01T05:58:29.000,2025-01-02T17:11:57.000,NYPD,Noise - Residential,BRONX,Closed
63593365,2025-01-01T05:58:35.000,2025-01-02T17:08:26.000,NYPD,Noise - Residential,BRONX,Closed
63586426,2025-01-01T05:58:49.000,2025-01-01T06:24:36.000,NYPD,Noise - Residential,BROOKLYN,Closed
63586112,2025-01-01T05:59:13.000,2025-01-02T17:06:03.000,NYPD,Noise - Residential,BRONX,Closed
63588220,2025-01-01T05:59:17.000,2025-01-02T17:07:37.000,NYPD,Noise - Residential,BRONX,Closed
63587606,2025-01-01T05:59:35.000,2025-01-01T06:13:34.000,NYPD,Noise - Street/Sidewalk,QUEENS,Closed
63594039,2025-01-01T05:59:36.000,2025-01-01T06:13:46.000,NYPD,Illegal Parking,BROOKLYN,Closed
63593486,2025-01-01T05:59:51.000,2025-01-02T17:02:44.000,NYPD,Noise - Residential,BRONX,Closed
63592886,2025-01-01T06:00:00.000,2025-01-01T08:20:00.000,DOT,Traffic Signal Condition,MANHATTAN,Closed
63594942,2025-01-01T06:00:04.000,2025-01-02T17:11:57.000,NYPD,Noise - Residential,BRONX,Closed
63619759,2025-01-01T06:00:17.000,2025-01-02T20:10:00.000,DOT,Street Condition,BROOKLYN,Closed
63594528,2025-01-01T06:00:29.000,2025-01-02T17:04:28.000,NYPD,Noise - Residential,BRONX,Closed
63587090,2025-01-01T06:00:52.000,2025-01-02T17:07:37.000,NYPD,Noise - Residential,BRONX,Closed
63590436,2025-01-01T06:00:55.000,2025-01-03T13:24:11.000,DSNY,Illegal Posting,STATEN ISLAND,Closed
63587084,2025-01-01T06:01:08.000,2025-01-02T17:10:03.000,NYPD,Noise - Residential,BRONX,Closed
63612479,2025-01-01T06:01:21.000,2025-01-02T20:45:00.000,DOT,Street Condition,BROOKLYN,Closed
63594558,2025-01-01T06:01:39.000,2025-01-02T17:04:31.000,NYPD,Noise - Residential,BRONX,Closed
63593318,2025-01-01T06:01:46.000,2025-01-02T17:02:44.000,NYPD,Noise - Residential,BRONX,Closed
63595024,2025-01-01T06:01:51.000,2025-01-01T17:27:36.000,NYPD,Noise - Residential,BRONX,Closed
63586469,2025-01-01T06:01:55.000,2025-01-01T13:38:52.000,NYPD,Blocked Driveway,BROOKLYN,Closed
63590254,2025-01-01T06:02:00.000,2025-01-01T07:45:00.000,DOT,Traffic Signal Condition,QUEENS,Closed
63589154,2025-01-01T06:02:00.000,2025-01-01T07:50:00.000,DOT,Traffic Signal Condition,MANHATTAN,Closed
63587913,2025-01-01T06:02:03.000,2025-01-01T06:13:24.000,NYPD,Illegal Parking,BROOKLYN,Closed
63593755,2025-01-01T06:02:06.000,2025-01-01T06:28:12.000,NYPD,Noise - Residential,BRONX,Closed
63592533,2025-01-01T06:02:09.000,2025-01-01T15:25:25.000,NYPD,Noise - Residential,BRONX,Closed
63588312,2025-01-01T06:02:24.000,2025-01-02T17:07:32.000,NYPD,Noise - Residential,BRONX,Closed
63585898,2025-01-01T06:02:27.000,2025-01-02T16:30:50.000,NYPD,Noise - Residential,BRONX,Closed
63595114,2025-01-01T06:02:48.000,2025-01-03T16:04:43.000,HPD,HEAT/HOT WATER,MANHATTAN,Closed
63593908,2025-01-01T06:02:48.000,2025-01-03T16:04:43.000,HPD,HEAT/HOT WATER,MANHATTAN,Closed
63616837,2025-01-01T06:02:48.000,2025-01-02T21:35:00.000,DOT,Street Condition,BROOKLYN,Closed
63586308,2025-01-01T06:02:55.000,2025-01-01T06:06:32.000,NYPD,Noise - Residential,MANHATTAN,Closed
63587025,2025-01-01T06:03:05.000,2025-01-02T17:02:44.000,NYPD,Noise - Residential,BRONX,Closed
63589885,2025-01-01T06:03:14.000,2025-01-02T16:30:51.000,NYPD,Noise - Residential,BRONX,Closed
63592654,2025-01-01T06:03:14.000,2025-01-18T18:03:17.000,HPD,GENERAL,MANHATTAN,Closed
63592691,2025-01-01T06:03:14.000,2025-01-03T11:26:02.000,HPD,HEAT/HOT WATER,MANHATTAN,Closed
63615429,2025-01-01T06:03:33.000,2025-01-02T22:05:00.000,DOT,Street Condition,BROOKLYN,Closed
63592852,2025-01-01T06:03:48.000,2025-01-01T06:12:33.000,NYPD,Illegal Parking,BROOKLYN,Closed
63587232,2025-01-01T06:04:02.000,2025-01-02T17:07:34.000,NYPD,Noise - Residential,BRONX,Closed
63588036,2025-01-01T06:04:09.000,2025-01-01T06:39:06.000,NYPD,Illegal Parking,BROOKLYN,Closed
63591342,2025-01-01T06:04:11.000,2025-01-01T06:56:50.000,NYPD,Noise - Residential,BROOKLYN,Closed
63589644,2025-01-01T06:04:18.000,2025-01-02T17:02:43.000,NYPD,Noise - Residential,BRONX,Closed
63618307,2025-01-01T06:04:19.000,2025-01-02T22:35:00.000,DOT,Street Condition,BROOKLYN,Closed
63593855,2025-01-01T06:04:30.000,2025-01-01T06:18:30.000,NYPD,Noise - Street/Sidewalk,MANHATTAN,Closed
63590558,2025-01-01T06:04:32.000,2025-01-01T06:13:02.000,NYPD,Illegal Parking,BROOKLYN,Closed
63589962,2025-01-01T06:04:36.000,2025-01-01T07:08:30.000,NYPD,Noise - Residential,BROOKLYN,Closed
63589942,2025-01-01T06:04:50.000,2025-01-02T17:04:27.000,NYPD,Noise - Residential,BRONX,Closed
63586219,2025-01-01T06:04:56.000,2025-01-02T17:11:57.000,NYPD,Noise - Residential,BRONX,Closed
63590448,2025-01-01T06:05:02.000,2025-01-01T08:09:03.000,NYPD,Illegal Parking,QUEENS,Closed
63589211,2025-01-01T06:05:03.000,2025-01-01T06:53:36.000,NYPD,Illegal Parking,BROOKLYN,Closed
63585822,2025-01-01T06:05:37.000,2025-01-02T17:07:36.000,NYPD,Noise - Residential,BRONX,Closed
63593277,2025-01-01T06:05:37.000,2025-01-02T17:09:58.000,NYPD,Noise - Residential,BRONX,Closed
63586267,2025-01-01T06:05:45.000,2025-01-01T06:24:18.000,NYPD,Noise - Commercial,QUEENS,Closed
63593882,2025-01-01T06:06:10.000,2025-01-18T18:03:17.000,HPD,GENERAL,MANHATTAN,Closed
63586305,2025-01-01T06:06:23.000,2025-01-01T13:03:19.000,NYPD,Noise - Residential,BROOKLYN,Closed
63590699,2025-01-01T06:06:25.000,2025-01-02T17:08:21.000,NYPD,Noise - Residential,BRONX,Closed
63593811,2025-01-01T06:06:37.000,2025-01-01T06:21:29.000,NYPD,Noise - Street/Sidewalk,QUEENS,Closed
63594359,2025-01-01T06:06:49.000,2025-01-03T15:15:31.000,DSNY,Illegal Dumping,STATEN ISLAND,Closed
63585809,2025-01-01T06:06:51.000,2025-01-02T17:09:59.000,NYPD,Noise - Residential,BRONX,Closed
63588847,2025-01-01T06:07:04.000,2025-01-01T07:09:09.000,NYPD,Noise - Street/Sidewalk,QUEENS,Closed
63589553,2025-01-01T06:07:12.000,2025-01-02T17:08:25.000,NYPD,Noise - Residential,BRONX,Closed
63594557,2025-01-01T06:07:29.000,2025-01-02T17:04:30.000,NYPD,Noise - Residential,BRONX,Closed
63586107,2025-01-01T06:08:00.000,2025-01-02T17:06:04.000,NYPD,Noise - Residential,BRONX,Closed
63588358,2025-01-01T06:08:07.000,2025-01-02T17:02:44.000,NYPD,Noise - Residential,BRONX,Closed
63586504,2025-01-01T06:08:08.000,2025-01-01T06:37:21.000,NYPD,Blocked Driveway,BROOKLYN,Closed
63587418,2025-01-01T06:08:45.000,2025-01-02T17:06:01.000,NYPD,Noise - Residential,BRONX,Closed
63593363,2025-01-01T06:08:48.000,2025-01-02T17:08:20.000,NYPD,Noise - Residential,BRONX,Closed
63593719,2025-01-01T06:09:01.000,2025-01-01T06:43:55.000,NYPD,Noise - Commercial,STATEN ISLAND,Closed
63591329,2025-01-01T06:09:16.000,2025-01-01T06:17:47.000,NYPD,Noise - Residential,BROOKLYN,Closed
63590679,2025-01-01T06:09:21.000,2025-01-06T14:33:52.000,DOHMH,Rodent,BROOKLYN,Closed
63588588,2025-01-01T06:09:23.000,2025-01-02T17:02:44.000,NYPD,Noise - Residential,BRONX,Closed
63585841,2025-01-01T06:09:35.000,2025-01-02T17:10:03.000,NYPD,Noise - Residential,BRONX,Closed
63592478,2025-01-01T06:09:42.000,2025-01-01T06:17:46.000,NYPD,Noise - Commercial,MANHATTAN,Closed
63593623,2025-01-01T06:09:44.000,2025-01-01T06:37:33.000,NYPD,Illegal Fireworks,MANHATTAN,Closed
63595399,2025-01-01T06:09:57.000,2025-01-01T06:16:15.000,NYPD,Graffiti,STATEN ISLAND,Closed
63592263,2025-01-01T06:10:01.000,2025-01-02T17:02:46.000,NYPD,Noise - Residential,BRONX,Closed
63593598,2025-01-01T06:10:23.000,2025-01-02T17:04:27.000,NYPD,Noise - Residential,BRONX,Closed
63592250,2025-01-01T06:10:39.000,2025-01-02T17:11:57.000,NYPD,Noise - Residential,BRONX,Closed
63586106,2025-01-01T06:11:10.000,2025-01-02T17:06:03.000,NYPD,Noise - Residential,BRONX,Closed
63589841,2025-01-01T06:11:18.000,2025-01-02T17:12:02.000,NYPD,Noise - Residential,BRONX,Closed
63592697,2025-01-01T06:11:47.000,2025-01-02T08:42:28.000,HPD,HEAT/HOT WATER,BRONX,Closed
63593521,2025-01-01T06:11:56.000,2025-01-02T17:11:59.000,NYPD,Noise - Residential,BRONX,Closed
63591075,2025-01-01T06:11:58.000,2025-01-02T17:06:04.000,NYPD,Noise - Residential,BRONX,Closed
63586517,2025-01-01T06:12:06.000,2025-02-08T18:37:37.000,HPD,ELECTRIC,BRONX,Closed
63588219,2025-01-01T06:12:34.000,2025-01-02T17:07:33.000,NYPD,Noise - Residential,BRONX,Closed
63595149,2025-01-01T06:12:36.000,2025-01-01T12:07:26.000,HPD,HEAT/HOT WATER,QUEENS,Closed
63588180,2025-01-01T06:12:46.000,2025-01-02T17:10:05.000,NYPD,Noise - Residential,BRONX,Closed
63591263,2025-01-01T06:12:47.000,2025-01-01T06:32:15.000,NYPD,Noise - Residential,QUEENS,Closed
63590557,2025-01-01T06:13:00.000,2025-01-01T06:56:10.000,NYPD,Illegal Parking,BROOKLYN,Closed
63593622,2025-01-01T06:13:03.000,2025-01-01T06:46:17.000,NYPD,Noise - Commercial,MANHATTAN,Closed
63588179,2025-01-01T06:13:12.000,2025-01-02T17:10:01.000,NYPD,Noise - Residential,BRONX,Closed
63586998,2025-01-01T06:13:33.000,2025-01-02T17:08:29.000,NYPD,Noise - Residential,BRONX,Closed
63586063,2025-01-01T06:13:50.000,2025-01-02T17:04:29.000,NYPD,Noise - Residential,BRONX,Closed
63595440,2025-01-01T06:13:56.000,2025-01-01T06:50:55.000,NYPD,Illegal Parking,BROOKLYN,Closed
63586402,2025-01-01T06:14:06.000,2025-01-01T10:01:35.000,NYPD,Noise - Street/Sidewalk,QUEENS,Closed
63585857,2025-01-01T06:14:20.000,2025-01-02T17:10:02.000,NYPD,Noise - Residential,BRONX,Closed
63591893,2025-01-01T06:14:28.000,2025-01-02T17:08:21.000,NYPD,Noise - Residential,BRONX,Closed
63592620,2025-01-01T06:14:59.000,2025-01-01T09:36:27.000,NYPD,Noise - Residential,BRONX,Closed
63593597,2025-01-01T06:15:06.000,2025-01-02T17:04:29.000,NYPD,Noise - Residential,BRONX,Closed
63589741,2025-01-01T06:15:08.000,2025-01-02T17:06:04.000,NYPD,Noise - Residential,BRONX,Closed
63589228,2025-01-01T06:15:08.000,2025-01-01T06:57:48.000,NYPD,Illegal Parking,BROOKLYN,Closed
63590288,2025-01-01T06:15:18.000,2025-01-01T12:07:26.000,HPD,HEAT/HOT WATER,QUEENS,Closed
63592747,2025-01-01T06:15:32.000,2025-01-01T15:02:15.000,HPD,HEAT/HOT WATER,QUEENS,Closed
63586614,2025-01-01T06:15:38.000,2025-01-01T12:07:26.000,HPD,HEAT/HOT WATER,QUEENS,Closed
63587162,2025-01-01T06:15:44.000,2025-01-02T17:07:39.000,NYPD,Noise - Residential,BRONX,Closed
63592983,2025-01-01T06:15:52.000,2025-01-01T07:31:15.000,NYPD,Illegal Parking,QUEENS,Closed
63592164,2025-01-01T06:15:55.000,2025-01-02T17:09:59.000,NYPD,Noise - Residential,BRONX,Closed
63591041,2025-01-01T06:16:23.000,2025-01-02T17:07:34.000,NYPD,Noise - Residential,BRONX,Closed
63594212,2025-01-01T06:16:34.000,2025-01-02T06:43:17.000,DSNY,Dirty Condition,STATEN ISLAND,Closed
63616897,2025-01-01T06:16:37.000,2025-01-02T21:10:00.000,DOT,Street Condition,BROOKLYN,Closed
63591052,2025-01-01T06:16:43.000,2025-01-02T17:11:59.000,NYPD,Noise - Residential,BRONX,Closed
63592558,2025-01-01T06:16:54.000,2025-01-01T08:38:36.000,NYPD,Noise - Street/Sidewalk,MANHATTAN,Closed
63586966,2025-01-01T06:17:00.000,2025-01-01T09:30:00.000,DEP,Sewer,STATEN ISLAND,Closed
63588647,2025-01-01T06:17:01.000,2025-01-02T17:04:27.000,NYPD,Noise - Residential,BRONX,Closed
63615428,2025-01-01T06:17:19.000,2025-01-02T22:30:00.000,DOT,Street Condition,BROOKLYN,Closed
63588285,2025-01-01T06:17:31.000,2025-01-02T17:10:00.000,NYPD,Noise - Residential,BRONX,Closed
63591051,2025-01-01T06:17:39.000,2025-01-02T17:11:59.000,NYPD,Noise - Residential,BRONX,Closed
63587502,2025-01-01T06:17:46.000,2025-01-01T20:05:13.000,NYPD,Noise - Residential,QUEENS,Closed
63613804,2025-01-01T06:17:48.000,2025-01-03T00:10:00.000,DOT,Street Condition,BROOKLYN,Closed
63595038,2025-01-01T06:17:58.000,2025-01-01T13:03:29.000,NYPD,Noise - Residential,BROOKLYN,Closed
63587569,2025-01-01T06:18:03.000,2025-01-01T08:41:02.000,NYPD,Noise - Residential,MANHATTAN,Closed
63594763,2025-01-01T06:18:17.000,2025-01-02T17:02:45.000,NYPD,Noise - Residential,BRONX,Closed
63591112,2025-01-01T06:18:18.000,2025-01-02T16:30:52.000,NYPD,Noise - Residential,BRONX,Closed
63588606,2025-01-01T06:18:38.000,2025-01-01T06:24:29.000,NYPD,Noise - Commercial,QUEENS,Closed
63592123,2025-01-01T06:18:55.000,2025-01-02T17:07:37.000,NYPD,Noise - Residential,BRONX,Closed
63592978,2025-01-01T06:18:59.000,2025-01-01T06:58:10.000,NYPD,Illegal Parking,BROOKLYN,Closed
63592576,2025-01-01T06:19:04.000,2025-01-01T06:40:50.000,NYPD,Noise - Street/Sidewalk,MANHATTAN,Closed
63589524,2025-01-01T06:19:06.000,2025-01-02T17:08:26.000,NYPD,Noise - Residential,BRONX,Closed
63586353,2025-01-01T06:19:08.000,2025-01-01T06:21:07.000,NYPD,Noise - Residential,STATEN ISLAND,Closed
63593526,2025-01-01T06:19:33.000,2025-01-02T17:11:59.000,NYPD,Noise - Residential,BRONX,Closed
63612323,2025-01-01T06:19:37.000,2025-01-03T00:40:00.000,DOT,Street Condition,BROOKLYN,Closed
63591933,2025-01-01T06:19:54.000,2025-01-02T17:10:03.000,NYPD,Noise - Residential,BRONX,Closed
63592163,2025-01-01T06:20:11.000,2025-01-02T17:09:58.000,NYPD,Noise - Residential,BRONX,Closed
63590011,2025-01-01T06:20:23.000,2025-01-01T06:41:37.000,NYPD,Noise - Residential,QUEENS,Closed
63586049,2025-01-01T06:20:41.000,2025-01-02T17:06:03.000,NYPD,Noise - Residential,BRONX,Closed
63594537,2025-01-01T06:20:49.000,2025-01-02T17:04:27.000,NYPD,Noise - Residential,BRONX,Closed
63594171,2025-01-01T06:21:19.000,2025-01-01T06:38:03.000,NYPD,Abandoned Vehicle,BROOKLYN,Closed
63588310,2025-01-01T06:21:28.000,2025-01-02T17:07:34.000,NYPD,Noise - Residential,BRONX,Closed
63588469,2025-01-01T06:21:28.000,2025-01-02T17:06:03.000,NYPD,Noise - Residential,BRONX,Closed
63586958,2025-01-01T06:21:46.000,2025-01-01T06:24:59.000,NYPD,Illegal Parking,BROOKLYN,Closed
63587296,2025-01-01T06:22:06.000,2025-01-02T17:04:27.000,NYPD,Noise - Residential,BRONX,Closed
63590965,2025-01-01T06:22:16.000,2025-01-02T17:08:28.000,NYPD,Noise - Residential,BRONX,Closed
63588850,2025-01-01T06:22:22.000,2025-01-01T07:07:25.000,NYPD,Noise - Street/Sidewalk,MANHATTAN,Closed
63590927,2025-01-01T06:22:44.000,2025-01-02T17:07:39.000,NYPD,Noise - Residential,BRONX,Closed
63591273,2025-01-01T06:23:00.000,2025-01-01T14:41:20.000,NYPD,Noise - Residential,BRONX,Closed
63585842,2025-01-01T06:23:04.000,2025-01-02T17:07:36.000,NYPD,Noise - Residential,BRONX,Closed
63594487,2025-01-01T06:23:22.000,2025-01-02T17:02:45.000,NYPD,Noise - Residential,BRONX,Closed
63590052,2025-01-01T06:23:41.000,2025-01-01T06:46:55.000,NYPD,Noise - Commercial,QUEENS,Closed
63593798,2025-01-01T06:23:41.000,2025-01-01T06:35:12.000,NYPD,Noise - Residential,BRONX,Closed
63587146,2025-01-01T06:23:51.000,2025-01-02T16:30:52.000,NYPD,Noise - Residential,BRONX,Closed
63594682,2025-01-01T06:24:00.000,2025-01-02T17:10:06.000,NYPD,Noise - Residential,BRONX,Closed
63594804,2025-01-01T06:24:07.000,2025-01-01T07:09:27.000,NYPD,Noise - Residential,QUEENS,Closed
63591088,2025-01-01T06:24:16.000,2025-01-01T06:31:07.000,NYPD,Noise - Commercial,BRONX,Closed
63586862,2025-01-01T06:24:23.000,2025-01-05T18:03:42.000,HPD,WATER LEAK,BROOKLYN,Closed
63590972,2025-01-01T06:24:38.000,2025-01-02T17:02:44.000,NYPD,Noise - Residential,BRONX,Closed
63587145,2025-01-01T06:24:39.000,2025-01-02T16:30:53.000,NYPD,Noise - Residential,BRONX,Closed
63592455,2025-01-01T06:24:49.000,2025-01-01T06:44:50.000,NYPD,Noise - Residential,BROOKLYN,Closed
63595037,2025-01-01T06:24:58.000,2025-01-01T06:35:34.000,NYPD,Noise - Residential,BRONX,Closed
63592100,2025-01-01T06:25:16.000,2025-01-02T17:08:21.000,NYPD,Noise - Residential,BRONX,Closed
63586185,2025-01-01T06:25:26.000,2025-01-02T17:11:59.000,NYPD,Noise - Residential,BRONX,Closed
63593445,2025-01-01T06:25:54.000,2025-01-02T17:06:05.000,NYPD,Noise - Residential,BRONX,Closed
63589948,2025-01-01T06:25:57.000,2025-01-01T06:40:25.000,NYPD,Noise - Residential,MANHATTAN,Closed
63588127,2025-01-01T06:26:00.000,2025-01-07T12:07:00.000,DEP,Noise,BROOKLYN,Closed
63587399,2025-01-01T06:26:14.000,2025-01-02T17:11:59.000,NYPD,Noise - Residential,BRONX,Closed
63591661,2025-01-01T06:26:17.000,2025-01-02T06:15:26.000,DSNY,Dirty Condition,STATEN ISLAND,Closed
63585816,2025-01-01T06:26:33.000,2025-01-02T17:10:00.000,NYPD,Noise - Residential,BRONX,Closed
63595466,2025-01-01T06:26:56.000,2025-01-01T12:05:04.000,NYPD,Illegal Parking,BROOKLYN,Closed
63586911,2025-01-01T06:27:01.000,2025-01-02T17:08:25.000,NYPD,Noise - Residential,BRONX,Closed
63587228,2025-01-01T06:27:11.000,2025-01-02T17:10:02.000,NYPD,Noise - Residential,BRONX,Closed
63591266,2025-01-01T06:27:16.000,2025-01-01T08:19:33.000,NYPD,Noise - Residential,QUEENS,Closed
63589906,2025-01-01T06:27:18.000,2025-01-01T06:35:38.000,NYPD,Noise - Residential,BRONX,Closed
63589997,2025-01-01T06:27:49.000,2025-01-02T17:11:58.000,NYPD,Noise - Residential,BRONX,Closed
63593212,2025-01-01T06:27:49.000,2025-01-02T17:08:24.000,NYPD,Noise - Residential,BRONX,Closed
63588490,2025-01-01T06:28:27.000,2025-01-02T17:11:59.000,NYPD,Noise - Residential,BRONX,Closed
63587367,2025-01-01T06:28:37.000,2025-01-02T17:11:59.000,NYPD,Noise - Residential,BRONX,Closed
63587314,2025-01-01T06:29:05.000,2025-01-02T17:06:01.000,NYPD,Noise - Residential,BRONX,Closed
63586927,2025-01-01T06:29:24.000,2025-01-02T17:07:35.000,NYPD,Noise - Residential,BRONX,Closed
63593362,2025-01-01T06:29:43.000,2025-01-02T17:08:28.000,NYPD,Noise - Residential,BRONX,Closed
63586036,2025-01-01T06:30:12.000,2025-01-02T17:06:03.000,NYPD,Noise - Residential,BRONX,Closed
63586029,2025-01-01T06:30:21.000,2025-01-02T17:04:29.000,NYPD,Noise - Residential,BRONX,Closed
63589257,2025-01-01T06:30:25.000,2025-03-05T20:49:58.000,HPD,PLUMBING,BRONX,Closed
63590246,2025-01-01T06:30:25.000,2025-02-25T19:06:07.000,HPD,PAINT/PLASTER,BRONX,Closed
63593920,2025-01-01T06:30:28.000,2025-01-02T16:06:17.000,HPD,HEAT/HOT WATER,MANHATTAN,Closed
63590723,2025-01-01T06:30:59.000,2025-01-02T17:10:03.000,NYPD,Noise - Residential,BRONX,Closed
63589833,2025-01-01T06:30:59.000,2025-01-02T17:11:58.000,NYPD,Noise - Residential,BRONX,Closed
63590037,2025-01-01T06:31:05.000,2025-01-01T06:48:47.000,NYPD,Noise - Residential,MANHATTAN,Closed
63591544,2025-01-01T06:31:14.000,2025-01-02T00:00:00.000,DOB,General Construction/Plumbing,QUEENS,Closed
63594691,2025-01-01T06:31:22.000,2025-01-01T08:38:18.000,NYPD,Illegal Fireworks,MANHATTAN,Closed
63588284,2025-01-01T06:31:38.000,2025-01-02T17:10:01.000,NYPD,Noise - Residential,BRONX,Closed
63589715,2025-01-01T06:31:47.000,2025-01-02T17:04:29.000,NYPD,Noise - Residential,BRONX,Closed
63587917,2025-01-01T06:31:53.000,2025-01-03T13:21:37.000,DSNY,Illegal Posting,STATEN ISLAND,Closed
63589650,2025-01-01T06:32:16.000,2025-01-02T17:02:44.000,NYPD,Noise - Residential,BRONX,Closed
63587534,2025-01-01T06:32:28.000,2025-01-01T06:50:47.000,NYPD,Illegal Fireworks,QUEENS,Closed
63585966,2025-01-01T06:32:34.000,2025-01-02T16:30:54.000,NYPD,Noise - Residential,BRONX,Closed
63587634,2025-01-01T06:32:35.000,2025-01-01T07:07:40.000,NYPD,Noise - Street/Sidewalk,MANHATTAN,Closed
63590858,2025-01-01T06:32:54.000,2025-01-02T17:02:46.000,NYPD,Noise - Residential,BRONX,Closed
63590983,2025-01-01T06:33:22.000,2025-01-02T17:06:05.000,NYPD,Noise - Residential,BRONX,Closed
63594762,2025-01-01T06:33:32.000,2025-01-02T17:02:45.000,NYPD,Noise - Residential,BRONX,Closed
63592788,2025-01-01T06:33:40.000,2025-01-09T18:05:02.000,HPD,PAINT/PLASTER,BRONX,Closed
63592988,2025-01-01T06:33:40.000,2025-01-09T18:05:02.000,HPD,UNSANITARY CONDITION,BRONX,Closed
63592730,2025-01-01T06:33:43.000,2025-01-02T21:35:37.000,HPD,HEAT/HOT WATER,BROOKLYN,Closed
63587994,2025-01-01T06:33:48.000,2025-01-01T06:50:40.000,NYPD,Illegal Parking,BROOKLYN,Closed
63592587,2025-01-01T06:34:10.000,2025-01-01T06:46:27.000,NYPD,Noise - Vehicle,QUEENS,Closed
63592162,2025-01-01T06:34:10.000,2025-01-02T17:09:59.000,NYPD,Noise - Residential,BRONX,Closed
63593498,2025-01-01T06:34:11.000,2025-01-02T17:11:59.000,NYPD,Noise - Residential,BRONX,Closed
63592494,2025-01-01T06:34:20.000,2025-01-01T07:03:43.000,NYPD,Noise - Residential,QUEENS,Closed
63594100,2025-01-01T06:34:34.000,2025-01-01T08:33:03.000,NYPD,Illegal Parking,QUEENS,Closed
63592981,2025-01-01T06:34:42.000,2025-01-01T06:46:28.000,NYPD,Illegal Parking,BROOKLYN,Closed
63595276,2025-01-01T06:34:43.000,2025-01-01T09:09:57.000,NYPD,Illegal Parking,QUEENS,Closed
63595128,2025-01-01T06:34:45.000,2025-01-02T08:44:54.000,HPD,HEAT/HOT WATER,BROOKLYN,Closed
63592209,2025-01-01T06:34:48.000,2025-01-02T17:04:30.000,NYPD,Noise - Residential,BRONX,Closed
63587732,2025-01-01T06:34:50.000,2025-01-02T10:45:34.000,HPD,HEAT/HOT WATER,BRONX,Closed
63586045,2025-01-01T06:34:57.000,2025-01-02T17:04:28.000,NYPD,Noise - Residential,BRONX,Closed
63587204,2025-01-01T06:35:26.000,2025-01-02T17:10:01.000,NYPD,Noise - Residential,BRONX,Closed
63586299,2025-01-01T06:35:29.000,2025-01-01T08:18:37.000,NYPD,Noise - Residential,MANHATTAN,Closed
63590944,2025-01-01T06:35:45.000,2025-01-02T17:04:28.000,NYPD,Noise - Residential,BRONX,Closed
63589119,2025-01-01T06:35:46.000,2025-01-01T06:46:16.000,NYPD,Illegal Parking,BROOKLYN,Closed
63586489,2025-01-01T06:36:03.000,2025-01-01T06:44:44.000,NYPD,Blocked Driveway,QUEENS,Closed
63594396,2025-01-01T06:36:04.000,2025-01-02T17:08:22.000,NYPD,Noise - Residential,BRONX,Closed
63590453,2025-01-01T06:36:14.000,2025-01-01T21:48:44.000,NYPD,Illegal Parking,QUEENS,Closed
63589847,2025-01-01T06:36:25.000,2025-01-01T06:43:43.000,NYPD,Noise - Residential,BRONX,Closed
63592208,2025-01-01T06:36:32.000,2025-01-02T17:04:30.000,NYPD,Noise - Residential,BRONX,Closed
63586803,2025-01-01T06:36:40.000,2025-01-01T06:46:04.000,NYPD,Illegal Parking,BROOKLYN,Closed
63590919,2025-01-01T06:36:43.000,2025-01-02T17:11:59.000,NYPD,Noise - Residential,BRONX,Closed
63591938,2025-01-01T06:37:08.000,2025-01-02T12:00:21.000,DSNY,Dirty Condition,STATEN ISLAND,Closed
63594685,2025-01-01T06:37:20.000,2025-01-02T17:07:36.000,NYPD,Noise - Residential,BRONX,Closed
63594890,2025-01-01T06:37:22.000,2025-01-02T17:11:59.000,NYPD,Noise - Residential,BRONX,Closed
63590575,2025-01-01T06:37:45.000,2025-01-01T06:45:53.000,NYPD,Illegal Parking,BROOKLYN,Closed
63589374,2025-01-01T06:37:59.000,2025-01-02T17:08:25.000,NYPD,Noise - Residential,BRONX,Closed
63595504,2025-01-01T06:38:00.000,2025-01-01T13:55:00.000,DEP,Water System,STATEN ISLAND,Closed
63589668,2025-01-01T06:38:00.000,2025-01-01T12:30:00.000,DEP,Water System,MANHATTAN,Closed
63592129,2025-01-01T06:38:07.000,2025-01-02T16:30:54.000,NYPD,Noise - Residential,BRONX,Closed
63586284,2025-01-01T06:38:20.000,2025-01-01T06:45:10.000,NYPD,Noise - Residential,BROOKLYN,Closed
63589951,2025-01-01T06:38:37.000,2025-01-02T17:06:05.000,NYPD,Noise - Residential,BRONX,Closed
63590573,2025-01-01T06:38:42.000,2025-01-01T06:45:42.000,NYPD,Illegal Parking,BROOKLYN,Closed
63590943,2025-01-01T06:38:55.000,2025-01-02T17:04:30.000,NYPD,Noise - Residential,BRONX,Closed
63601182,2025-01-01T06:39:00.000,2025-01-03T12:39:00.000,DSNY,Derelict Vehicles,STATEN ISLAND,Closed
63587168,2025-01-01T06:39:10.000,2025-01-02T04:37:58.000,NYPD,Noise - Residential,BRONX,Closed
63594446,2025-01-01T06:39:15.000,2025-01-02T17:07:42.000,NYPD,Noise - Residential,BRONX,Closed
63594043,2025-01-01T06:39:24.000,2025-01-13T07:20:14.000,HPD,UNSANITARY CONDITION,BROOKLYN,Closed
63594085,2025-01-01T06:39:24.000,2025-01-13T07:20:14.000,HPD,WATER LEAK,BROOKLYN,Closed
63595268,2025-01-01T06:39:25.000,2025-01-13T07:20:14.000,HPD,UNSANITARY CONDITION,BROOKLYN,Closed
63593986,2025-01-01T06:39:25.000,2025-01-13T07:20:14.000,HPD,PLUMBING,BROOKLYN,Closed
63594041,2025-01-01T06:39:25.000,2025-01-14T18:20:43.000,HPD,SAFETY,BROOKLYN,Closed
63595137,2025-01-01T06:39:25.000,2025-01-14T18:20:43.000,HPD,PAINT/PLASTER,BROOKLYN,Closed
63595165,2025-01-01T06:39:25.000,2025-01-13T07:20:14.000,HPD,SAFETY,BROOKLYN,Closed
63595100,2025-01-01T06:39:25.000,2025-01-02T19:57:43.000,HPD,HEAT/HOT WATER,BROOKLYN,Closed
63587483,2025-01-01T06:39:29.000,2025-01-01T10:49:44.000,NYPD,Noise - Residential,BRONX,Closed
63590219,2025-01-01T06:39:29.000,2025-01-02T14:45:14.000,HPD,HEAT/HOT WATER,BRONX,Closed
63587670,2025-01-01T06:39:31.000,2025-01-03T09:18:01.000,HPD,HEAT/HOT WATER,BROOKLYN,Closed
63595120,2025-01-01T06:39:33.000,2025-01-02T19:33:28.000,HPD,HEAT/HOT WATER,QUEENS,Closed
63589373,2025-01-01T06:39:43.000,2025-01-02T17:08:19.000,NYPD,Noise - Residential,BRONX,Closed
63589357,2025-01-01T06:39:49.000,2025-05-06T16:09:14.000,HPD,WATER LEAK,QUEENS,Closed
63594708,2025-01-01T06:39:53.000,2025-01-02T17:02:44.000,NYPD,Noise - Residential,BRONX,Closed
63591686,2025-01-01T06:39:54.000,2025-01-01T06:45:32.000,NYPD,Illegal Parking,BROOKLYN,Closed
63588748,2025-01-01T06:40:07.000,2025-01-01T15:01:14.000,NYPD,Noise - Residential,MANHATTAN,Closed
63586926,2025-01-01T06:40:30.000,2025-01-02T17:07:36.000,NYPD,Noise - Residential,BRONX,Closed
63593443,2025-01-01T06:40:31.000,2025-01-02T17:06:03.000,NYPD,Noise - Residential,BRONX,Closed
63592940,2025-01-01T06:40:38.000,2025-01-01T09:15:35.000,NYPD,Blocked Driveway,BROOKLYN,Closed
63593090,2025-01-01T06:40:44.000,2025-01-01T06:54:33.000,NYPD,Traffic,STATEN ISLAND,Closed
63591597,2025-01-01T06:41:01.000,2025-01-01T06:44:59.000,NYPD,Abandoned Vehicle,BROOKLYN,Closed
63590100,2025-01-01T06:41:04.000,2025-01-01T06:51:35.000,NYPD,Noise - Residential,BROOKLYN,Closed
63592113,2025-01-01T06:41:09.000,2025-01-02T17:04:31.000,NYPD,Noise - Residential,BRONX,Closed
63592294,2025-01-01T06:41:18.000,2025-01-02T17:04:29.000,NYPD,Noise - Residential,BRONX,Closed
63588818,2025-01-01T06:41:20.000,2025-01-01T14:22:53.000,NYPD,Noise - Residential,QUEENS,Closed
63589826,2025-01-01T06:41:48.000,2025-01-02T17:07:40.000,NYPD,Noise - Residential,BRONX,Closed
63588842,2025-01-01T06:41:48.000,2025-01-01T08:55:10.000,NYPD,Noise - Residential,BRONX,Closed
63586047,2025-01-01T06:42:05.000,2025-01-02T17:06:03.000,NYPD,Noise - Residential,BRONX,Closed
63591957,2025-01-01T06:42:26.000,2025-01-02T17:08:29.000,NYPD,Noise - Residential,BRONX,Closed
63594048,2025-01-01T06:42:43.000,2025-01-01T06:44:47.000,NYPD,Abandoned Vehicle,BROOKLYN,Closed
63593384,2025-01-01T06:42:53.000,2025-01-02T17:04:28.000,NYPD,Noise - Residential,BRONX,Closed
63592807,2025-01-01T06:42:55.000,2025-02-03T07:11:07.000,HPD,PLUMBING,MANHATTAN,Closed
63605296,2025-01-01T06:43:00.000,2025-01-02T10:32:00.000,DSNY,Derelict Vehicles,Unspecified,Closed
63586977,2025-01-01T06:43:04.000,2025-01-02T17:08:20.000,NYPD,Noise - Residential,BRONX,Closed
63593009,2025-01-01T06:43:10.000,2025-01-01T13:39:27.000,NYPD,Illegal Parking,BROOKLYN,Closed
63592045,2025-01-01T06:43:40.000,2025-01-02T17:07:40.000,NYPD,Noise - Residential,BRONX,Closed
63589996,2025-01-01T06:43:42.000,2025-01-02T17:12:01.000,NYPD,Noise - Residential,BRONX,Closed
63595387,2025-01-01T06:43:47.000,2025-01-01T06:44:35.000,NYPD,Abandoned Vehicle,BROOKLYN,Closed
63593398,2025-01-01T06:44:20.000,2025-01-02T17:10:04.000,NYPD,Noise - Residential,BRONX,Closed
63589737,2025-01-01T06:44:28.000,2025-01-02T17:06:02.000,NYPD,Noise - Residential,BRONX,Closed
63592838,2025-01-01T06:44:54.000,2025-01-01T06:45:21.000,NYPD,Abandoned Vehicle,BROOKLYN,Closed
63592243,2025-01-01T06:44:58.000,2025-01-02T17:11:59.000,NYPD,Noise - Residential,BRONX,Closed
63591262,2025-01-01T06:45:00.000,2025-01-03T00:00:00.000,DOT,Street Light Condition,MANHATTAN,Closed
63585839,2025-01-01T06:45:16.000,2025-01-02T17:10:07.000,NYPD,Noise - Residential,BRONX,Closed
63591243,2025-01-01T06:45:22.000,2025-01-01T11:36:46.000,NYPD,Noise - Residential,BRONX,Closed
63593614,2025-01-01T06:45:38.000,2025-01-02T17:06:06.000,NYPD,Noise - Residential,BRONX,Closed
63587880,2025-01-01T06:45:41.000,2025-01-01T08:52:06.000,NYPD,Illegal Parking,QUEENS,Closed
63594877,2025-01-01T06:45:50.000,2025-01-01T07:09:01.000,NYPD,Noise - Residential,QUEENS,Closed
63594680,2025-01-01T06:46:03.000,2025-01-02T17:10:04.000,NYPD,Noise - Residential,BRONX,Closed
63590803,2025-01-01T06:46:14.000,2025-01-02T17:10:00.000,NYPD,Noise - Residential,BRONX,Closed
63591119,2025-01-01T06:46:25.000,2025-01-01T21:38:26.000,NYPD,Noise - Residential,QUEENS,Closed
63594655,2025-01-01T06:46:51.000,2025-01-02T17:10:00.000,NYPD,Noise - Residential,BRONX,Closed
63594809,2025-01-01T06:46:52.000,2025-01-02T17:04:29.000,NYPD,Noise - Residential,BRONX,Closed
63588528,2025-01-01T06:47:00.000,2025-01-01T11:40:00.000,DEP,Water System,STATEN ISLAND,Closed
63595465,2025-01-01T06:47:00.000,2025-01-01T07:18:36.000,NYPD,Illegal Parking,BROOKLYN,Closed
63593580,2025-01-01T06:47:31.000,2025-01-02T17:06:04.000,NYPD,Noise - Residential,BRONX,Closed
63595252,2025-01-01T06:47:35.000,2025-01-01T06:54:55.000,NYPD,Blocked Driveway,BROOKLYN,Closed
63593524,2025-01-01T06:47:38.000,2025-01-02T17:11:59.000,NYPD,Noise - Residential,BRONX,Closed
63595287,2025-01-01T06:47:52.000,2025-01-01T11:03:35.000,NYPD,Illegal Parking,BRONX,Closed
63592416,2025-01-01T06:48:09.000,2025-01-02T17:11:59.000,NYPD,Noise - Residential,BRONX,Closed
63594239,2025-01-01T06:48:14.000,2025-01-01T12:10:14.000,NYPD,Illegal Parking,BRONX,Closed
63592241,2025-01-01T06:48:26.000,2025-01-02T16:30:55.000,NYPD,Noise - Residential,BRONX,Closed
63588830,2025-01-01T06:48:26.000,2025-01-01T17:27:41.000,NYPD,Noise - Residential,BRONX,Closed
63588523,2025-01-01T06:48:47.000,2025-01-02T17:08:32.000,NYPD,Noise - Residential,BRONX,Closed
63591865,2025-01-01T06:49:00.000,2025-03-24T20:33:33.000,HPD,APPLIANCE,BRONX,Closed
63588094,2025-01-01T06:49:00.000,2025-03-24T20:33:33.000,HPD,UNSANITARY CONDITION,BRONX,Closed
63588845,2025-01-01T06:49:00.000,2025-03-24T20:33:33.000,HPD,DOOR/WINDOW,BRONX,Closed
63588085,2025-01-01T06:49:00.000,2025-03-24T20:33:33.000,HPD,UNSANITARY CONDITION,BRONX,Closed
63589333,2025-01-01T06:49:00.000,2025-03-24T20:33:33.000,HPD,UNSANITARY CONDITION,BRONX,Closed
63590204,2025-01-01T06:49:12.000,2025-01-02T10:45:34.000,HPD,HEAT/HOT WATER,BRONX,Closed
63589509,2025-01-01T06:49:13.000,2025-01-02T17:08:29.000,NYPD,Noise - Residential,BRONX,Closed
63594707,2025-01-01T06:49:25.000,2025-01-02T17:02:45.000,NYPD,Noise - Residential,BRONX,Closed
63591278,2025-01-01T06:49:34.000,2025-01-01T06:58:35.000,NYPD,Noise - Commercial,MANHATTAN,Closed
63586178,2025-01-01T06:50:00.000,2025-01-01T11:15:00.000,DEP,Water System,STATEN ISLAND,Closed
63585737,2025-01-01T06:50:01.000,2025-01-02T17:08:26.000,NYPD,Noise - Residential,BRONX,Closed
63587144,2025-01-01T06:50:03.000,2025-01-02T17:02:47.000,NYPD,Noise - Residential,BRONX,Closed
63590501,2025-01-01T06:50:08.000,2025-01-01T11:07:35.000,NYPD,Illegal Parking,BRONX,Closed
63589986,2025-01-01T06:50:21.000,2025-01-01T07:04:41.000,NYPD,Noise - Residential,BROOKLYN,Closed
63589600,2025-01-01T06:50:41.000,2025-01-02T17:07:37.000,NYPD,Noise - Residential,BRONX,Closed
63591110,2025-01-01T06:50:48.000,2025-01-02T17:02:46.000,NYPD,Noise - Residential,BRONX,Closed
63586617,2025-01-01T06:51:00.000,2025-01-01T07:00:00.000,DOT,Traffic Signal Condition,BROOKLYN,Closed
63594867,2025-01-01T06:51:20.000,2025-01-02T17:06:07.000,NYPD,Noise - Residential,BRONX,Closed
63586009,2025-01-01T06:51:36.000,2025-01-02T17:04:32.000,NYPD,Noise - Residential,BRONX,Closed
63586184,2025-01-01T06:51:58.000,2025-01-02T17:11:58.000,NYPD,Noise - Residential,BRONX,Closed
63587547,2025-01-01T06:52:19.000,2025-01-01T09:11:46.000,NYPD,Noise - Residential,BRONX,Closed
63589580,2025-01-01T06:52:23.000,2025-01-02T17:10:04.000,NYPD,Noise - Residential,BRONX,Closed
63588666,2025-01-01T06:52:29.000,2025-01-01T17:27:42.000,NYPD,Noise - Residential,BRONX,Closed
63589799,2025-01-01T06:52:36.000,2025-01-02T17:08:28.000,NYPD,Noise - Residential,BRONX,Closed
63589457,2025-01-01T06:52:43.000,2025-01-01T09:31:13.000,NYPD,Illegal Parking,BROOKLYN,Closed
63588404,2025-01-01T06:53:00.000,2025-01-01T10:50:00.000,DEP,Water System,STATEN ISLAND,Closed
63588003,2025-01-01T06:53:00.000,2025-01-01T07:00:00.000,DOT,Traffic Signal Condition,BROOKLYN,Closed
63594114,2025-01-01T06:53:09.000,2025-01-01T11:30:09.000,NYPD,Illegal Parking,BRONX,Closed
63588444,2025-01-01T06:53:11.000,2025-01-02T17:04:28.000,NYPD,Noise - Residential,BRONX,Closed
63594540,2025-01-01T06:53:14.000,2025-01-02T17:06:03.000,NYPD,Noise - Residential,BRONX,Closed
63591929,2025-01-01T06:53:52.000,2025-01-02T17:10:07.000,NYPD,Noise - Residential,BRONX,Closed
63589632,2025-01-01T06:53:59.000,2025-01-02T17:02:45.000,NYPD,Noise - Residential,BRONX,Closed
63589151,2025-01-01T06:54:00.000,2025-01-01T07:00:00.000,DOT,Traffic Signal Condition,BROOKLYN,Closed
63591640,2025-01-01T06:54:10.000,2025-01-01T16:47:30.000,NYPD,Illegal Parking,BROOKLYN,Closed
63593565,2025-01-01T06:54:30.000,2025-01-02T17:04:31.000,NYPD,Noise - Residential,BRONX,Closed
63594607,2025-01-01T06:54:46.000,2025-01-02T17:08:23.000,NYPD,Noise - Residential,BRONX,Closed
63654655,2025-01-01T06:55:05.000,2025-01-03T11:10:00.000,DOT,Street Condition,BRONX,Closed
63591223,2025-01-01T06:55:06.000,2025-01-01T07:00:21.000,NYPD,Noise - Residential,BROOKLYN,Closed
63585793,2025-01-01T06:55:08.000,2025-01-02T17:10:02.000,NYPD,Noise - Residential,BRONX,Closed
63593509,2025-01-01T06:55:34.000,2025-01-02T17:11:59.000,NYPD,Noise - Residential,BRONX,Closed
63590863,2025-01-01T06:55:46.000,2025-01-02T17:06:05.000,NYPD,Noise - Residential,BRONX,Closed
63649015,2025-01-01T06:55:58.000,2025-01-03T11:45:00.000,DOT,Street Condition,BRONX,Closed
63587977,2025-01-01T06:56:00.000,2025-01-01T07:30:00.000,DOT,Traffic Signal Condition,QUEENS,Closed
63588767,2025-01-01T06:56:06.000,2025-01-01T09:34:01.000,NYPD,Noise - Residential,STATEN ISLAND,Closed
63587390,2025-01-01T06:56:22.000,2025-01-02T17:12:05.000,NYPD,Noise - Residential,BRONX,Closed
63594703,2025-01-01T06:56:25.000,2025-01-02T17:02:45.000,NYPD,Noise - Residential,BRONX,Closed
63649014,2025-01-01T06:56:39.000,2025-01-03T12:45:00.000,DOT,Street Condition,BRONX,Closed
63587869,2025-01-01T06:57:00.000,2025-01-01T07:20:00.000,DOT,Traffic Signal Condition,QUEENS,Closed
63592098,2025-01-01T06:57:03.000,2025-01-02T17:08:27.000,NYPD,Noise - Residential,BRONX,Closed
63593613,2025-01-01T06:57:09.000,2025-01-02T17:06:05.000,NYPD,Noise - Residential,BRONX,Closed
63592562,2025-01-01T06:57:10.000,2025-01-01T07:23:16.000,NYPD,Noise - Residential,BROOKLYN,Closed
63654746,2025-01-01T06:57:25.000,2025-01-03T13:00:00.000,DOT,Street Condition,BRONX,Closed
63591328,2025-01-01T06:57:37.000,2025-01-01T07:03:24.000,NYPD,Noise - Street/Sidewalk,QUEENS,Closed
63591956,2025-01-01T06:57:41.000,2025-01-02T17:08:21.000,NYPD,Noise - Residential,BRONX,Closed
63594304,2025-01-01T06:57:47.000,2025-01-03T21:06:27.000,DSNY,Dirty Condition,BRONX,Closed
63593211,2025-01-01T06:57:57.000,2025-01-02T17:08:30.000,NYPD,Noise - Residential,BRONX,Closed
63662589,2025-01-01T06:57:58.000,2025-01-03T13:20:00.000,DOT,Street Condition,BRONX,Closed
63589984,2025-01-01T06:58:00.000,2025-01-01T09:12:37.000,NYPD,Noise - Residential,BRONX,Closed
63587111,2025-01-01T06:58:19.000,2025-01-02T17:02:44.000,NYPD,Noise - Residential,BRONX,Closed
63588998,2025-01-01T06:58:40.000,2025-01-01T07:00:31.000,NYPD,Abandoned Vehicle,BROOKLYN,Closed
63593397,2025-01-01T06:58:44.000,2025-01-02T17:10:04.000,NYPD,Noise - Residential,BRONX,Closed
63589523,2025-01-01T06:58:57.000,2025-01-02T17:08:22.000,NYPD,Noise - Residential,BRONX,Closed
63590292,2025-01-01T06:58:59.000,2025-01-01T09:18:53.000,NYPD,Blocked Driveway,QUEENS,Closed
63586169,2025-01-01T06:59:00.000,2025-01-01T12:15:00.000,DEP,Water System,STATEN ISLAND,Closed
63595263,2025-01-01T06:59:00.000,2025-01-03T12:05:00.000,DEP,Water System,QUEENS,Closed
63654704,2025-01-01T06:59:20.000,2025-01-03T08:20:00.000,DOT,Street Condition,BRONX,Closed
63592067,2025-01-01T06:59:32.000,2025-01-02T17:10:01.000,NYPD,Noise - Residential,BRONX,Closed
63592115,2025-01-01T06:59:35.000,2025-01-02T17:06:02.000,NYPD,Noise - Residential,BRONX,Closed
63591229,2025-01-01T06:59:51.000,2025-01-01T07:08:21.000,NYPD,Noise - Residential,BROOKLYN,Closed
63607059,2025-01-01T07:00:00.000,2025-01-02T11:03:00.000,DOT,Street Condition,STATEN ISLAND,Closed
63594485,2025-01-01T07:00:13.000,2025-01-02T17:06:04.000,NYPD,Noise - Residential,BRONX,Closed
63590918,2025-01-01T07:00:19.000,2025-01-02T17:12:00.000,NYPD,Noise - Residential,BRONX,Closed
63660591,2025-01-01T07:00:23.000,2025-01-03T09:30:00.000,DOT,Street Condition,BRONX,Closed
63593627,2025-01-01T07:00:48.000,2025-01-01T14:36:38.000,NYPD,Noise - Commercial,BRONX,Closed
63587028,2025-01-01T07:00:51.000,2025-01-02T17:06:06.000,NYPD,Noise - Residential,BRONX,Closed
63586485,2025-01-01T07:01:03.000,2025-02-15T17:58:48.000,HPD,DOOR/WINDOW,BROOKLYN,Closed
63590261,2025-01-01T07:01:03.000,2025-02-15T17:58:48.000,HPD,PAINT/PLASTER,BROOKLYN,Closed
63587787,2025-01-01T07:01:03.000,2025-02-15T17:58:48.000,HPD,PAINT/PLASTER,BROOKLYN,Closed
63591372,2025-01-01T07:01:03.000,2025-02-15T17:58:48.000,HPD,GENERAL,BROOKLYN,Closed
63586492,2025-01-01T07:01:03.000,2025-01-04T15:56:58.000,HPD,DOOR/WINDOW,BROOKLYN,Closed
63587661,2025-01-01T07:01:03.000,2025-02-15T17:58:48.000,HPD,GENERAL,BROOKLYN,Closed
63595083,2025-01-01T07:01:03.000,2025-01-03T14:33:17.000,HPD,HEAT/HOT WATER,BROOKLYN,Closed
63593985,2025-01-01T07:01:03.000,2025-02-15T17:58:48.000,HPD,PLUMBING,BROOKLYN,Closed
63585817,2025-01-01T07:01:07.000,2025-01-02T17:07:38.000,NYPD,Noise - Residential,BRONX,Closed
63592781,2025-01-01T07:01:23.000,2025-01-02T14:50:06.000,HPD,HEAT/HOT WATER,BRONX,Closed
63593400,2025-01-01T07:01:29.000,2025-01-02T17:07:38.000,NYPD,Noise - Residential,BRONX,Closed
63586608,2025-01-01T07:01:29.000,2025-01-03T12:20:46.000,HPD,HEAT/HOT WATER,BRONX,Closed
63590513,2025-01-01T07:01:30.000,2025-01-01T12:18:59.000,NYPD,Illegal Parking,BRONX,Closed
63656556,2025-01-01T07:01:31.000,2025-01-03T10:15:00.000,DOT,Street Condition,BRONX,Closed
63585814,2025-01-01T07:01:54.000,2025-01-02T17:07:40.000,NYPD,Noise - Residential,BRONX,Closed
63588289,2025-01-01T07:02:08.000,2025-01-02T17:02:45.000,NYPD,Noise - Residential,BRONX,Closed
63587731,2025-01-01T07:02:08.000,2025-01-01T12:07:26.000,HPD,HEAT/HOT WATER,QUEENS,Closed
63594855,2025-01-01T07:02:36.000,2025-01-01T12:09:44.000,NYPD,Noise - Residential,BRONX,Closed
63590512,2025-01-01T07:02:39.000,2025-01-01T12:19:06.000,NYPD,Illegal Parking,BRONX,Closed
63593485,2025-01-01T07:02:42.000,2025-01-02T17:02:45.000,NYPD,Noise - Residential,BRONX,Closed
63593481,2025-01-01T07:02:46.000,2025-01-02T17:06:05.000,NYPD,Noise - Residential,BRONX,Closed
63589594,2025-01-01T07:03:24.000,2025-01-02T17:07:34.000,NYPD,Noise - Residential,BRONX,Closed
63590296,2025-01-01T07:03:25.000,2025-01-01T12:38:44.000,NYPD,Blocked Driveway,BRONX,Closed
63590837,2025-01-01T07:03:29.000,2025-01-02T17:04:28.000,NYPD,Noise - Residential,BRONX,Closed
63593737,2025-01-01T07:03:46.000,2025-01-01T07:42:22.000,NYPD,Noise - Residential,BROOKLYN,Closed
63589035,2025-01-01T07:04:00.000,2025-01-01T07:45:00.000,DOT,Traffic Signal Condition,QUEENS,Closed
63593475,2025-01-01T07:04:02.000,2025-01-02T17:02:45.000,NYPD,Noise - Residential,BRONX,Closed
63592702,2025-01-01T07:04:05.000,2025-01-03T09:23:51.000,HPD,HEAT/HOT WATER,BROOKLYN,Closed
63592818,2025-01-01T07:04:05.000,2025-04-27T14:35:38.000,HPD,PLUMBING,BROOKLYN,Closed
63591823,2025-01-01T07:04:05.000,2025-01-03T13:51:52.000,HPD,WATER LEAK,BROOKLYN,Closed
63589311,2025-01-01T07:04:05.000,2025-01-03T13:51:52.000,HPD,WATER LEAK,BROOKLYN,Closed
63588734,2025-01-01T07:04:09.000,2025-01-01T10:40:06.000,NYPD,Noise - Residential,MANHATTAN,Closed
63585775,2025-01-01T07:04:17.000,2025-01-02T17:08:27.000,NYPD,Noise - Residential,BRONX,Closed
63590212,2025-01-01T07:04:19.000,2025-01-01T15:02:15.000,HPD,HEAT/HOT WATER,QUEENS,Closed
63588945,2025-01-01T07:04:28.000,2025-01-01T12:07:26.000,HPD,HEAT/HOT WATER,QUEENS,Closed
63594702,2025-01-01T07:04:40.000,2025-01-02T17:02:45.000,NYPD,Noise - Residential,BRONX,Closed
63595295,2025-01-01T07:04:55.000,2025-01-01T12:38:48.000,NYPD,Blocked Driveway,BRONX,Closed
63592147,2025-01-01T07:04:58.000,2025-01-02T01:37:02.000,NYPD,Noise - Residential,BRONX,Closed
63592198,2025-01-01T07:05:05.000,2025-01-02T17:06:05.000,NYPD,Noise - Residential,BRONX,Closed
63595180,2025-01-01T07:05:13.000,2025-01-01T12:07:26.000,HPD,HEAT/HOT WATER,QUEENS,Closed
63590861,2025-01-01T07:05:18.000,2025-01-02T17:06:05.000,NYPD,Noise - Residential,BRONX,Closed
63592264,2025-01-01T07:05:52.000,2025-01-02T17:06:06.000,NYPD,Noise - Residential,BRONX,Closed
63589588,2025-01-01T07:05:56.000,2025-01-02T17:07:37.000,NYPD,Noise - Residential,BRONX,Closed
63589138,2025-01-01T07:06:00.000,2025-01-01T08:45:00.000,DOT,Traffic Signal Condition,QUEENS,Closed
63593305,2025-01-01T07:06:35.000,2025-01-02T17:08:29.000,NYPD,Noise - Residential,BRONX,Closed
63587070,2025-01-01T07:06:40.000,2025-01-02T17:10:01.000,NYPD,Noise - Residential,BRONX,Closed
63586576,2025-01-01T07:07:00.000,2025-01-01T08:20:00.000,DOT,Traffic Signal Condition,QUEENS,Closed
63594206,2025-01-01T07:07:00.000,2025-02-10T08:59:00.000,DOT,Street Light Condition,QUEENS,Closed
63587344,2025-01-01T07:07:13.000,2025-01-02T17:06:02.000,NYPD,Noise - Residential,BRONX,Closed
63591602,2025-01-01T07:07:15.000,2025-01-02T00:26:27.000,NYPD,Abandoned Vehicle,BROOKLYN,Closed
63595050,2025-01-01T07:07:21.000,2025-01-01T07:19:14.000,NYPD,Noise - Street/Sidewalk,MANHATTAN,Closed
63589907,2025-01-01T07:07:21.000,2025-01-01T07:20:14.000,NYPD,Noise - Street/Sidewalk,MANHATTAN,Closed
63590818,2025-01-01T07:07:27.000,2025-01-02T17:07:38.000,NYPD,Noise - Residential,BRONX,Closed
63591991,2025-01-01T07:07:34.000,2025-01-01T13:24:45.000,NYPD,Illegal Parking,BROOKLYN,Closed
63590904,2025-01-01T07:07:51.000,2025-01-02T17:10:05.000,NYPD,Noise - Residential,BRONX,Closed
63589656,2025-01-01T07:08:15.000,2025-01-02T17:06:04.000,NYPD,Noise - Residential,BRONX,Closed
63587193,2025-01-01T07:08:29.000,2025-01-02T17:06:08.000,NYPD,Noise - Residential,BRONX,Closed
63590031,2025-01-01T07:08:54.000,2025-01-01T09:08:17.000,NYPD,Noise - Residential,MANHATTAN,Closed
63590817,2025-01-01T07:09:03.000,2025-01-02T17:07:35.000,NYPD,Noise - Residential,BRONX,Closed
63593371,2025-01-01T07:09:07.000,2025-01-02T17:10:00.000,NYPD,Noise - Residential,BRONX,Closed
63589911,2025-01-01T07:09:08.000,2025-01-01T08:49:00.000,NYPD,Noise - Commercial,BROOKLYN,Closed
63591746,2025-01-01T07:09:24.000,2025-01-01T21:51:42.000,NYPD,Illegal Parking,QUEENS,Closed
63590892,2025-01-01T07:09:45.000,2025-01-02T17:07:41.000,NYPD,Noise - Residential,BRONX,Closed
63588288,2025-01-01T07:09:50.000,2025-01-02T17:02:45.000,NYPD,Noise - Residential,BRONX,Closed
63586742,2025-01-01T07:09:55.000,2025-01-01T08:59:50.000,NYPD,Illegal Parking,QUEENS,Closed
63586161,2025-01-01T07:10:23.000,2025-01-02T17:12:00.000,NYPD,Noise - Residential,BRONX,Closed
63591288,2025-01-01T07:10:30.000,2025-01-01T08:59:52.000,NYPD,Noise - Residential,MANHATTAN,Closed
63585933,2025-01-01T07:10:38.000,2025-01-02T17:02:46.000,NYPD,Noise - Residential,BRONX,Closed
63589905,2025-01-01T07:11:02.000,2025-01-02T17:10:07.000,NYPD,Noise - Residential,BRONX,Closed
63592031,2025-01-01T07:11:25.000,2025-01-02T17:07:35.000,NYPD,Noise - Residential,BRONX,Closed
63590391,2025-01-01T07:11:35.000,2025-01-01T13:11:29.000,NYPD,Illegal Parking,QUEENS,Closed
63589687,2025-01-01T07:11:40.000,2025-01-02T17:10:02.000,NYPD,Noise - Residential,BRONX,Closed
63589713,2025-01-01T07:12:13.000,2025-01-02T17:04:31.000,NYPD,Noise - Residential,BRONX,Closed
63586175,2025-01-01T07:12:18.000,2025-01-02T17:08:22.000,NYPD,Noise - Residential,BRONX,Closed
63586708,2025-01-01T07:12:26.000,2025-01-01T13:24:33.000,NYPD,Illegal Parking,BROOKLYN,Closed
63594917,2025-01-01T07:12:28.000,2025-01-01T07:49:47.000,NYPD,Noise - Street/Sidewalk,MANHATTAN,Closed
63592890,2025-01-01T07:12:42.000,2025-01-01T17:45:03.000,NYPD,Blocked Driveway,QUEENS,Closed
63590860,2025-01-01T07:12:56.000,2025-01-02T17:06:07.000,NYPD,Noise - Residential,BRONX,Closed
63590811,2025-01-01T07:13:00.000,2025-01-02T17:10:03.000,NYPD,Noise - Residential,BRONX,Closed
63586401,2025-01-01T07:13:10.000,2025-01-01T07:55:36.000,NYPD,Noise - Residential,BROOKLYN,Closed
63587629,2025-01-01T07:13:13.000,2025-01-01T11:58:14.000,NYPD,Noise - Residential,BROOKLYN,Closed
63588587,2025-01-01T07:13:34.000,2025-01-02T17:02:47.000,NYPD,Noise - Residential,BRONX,Closed
63591160,2025-01-01T07:13:35.000,2025-01-01T08:20:02.000,NYPD,Noise - Residential,QUEENS,Closed
63586213,2025-01-01T07:13:48.000,2025-01-02T17:12:01.000,NYPD,Noise - Residential,BRONX,Closed
63587558,2025-01-01T07:13:58.000,2025-01-01T09:07:39.000,NYPD,Noise - Residential,MANHATTAN,Closed
63589855,2025-01-01T07:14:06.000,2025-01-02T11:52:07.000,DOT,Street Condition,BRONX,Closed
63589549,2025-01-01T07:14:12.000,2025-01-02T17:07:39.000,NYPD,Noise - Residential,BRONX,Closed
63591272,2025-01-01T07:14:17.000,2025-01-01T07:43:29.000,NYPD,Noise - Commercial,MANHATTAN,Closed
63593386,2025-01-01T07:14:35.000,2025-01-02T17:06:05.000,NYPD,Noise - Residential,BRONX,Closed
63590839,2025-01-01T07:14:50.000,2025-01-02T17:06:04.000,NYPD,Noise - Residential,BRONX,Closed
63595435,2025-01-01T07:15:07.000,2025-01-01T09:02:19.000,NYPD,Illegal Parking,BROOKLYN,Closed
63588543,2025-01-01T07:15:23.000,2025-01-02T17:08:26.000,NYPD,Noise - Residential,BRONX,Closed
63592092,2025-01-01T07:15:28.000,2025-01-02T17:02:46.000,NYPD,Noise - Residential,BRONX,Closed
63592512,2025-01-01T07:15:34.000,2025-01-01T12:19:21.000,NYPD,Noise - Residential,BRONX,Closed
63589389,2025-01-01T07:16:07.000,2025-01-02T17:07:37.000,NYPD,Noise - Residential,BRONX,Closed
63593568,2025-01-01T07:16:11.000,2025-01-02T17:06:03.000,NYPD,Noise - Residential,BRONX,Closed
63590330,2025-01-01T07:16:31.000,2025-01-31T00:00:00.000,DOB,General Construction/Plumbing,MANHATTAN,Closed
63595231,2025-01-01T07:16:37.000,2025-01-22T11:02:25.000,HPD,SAFETY,STATEN ISLAND,Closed
63589667,2025-01-01T07:16:45.000,2025-01-02T17:07:40.000,NYPD,Noise - Residential,BRONX,Closed
63592374,2025-01-01T07:16:58.000,2025-01-02T17:12:03.000,NYPD,Noise - Residential,BRONX,Closed
63591311,2025-01-01T07:17:17.000,2025-01-01T21:38:50.000,NYPD,Noise - Residential,QUEENS,Closed
63593612,2025-01-01T07:17:23.000,2025-01-02T17:06:08.000,NYPD,Noise - Residential,BRONX,Closed
63585942,2025-01-01T07:17:46.000,2025-01-02T17:07:39.000,NYPD,Noise - Residential,BRONX,Closed
63594740,2025-01-01T07:18:01.000,2025-01-02T17:07:37.000,NYPD,Noise - Residential,BRONX,Closed
63594853,2025-01-01T07:18:07.000,2025-01-01T08:49:13.000,NYPD,Noise - Residential,BRONX,Closed
63587896,2025-01-01T07:18:20.000,2025-01-01T09:42:06.000,NYPD,Illegal Parking,STATEN ISLAND,Closed
63593594,2025-01-01T07:18:33.000,2025-01-02T17:04:31.000,NYPD,Noise - Residential,BRONX,Closed
63585964,2025-01-01T07:18:39.000,2025-01-02T17:02:46.000,NYPD,Noise - Residential,BRONX,Closed
63587224,2025-01-01T07:19:17.000,2025-01-02T17:10:04.000,NYPD,Noise - Residential,BRONX,Closed
63587555,2025-01-01T07:19:20.000,2025-01-01T14:45:39.000,NYPD,Noise - Street/Sidewalk,BRONX,Closed
63593502,2025-01-01T07:19:21.000,2025-01-02T17:08:25.000,NYPD,Noise - Residential,BRONX,Closed
63590044,2025-01-01T07:19:32.000,2025-01-02T00:00:00.000,DOB,Elevator,BRONX,Closed
63586423,2025-01-01T07:19:34.000,2025-01-01T09:13:31.000,NYPD,Noise - Street/Sidewalk,BRONX,Closed
63592662,2025-01-01T07:19:36.000,2025-01-01T12:09:34.000,HPD,HEAT/HOT WATER,QUEENS,Closed
63593902,2025-01-01T07:19:37.000,2025-01-03T19:15:23.000,HPD,HEAT/HOT WATER,MANHATTAN,Closed
63585953,2025-01-01T07:19:55.000,2025-01-02T17:07:37.000,NYPD,Noise - Residential,BRONX,Closed
63592380,2025-01-01T07:20:09.000,2025-01-02T17:08:30.000,NYPD,Noise - Residential,BRONX,Closed
63594265,2025-01-01T07:20:15.000,2025-01-01T08:54:14.000,NYPD,Illegal Parking,BROOKLYN,Closed
63590277,2025-01-01T07:20:18.000,2025-01-02T02:25:38.000,NYPD,Blocked Driveway,QUEENS,Closed
63586738,2025-01-01T07:20:18.000,2025-01-01T11:30:34.000,NYPD,Noise - Vehicle,QUEENS,Closed
63588364,2025-01-01T07:20:33.000,2025-01-02T17:06:05.000,NYPD,Noise - Residential,BRONX,Closed
63588363,2025-01-01T07:20:56.000,2025-01-02T17:06:08.000,NYPD,Noise - Residential,BRONX,Closed
63593327,2025-01-01T07:21:12.000,2025-01-02T17:07:43.000,NYPD,Noise - Residential,BRONX,Closed
63592955,2025-01-01T07:21:31.000,2025-01-01T09:41:33.000,NYPD,Illegal Parking,STATEN ISLAND,Closed
63591123,2025-01-01T07:21:44.000,2025-01-02T17:07:38.000,NYPD,Noise - Residential,BRONX,Closed
63593567,2025-01-01T07:21:50.000,2025-01-02T17:06:04.000,NYPD,Noise - Residential,BRONX,Closed
63589421,2025-01-01T07:22:28.000,2025-01-02T17:02:45.000,NYPD,Noise - Residential,BRONX,Closed
63589582,2025-01-01T07:22:31.000,2025-01-02T17:12:01.000,NYPD,Noise - Residential,BRONX,Closed
63590981,2025-01-01T07:23:06.000,2025-01-02T17:06:06.000,NYPD,Noise - Residential,BRONX,Closed
63592063,2025-01-01T07:23:19.000,2025-01-02T17:07:42.000,NYPD,Noise - Residential,BRONX,Closed
63594725,2025-01-01T07:23:44.000,2025-01-02T17:02:46.000,NYPD,Noise - Residential,BRONX,Closed
63589286,2025-01-01T07:24:04.000,2025-01-01T12:50:27.000,NYPD,Illegal Parking,MANHATTAN,Closed
63587565,2025-01-01T07:24:05.000,2025-01-01T07:53:17.000,NYPD,Noise - Street/Sidewalk,BROOKLYN,Closed
63588339,2025-01-01T07:24:06.000,2025-01-02T17:04:28.000,NYPD,Noise - Residential,BRONX,Closed
63592403,2025-01-01T07:24:22.000,2025-01-02T17:12:00.000,NYPD,Noise - Residential,BRONX,Closed
63590017,2025-01-01T07:24:28.000,2025-01-01T12:57:30.000,NYPD,Noise - Residential,BROOKLYN,Closed
63585952,2025-01-01T07:24:54.000,2025-01-02T17:07:42.000,NYPD,Noise - Residential,BRONX,Closed
63587268,2025-01-01T07:25:00.000,2025-01-02T17:04:28.000,NYPD,Noise - Residential,BRONX,Closed
63587069,2025-01-01T07:25:38.000,2025-01-02T17:10:03.000,NYPD,Noise - Residential,BRONX,Closed
63594862,2025-01-01T07:25:41.000,2025-01-02T17:08:23.000,NYPD,Noise - Residential,BRONX,Closed
63595419,2025-01-01T07:26:11.000,2025-01-01T16:23:39.000,NYPD,Blocked Driveway,QUEENS,Closed
63586153,2025-01-01T07:26:16.000,2025-01-02T17:08:26.000,NYPD,Noise - Residential,BRONX,Closed
63594272,2025-01-01T07:26:25.000,2025-01-01T09:17:11.000,NYPD,Illegal Parking,BROOKLYN,Closed
63589682,2025-01-01T07:26:29.000,2025-01-02T17:10:01.000,NYPD,Noise - Residential,BRONX,Closed
63588443,2025-01-01T07:26:55.000,2025-01-02T17:04:30.000,NYPD,Noise - Residential,BRONX,Closed
63594968,2025-01-01T07:27:09.000,2025-01-01T08:24:48.000,NYPD,Noise - Residential,BROOKLYN,Closed
63593484,2025-01-01T07:27:16.000,2025-01-02T17:02:47.000,NYPD,Noise - Residential,BRONX,Closed
63592545,2025-01-01T07:27:29.000,2025-01-01T09:00:12.000,NYPD,Noise - Residential,BROOKLYN,Closed
63594808,2025-01-01T07:27:33.000,2025-01-02T17:04:30.000,NYPD,Noise - Residential,BRONX,Closed
63589601,2025-01-01T07:28:04.000,2025-01-02T17:07:38.000,NYPD,Noise - Residential,BRONX,Closed
63594673,2025-01-01T07:28:11.000,2025-01-02T17:07:40.000,NYPD,Noise - Residential,BRONX,Closed
63593829,2025-01-01T07:28:17.000,2025-01-01T07:53:33.000,NYPD,Noise - Street/Sidewalk,BROOKLYN,Closed
63593257,2025-01-01T07:28:37.000,2025-01-02T06:43:12.000,DSNY,Dirty Condition,QUEENS,Closed
63588408,2025-01-01T07:28:49.000,2025-01-02T17:10:02.000,NYPD,Noise - Residential,BRONX,Closed
63595118,2025-01-01T07:28:50.000,2025-01-02T10:45:34.000,HPD,HEAT/HOT WATER,BRONX,Closed
63587213,2025-01-01T07:28:52.000,2025-01-02T17:10:05.000,NYPD,Noise - Residential,BRONX,Closed
63590081,2025-01-01T07:29:04.000,2025-01-01T08:51:54.000,NYPD,Noise - Residential,BROOKLYN,Closed
63593542,2025-01-01T07:29:27.000,2025-01-02T17:10:08.000,NYPD,Noise - Residential,BRONX,Closed
63593661,2025-01-01T07:29:40.000,2025-01-02T17:08:20.000,NYPD,Noise - Residential,BRONX,Closed
63594480,2025-01-01T07:30:05.000,2025-01-02T17:02:46.000,NYPD,Noise - Residential,BRONX,Closed
63593383,2025-01-01T07:30:27.000,2025-01-02T17:04:30.000,NYPD,Noise - Residential,BRONX,Closed
63589167,2025-01-01T07:30:36.000,2025-01-01T08:03:19.000,NYPD,Blocked Driveway,QUEENS,Closed
63589926,2025-01-01T07:30:43.000,2025-01-02T17:06:07.000,NYPD,Noise - Residential,BRONX,Closed
63588191,2025-01-01T07:31:09.000,2025-01-01T09:07:40.000,NYPD,Illegal Parking,BROOKLYN,Closed
63590942,2025-01-01T07:31:14.000,2025-01-02T17:06:04.000,NYPD,Noise - Residential,BRONX,Closed
63589882,2025-01-01T07:31:18.000,2025-01-01T08:01:15.000,NYPD,Panhandling,BROOKLYN,Closed
63593302,2025-01-01T07:31:21.000,2025-01-02T17:02:45.000,NYPD,Noise - Residential,BRONX,Closed
63595319,2025-01-01T07:31:37.000,2025-01-01T21:53:02.000,NYPD,Illegal Parking,QUEENS,Closed
63590188,2025-01-01T07:31:40.000,2025-01-03T12:21:31.000,HPD,HEAT/HOT WATER,BRONX,Closed
63593664,2025-01-01T07:31:51.000,2025-01-01T08:04:54.000,NYPD,Noise - Park,MANHATTAN,Closed
63588441,2025-01-01T07:32:00.000,2025-01-02T17:06:05.000,NYPD,Noise - Residential,BRONX,Closed
63593564,2025-01-01T07:32:02.000,2025-01-02T17:04:31.000,NYPD,Noise - Residential,BRONX,Closed
63594527,2025-01-01T07:32:38.000,2025-01-02T17:04:30.000,NYPD,Noise - Residential,BRONX,Closed
63594506,2025-01-01T07:32:49.000,2025-01-02T17:10:05.000,NYPD,Noise - Residential,BRONX,Closed
63587212,2025-01-01T07:33:16.000,2025-01-02T17:10:02.000,NYPD,Noise - Residential,BRONX,Closed
63591568,2025-01-01T07:33:22.000,2025-01-01T11:05:29.000,NYPD,Abandoned Vehicle,BRONX,Closed
63592594,2025-01-01T07:33:24.000,2025-01-01T09:03:24.000,NYPD,Noise - Residential,BRONX,Closed
63591071,2025-01-01T07:33:37.000,2025-01-02T17:04:30.000,NYPD,Noise - Residential,BRONX,Closed
63591106,2025-01-01T07:33:54.000,2025-01-02T17:08:30.000,NYPD,Noise - Residential,BRONX,Closed
63592514,2025-01-01T07:34:00.000,2025-01-01T11:51:18.000,NYPD,Noise - Residential,BRONX,Closed
63586351,2025-01-01T07:34:18.000,2025-01-01T16:41:55.000,NYPD,Noise - Residential,QUEENS,Closed
63594861,2025-01-01T07:34:25.000,2025-01-02T17:08:22.000,NYPD,Noise - Residential,BRONX,Closed
63592340,2025-01-01T07:34:32.000,2025-01-02T17:04:32.000,NYPD,Noise - Residential,BRONX,Closed
63594067,2025-01-01T07:34:34.000,2025-01-03T00:00:00.000,DOB,Boilers,BROOKLYN,Closed
63594087,2025-01-01T07:34:48.000,2025-01-01T10:27:53.000,NYPD,Blocked Driveway,QUEENS,Closed
63588925,2025-01-01T07:35:00.000,2025-01-03T15:54:22.000,HPD,HEAT/HOT WATER,MANHATTAN,Closed
63588186,2025-01-01T07:35:10.000,2025-01-02T17:07:40.000,NYPD,Noise - Residential,BRONX,Closed
63593424,2025-01-01T07:35:12.000,2025-01-02T17:07:42.000,NYPD,Noise - Residential,BRONX,Closed
63590341,2025-01-01T07:35:16.000,2025-01-01T17:33:21.000,NYPD,Blocked Driveway,QUEENS,Closed
63592278,2025-01-01T07:35:49.000,2025-01-02T17:08:34.000,NYPD,Noise - Residential,BRONX,Closed
63594505,2025-01-01T07:36:00.000,2025-01-02T17:10:03.000,NYPD,Noise - Residential,BRONX,Closed
63594909,2025-01-01T07:36:13.000,2025-01-01T17:58:21.000,NYPD,Noise - Residential,QUEENS,Closed
63594595,2025-01-01T07:36:27.000,2025-01-02T17:08:30.000,NYPD,Noise - Residential,BRONX,Closed
63588407,2025-01-01T07:36:47.000,2025-01-02T17:10:06.000,NYPD,Noise - Residential,BRONX,Closed
63586724,2025-01-01T07:36:51.000,2025-01-01T14:23:15.000,NYPD,Illegal Parking,QUEENS,Closed
63589980,2025-01-01T07:37:05.000,2025-01-02T17:08:28.000,NYPD,Noise - Residential,BRONX,Closed
63586098,2025-01-01T07:37:35.000,2025-01-02T17:08:29.000,NYPD,Noise - Residential,BRONX,Closed
63592571,2025-01-01T07:37:38.000,2025-01-01T08:15:35.000,NYPD,Noise - Street/Sidewalk,QUEENS,Closed
63590584,2025-01-01T07:37:42.000,2025-01-06T16:32:41.000,HPD,UNSANITARY CONDITION,BROOKLYN,Closed
63587763,2025-01-01T07:37:42.000,2025-01-06T16:32:41.000,HPD,PAINT/PLASTER,BROOKLYN,Closed
63593870,2025-01-01T07:37:42.000,2025-01-06T16:32:41.000,HPD,GENERAL,BROOKLYN,Closed
63590591,2025-01-01T07:37:42.000,2025-01-06T16:32:41.000,HPD,UNSANITARY CONDITION,BROOKLYN,Closed
63594148,2025-01-01T07:37:42.000,2025-01-06T16:32:41.000,HPD,WATER LEAK,BROOKLYN,Closed
63592207,2025-01-01T07:37:43.000,2025-01-02T17:04:33.000,NYPD,Noise - Residential,BRONX,Closed
63590070,2025-01-01T07:37:54.000,2025-01-01T14:40:22.000,NYPD,Noise - Residential,BROOKLYN,Closed
63587622,2025-01-01T07:37:57.000,2025-01-01T21:39:08.000,NYPD,Noise - Residential,QUEENS,Closed
63591096,2025-01-01T07:38:00.000,2025-07-15T15:33:00.000,DOT,Street Light Condition,BRONX,Closed
63592002,2025-01-01T07:38:21.000,2025-01-02T17:02:46.000,NYPD,Noise - Residential,BRONX,Closed
63589979,2025-01-01T07:38:22.000,2025-01-02T17:08:24.000,NYPD,Noise - Residential,BRONX,Closed
63586809,2025-01-01T07:38:24.000,2025-01-01T10:03:24.000,NYPD,Illegal Parking,QUEENS,Closed
63594878,2025-01-01T07:38:32.000,2025-01-01T12:57:49.000,NYPD,Noise - Residential,BROOKLYN,Closed
63589727,2025-01-01T07:38:53.000,2025-01-03T11:15:55.000,DOHMH,Unsanitary Pigeon Condition,MANHATTAN,Closed
63588584,2025-01-01T07:38:59.000,2025-01-02T17:02:48.000,NYPD,Noise - Residential,BRONX,Closed
63587211,2025-01-01T07:39:10.000,2025-01-02T17:10:08.000,NYPD,Noise - Residential,BRONX,Closed
63587595,2025-01-01T07:39:14.000,2025-01-01T08:19:24.000,NYPD,Noise - Street/Sidewalk,MANHATTAN,Closed
63590902,2025-01-01T07:39:37.000,2025-01-02T17:10:03.000,NYPD,Noise - Residential,BRONX,Closed
63593456,2025-01-01T07:39:58.000,2025-01-02T17:02:47.000,NYPD,Noise - Residential,BRONX,Closed
63591631,2025-01-01T07:40:13.000,2025-01-01T09:54:17.000,NYPD,Illegal Parking,BRONX,Closed
63592122,2025-01-01T07:40:15.000,2025-01-02T17:07:35.000,NYPD,Noise - Residential,BRONX,Closed
63590668,2025-01-01T07:40:36.000,2025-01-02T04:29:36.000,NYPD,Illegal Parking,QUEENS,Closed
63592373,2025-01-01T07:40:45.000,2025-01-02T17:12:00.000,NYPD,Noise - Residential,BRONX,Closed
63589132,2025-01-01T07:40:49.000,2025-01-01T13:53:18.000,NYPD,Illegal Parking,BROOKLYN,Closed
63585963,2025-01-01T07:40:53.000,2025-01-02T17:02:47.000,NYPD,Noise - Residential,BRONX,Closed
63662425,2025-01-01T07:41:03.000,2025-01-03T11:15:00.000,DOT,Street Condition,BRONX,Closed
63585617,2025-01-01T07:41:20.000,2025-01-01T12:36:24.000,NYPD,Illegal Parking,BROOKLYN,Closed
63594457,2025-01-01T07:41:32.000,2025-01-02T17:07:39.000,NYPD,Noise - Residential,BRONX,Closed
63591209,2025-01-01T07:41:33.000,2025-01-02T17:12:00.000,NYPD,Noise - Residential,BRONX,Closed
63592121,2025-01-01T07:42:10.000,2025-01-02T17:07:39.000,NYPD,Noise - Residential,BRONX,Closed
63587411,2025-01-01T07:42:21.000,2025-01-02T17:06:08.000,NYPD,Noise - Residential,BRONX,Closed
63662588,2025-01-01T07:42:35.000,2025-01-03T13:05:00.000,DOT,Street Condition,BRONX,Closed
63592293,2025-01-01T07:42:48.000,2025-01-02T17:04:32.000,NYPD,Noise - Residential,BRONX,Closed
63587613,2025-01-01T07:43:02.000,2025-01-01T08:51:48.000,NYPD,Noise - Residential,MANHATTAN,Closed
63586008,2025-01-01T07:43:08.000,2025-01-02T17:04:31.000,NYPD,Noise - Residential,BRONX,Closed
63588278,2025-01-01T07:43:26.000,2025-01-02T17:07:38.000,NYPD,Noise - Residential,BRONX,Closed
63658585,2025-01-01T07:43:31.000,2025-01-03T08:10:00.000,DOT,Street Condition,BRONX,Closed
63587892,2025-01-01T07:43:38.000,2025-01-01T13:51:19.000,NYPD,Illegal Parking,BROOKLYN,Closed
63588175,2025-01-01T07:43:46.000,2025-01-01T07:43:46.000,DOHMH,Rodent,QUEENS,Closed
63586129,2025-01-01T07:43:55.000,2025-01-02T17:12:01.000,NYPD,Noise - Residential,BRONX,Closed
63609156,2025-01-01T07:44:00.000,2025-01-03T02:55:00.000,DSNY,Derelict Vehicles,QUEENS,Closed
63589420,2025-01-01T07:44:05.000,2025-01-02T17:02:46.000,NYPD,Noise - Residential,BRONX,Closed
63660465,2025-01-01T07:44:12.000,2025-01-03T08:39:00.000,DOT,Street Condition,BRONX,Closed
63591206,2025-01-01T07:44:30.000,2025-01-01T17:27:40.000,NYPD,Noise - Residential,BRONX,Closed
63585810,2025-01-01T07:44:42.000,2025-01-02T17:07:42.000,NYPD,Noise - Residential,BRONX,Closed
63587282,2025-01-01T07:44:43.000,2025-01-02T17:12:01.000,NYPD,Noise - Residential,BRONX,Closed
63586508,2025-01-01T07:44:53.000,2025-01-01T08:49:33.000,NYPD,Blocked Driveway,MANHATTAN,Closed
63587965,2025-01-01T07:44:59.000,2025-01-01T12:16:36.000,NYPD,Illegal Parking,BROOKLYN,Closed
63662556,2025-01-01T07:45:05.000,2025-01-03T09:00:00.000,DOT,Street Condition,BRONX,Closed
63588656,2025-01-01T07:45:13.000,2025-01-01T09:02:59.000,NYPD,Noise - Residential,BRONX,Closed
63594921,2025-01-01T07:45:20.000,2025-01-02T17:08:29.000,NYPD,Noise - Residential,BRONX,Closed
63593488,2025-01-01T07:45:31.000,2025-01-02T17:08:22.000,NYPD,Noise - Residential,BRONX,Closed
63585954,2025-01-01T07:45:58.000,2025-01-02T17:10:05.000,NYPD,Noise - Residential,BRONX,Closed
63591150,2025-01-01T07:46:18.000,2025-01-02T17:04:29.000,NYPD,Noise - Residential,BRONX,Closed
63586793,2025-01-01T07:46:19.000,2025-01-01T09:15:45.000,NYPD,Illegal Parking,QUEENS,Closed
63586709,2025-01-01T07:46:36.000,2025-01-01T08:45:56.000,NYPD,Illegal Parking,BROOKLYN,Closed
63589635,2025-01-01T07:46:37.000,2025-01-02T17:02:46.000,NYPD,Noise - Residential,BRONX,Closed
63595427,2025-01-01T07:46:41.000,2025-01-01T08:33:37.000,NYPD,Blocked Driveway,QUEENS,Closed
63652859,2025-01-01T07:46:41.000,2025-01-03T10:45:00.000,DOT,Street Condition,BRONX,Closed
63588890,2025-01-01T07:46:43.000,2025-01-02T08:42:28.000,HPD,HEAT/HOT WATER,BRONX,Closed
63593382,2025-01-01T07:47:06.000,2025-01-02T17:06:07.000,NYPD,Noise - Residential,BRONX,Closed
63593465,2025-01-01T07:47:15.000,2025-01-02T17:08:31.000,NYPD,Noise - Residential,BRONX,Closed
63656660,2025-01-01T07:47:46.000,2025-01-03T12:38:00.000,DOT,Street Condition,BRONX,Closed
63587639,2025-01-01T07:47:50.000,2025-01-01T08:35:46.000,NYPD,Encampment,MANHATTAN,Closed
63590819,2025-01-01T07:47:53.000,2025-01-02T17:07:36.000,NYPD,Noise - Residential,BRONX,Closed
63588646,2025-01-01T07:47:53.000,2025-01-02T17:04:31.000,NYPD,Noise - Residential,BRONX,Closed
63585995,2025-01-01T07:48:31.000,2025-01-02T17:10:03.000,NYPD,Noise - Residential,BRONX,Closed
63656659,2025-01-01T07:48:31.000,2025-01-03T13:17:00.000,DOT,Street Condition,BRONX,Closed
63594594,2025-01-01T07:48:41.000,2025-01-02T17:08:23.000,NYPD,Noise - Residential,BRONX,Closed
63586041,2025-01-01T07:49:09.000,2025-01-02T17:04:33.000,NYPD,Noise - Residential,BRONX,Closed
63588440,2025-01-01T07:49:28.000,2025-01-02T17:06:06.000,NYPD,Noise - Residential,BRONX,Closed
63586622,2025-01-01T07:49:43.000,2025-01-02T19:30:16.000,HPD,HEAT/HOT WATER,MANHATTAN,Closed
63590179,2025-01-01T07:49:46.000,2025-01-03T08:29:35.000,HPD,HEAT/HOT WATER,MANHATTAN,Closed
63590172,2025-01-01T07:49:46.000,2025-01-03T08:29:35.000,HPD,HEAT/HOT WATER,MANHATTAN,Closed
63587265,2025-01-01T07:49:47.000,2025-01-02T17:04:30.000,NYPD,Noise - Residential,BRONX,Closed
63595438,2025-01-01T07:49:59.000,2025-01-01T08:04:42.000,NYPD,Illegal Parking,MANHATTAN,Closed
63656555,2025-01-01T07:50:00.000,2025-01-03T13:34:00.000,DOT,Street Condition,BRONX,Closed
63590185,2025-01-01T07:50:09.000,2025-01-02T20:27:35.000,HPD,HEAT/HOT WATER,BRONX,Closed
63586776,2025-01-01T07:50:15.000,2025-01-01T16:47:52.000,NYPD,Illegal Parking,QUEENS,Closed
63592195,2025-01-01T07:50:16.000,2025-01-02T17:02:47.000,NYPD,Noise - Residential,BRONX,Closed
63592372,2025-01-01T07:50:25.000,2025-01-02T17:12:03.000,NYPD,Noise - Residential,BRONX,Closed
63649013,2025-01-01T07:50:45.000,2025-01-03T08:15:00.000,DOT,Street Condition,BRONX,Closed
63588315,2025-01-01T07:51:03.000,2025-01-02T17:10:03.000,NYPD,Noise - Residential,BRONX,Closed
63585962,2025-01-01T07:51:04.000,2025-01-02T17:02:46.000,NYPD,Noise - Residential,BRONX,Closed
63594888,2025-01-01T07:51:42.000,2025-01-02T17:12:01.000,NYPD,Noise - Residential,BRONX,Closed
63662424,2025-01-01T07:51:45.000,2025-01-03T09:00:00.000,DOT,Street Condition,BRONX,Closed
63593508,2025-01-01T07:51:51.000,2025-01-02T17:12:01.000,NYPD,Noise - Residential,BRONX,Closed
63590443,2025-01-01T07:52:00.000,2025-01-01T09:35:00.000,DOT,Traffic Signal Condition,QUEENS,Closed
63591250,2025-01-01T07:52:06.000,2025-01-01T09:06:20.000,NYPD,Noise - Vehicle,BRONX,Closed
63594352,2025-01-01T07:52:18.000,2025-01-03T12:08:59.000,DSNY,Dead Animal,QUEENS,Closed
63588703,2025-01-01T07:52:20.000,2025-01-02T17:12:05.000,NYPD,Noise - Residential,BRONX,Closed
63654654,2025-01-01T07:52:21.000,2025-01-03T09:40:00.000,DOT,Street Condition,BRONX,Closed
63586174,2025-01-01T07:52:39.000,2025-01-02T17:08:28.000,NYPD,Noise - Residential,BRONX,Closed
63592762,2025-01-01T07:52:41.000,2025-01-04T17:13:53.000,HPD,HEAT/HOT WATER,MANHATTAN,Closed
63595293,2025-01-01T07:52:42.000,2025-01-01T09:02:39.000,NYPD,Blocked Driveway,BRONX,Closed
63656554,2025-01-01T07:52:55.000,2025-01-03T10:10:00.000,DOT,Street Condition,BRONX,Closed
63590917,2025-01-01T07:52:58.000,2025-01-02T17:12:01.000,NYPD,Noise - Residential,BRONX,Closed
63590484,2025-01-01T07:53:06.000,2025-01-01T08:26:07.000,NYPD,Illegal Parking,QUEENS,Closed
63587586,2025-01-01T07:53:14.000,2025-01-01T12:46:38.000,NYPD,Noise - Street/Sidewalk,MANHATTAN,Closed
63585869,2025-01-01T07:53:26.000,2025-01-02T17:07:40.000,NYPD,Noise - Residential,BRONX,Closed
63662423,2025-01-01T07:53:29.000,2025-01-03T10:40:00.000,DOT,Street Condition,BRONX,Closed
63592292,2025-01-01T07:53:36.000,2025-01-02T17:06:07.000,NYPD,Noise - Residential,BRONX,Closed
63586379,2025-01-01T07:53:46.000,2025-01-01T09:05:58.000,NYPD,Encampment,MANHATTAN,Closed
63649012,2025-01-01T07:54:10.000,2025-01-03T11:05:00.000,DOT,Street Condition,BRONX,Closed
63591934,2025-01-01T07:54:14.000,2025-01-02T17:07:38.000,NYPD,Noise - Residential,BRONX,Closed
63594439,2025-01-01T07:54:14.000,2025-01-02T17:07:42.000,NYPD,Noise - Residential,BRONX,Closed
63595457,2025-01-01T07:54:34.000,2025-01-01T10:05:01.000,NYPD,Illegal Parking,BROOKLYN,Closed
63587568,2025-01-01T07:54:44.000,2025-01-01T09:17:25.000,NYPD,Noise - Residential,BRONX,Closed
63654699,2025-01-01T07:54:49.000,2025-01-03T11:30:00.000,DOT,Street Condition,BRONX,Closed
63586173,2025-01-01T07:54:52.000,2025-01-02T17:08:30.000,NYPD,Noise - Residential,BRONX,Closed
63591046,2025-01-01T07:54:56.000,2025-01-01T11:34:49.000,NYPD,Noise - Commercial,BRONX,Closed
63588831,2025-01-01T07:54:59.000,2025-01-01T12:47:11.000,NYPD,Noise - Residential,MANHATTAN,Closed
63598010,2025-01-01T07:55:00.000,2025-01-02T03:55:00.000,DSNY,Derelict Vehicles,BRONX,Closed
63589590,2025-01-01T07:55:01.000,2025-01-02T17:07:40.000,NYPD,Noise - Residential,BRONX,Closed
63591639,2025-01-01T07:55:07.000,2025-01-01T08:57:23.000,NYPD,Illegal Parking,QUEENS,Closed
63656745,2025-01-01T07:55:22.000,2025-01-03T12:35:00.000,DOT,Street Condition,BRONX,Closed
63585961,2025-01-01T07:55:31.000,2025-01-02T17:02:46.000,NYPD,Noise - Residential,BRONX,Closed
63591027,2025-01-01T07:55:49.000,2025-01-02T17:10:06.000,NYPD,Noise - Residential,BRONX,Closed
63649019,2025-01-01T07:55:54.000,2025-01-03T13:00:00.000,DOT,Street Condition,BRONX,Closed
63591045,2025-01-01T07:55:55.000,2025-01-01T08:45:45.000,NYPD,Noise - Commercial,QUEENS,Closed
63588328,2025-01-01T07:56:00.000,2025-01-01T10:10:00.000,DEP,Sewer,BROOKLYN,Closed
63589117,2025-01-01T07:56:07.000,2025-01-01T10:03:58.000,NYPD,Illegal Parking,BROOKLYN,Closed
63591087,2025-01-01T07:56:08.000,2025-01-02T17:02:46.000,NYPD,Noise - Residential,BRONX,Closed
63587814,2025-01-01T07:56:25.000,2025-01-01T12:44:29.000,NYPD,Blocked Driveway,STATEN ISLAND,Closed
63654698,2025-01-01T07:56:31.000,2025-01-03T13:30:00.000,DOT,Street Condition,BRONX,Closed
63588286,2025-01-01T07:56:36.000,2025-01-02T17:07:38.000,NYPD,Noise - Residential,BRONX,Closed
63591586,2025-01-01T07:56:47.000,2025-01-06T00:00:00.000,DOB,Boilers,MANHATTAN,Closed
63587083,2025-01-01T07:56:47.000,2025-01-02T17:07:38.000,NYPD,Noise - Residential,BRONX,Closed
63588814,2025-01-01T07:57:03.000,2025-01-01T12:47:21.000,NYPD,Noise - Street/Sidewalk,MANHATTAN,Closed
63592427,2025-01-01T07:57:13.000,2025-01-01T09:54:28.000,NYPD,Encampment,MANHATTAN,Closed
63587494,2025-01-01T07:57:24.000,2025-01-02T17:12:00.000,NYPD,Noise - Residential,BRONX,Closed
63589803,2025-01-01T07:57:25.000,2025-01-02T17:08:24.000,NYPD,Noise - Residential,BRONX,Closed
63589634,2025-01-01T07:58:03.000,2025-01-02T17:02:46.000,NYPD,Noise - Residential,BRONX,Closed
63592116,2025-01-01T07:58:12.000,2025-01-02T17:07:44.000,NYPD,Noise - Residential,BRONX,Closed
63586395,2025-01-01T07:58:13.000,2025-01-01T15:47:11.000,NYPD,Noise - Street/Sidewalk,BRONX,Closed
63589099,2025-01-01T07:58:31.000,2025-01-01T11:10:50.000,NYPD,Blocked Driveway,BROOKLYN,Closed
63593576,2025-01-01T07:58:41.000,2025-01-02T17:06:08.000,NYPD,Noise - Residential,BRONX,Closed
63591495,2025-01-01T07:58:52.000,2025-01-04T10:12:47.000,HPD,HEAT/HOT WATER,MANHATTAN,Closed
63586061,2025-01-01T07:58:59.000,2025-01-02T17:04:32.000,NYPD,Noise - Residential,BRONX,Closed
63594366,2025-01-01T07:59:00.000,2025-01-07T11:30:00.000,DEP,Noise,QUEENS,Closed
63587678,2025-01-01T07:59:07.000,2025-01-03T13:09:22.000,HPD,HEAT/HOT WATER,BRONX,Closed
63586849,2025-01-01T07:59:07.000,2025-01-03T13:09:22.000,HPD,SAFETY,BRONX,Closed
63587824,2025-01-01T07:59:18.000,2025-01-02T04:04:19.000,NYPD,Blocked Driveway,QUEENS,Closed
63593575,2025-01-01T07:59:19.000,2025-01-02T17:06:04.000,NYPD,Noise - Residential,BRONX,Closed
63588782,2025-01-01T07:59:29.000,2025-01-01T10:31:19.000,NYPD,Noise - Commercial,MANHATTAN,Closed
63594840,2025-01-01T07:59:30.000,2025-01-01T09:02:25.000,NYPD,Noise - Residential,BROOKLYN,Closed
63592065,2025-01-01T07:59:47.000,2025-01-02T17:10:02.000,NYPD,Noise - Residential,BRONX,Closed
63594600,2025-01-01T07:59:57.000,2025-01-02T17:08:27.000,NYPD,Noise - Residential,BRONX,Closed
63587368,2025-01-01T08:00:34.000,2025-01-02T17:08:26.000,NYPD,Noise - Residential,BRONX,Closed
63590770,2025-01-01T08:00:35.000,2025-01-02T17:02:47.000,NYPD,Noise - Residential,BRONX,Closed
63588671,2025-01-01T08:01:01.000,2025-01-01T08:47:20.000,NYPD,Noise - Residential,MANHATTAN,Closed
63589633,2025-01-01T08:01:13.000,2025-01-02T17:02:48.000,NYPD,Noise - Residential,BRONX,Closed
63593008,2025-01-01T08:01:18.000,2025-01-01T09:28:31.000,NYPD,Illegal Parking,BROOKLYN,Closed
63593659,2025-01-01T08:01:22.000,2025-01-02T17:08:31.000,NYPD,Noise - Residential,BRONX,Closed
63589200,2025-01-01T08:01:46.000,2025-01-01T10:04:49.000,NYPD,Illegal Parking,BRONX,Closed
63594498,2025-01-01T08:01:52.000,2025-01-02T17:06:06.000,NYPD,Noise - Residential,BRONX,Closed
63590611,2025-01-01T08:01:53.000,2025-01-11T15:10:42.000,HPD,UNSANITARY CONDITION,BROOKLYN,Closed
63594029,2025-01-01T08:01:53.000,2025-01-11T15:10:42.000,HPD,PLUMBING,BROOKLYN,Closed
63590775,2025-01-01T08:02:00.000,2025-01-01T12:25:14.000,NYPD,Illegal Parking,BROOKLYN,Closed
63595138,2025-01-01T08:02:04.000,2025-01-03T13:02:03.000,HPD,HEAT/HOT WATER,QUEENS,Closed
63586791,2025-01-01T08:02:07.000,2025-01-01T08:08:42.000,NYPD,Illegal Parking,BROOKLYN,Closed
63590908,2025-01-01T08:02:09.000,2025-01-02T17:12:01.000,NYPD,Noise - Residential,BRONX,Closed
63587132,2025-01-01T08:02:30.000,2025-01-02T17:04:29.000,NYPD,Noise - Residential,BRONX,Closed
63590148,2025-01-01T08:02:34.000,2025-01-02T20:27:35.000,HPD,HEAT/HOT WATER,BRONX,Closed
63587110,2025-01-01T08:02:57.000,2025-01-02T17:02:47.000,NYPD,Noise - Residential,BRONX,Closed
63592152,2025-01-01T08:03:08.000,2025-01-02T17:10:08.000,NYPD,Noise - Residential,BRONX,Closed
63592998,2025-01-01T08:03:28.000,2025-01-01T10:11:52.000,NYPD,Illegal Parking,QUEENS,Closed
63589699,2025-01-01T08:03:38.000,2025-01-01T08:41:14.000,NYPD,Noise - Commercial,BROOKLYN,Closed
63587166,2025-01-01T08:03:44.000,2025-01-02T17:02:47.000,NYPD,Noise - Residential,BRONX,Closed
63588392,2025-01-01T08:03:47.000,2025-01-02T17:10:03.000,NYPD,Noise - Residential,BRONX,Closed
63591650,2025-01-01T08:04:07.000,2025-01-01T10:35:52.000,NYPD,Illegal Parking,BRONX,Closed
63591766,2025-01-01T08:04:09.000,2025-01-01T09:45:55.000,NYPD,Illegal Parking,BROOKLYN,Closed
63592360,2025-01-01T08:04:24.000,2025-01-02T17:12:01.000,NYPD,Noise - Residential,BRONX,Closed
63585910,2025-01-01T08:04:32.000,2025-01-02T17:02:46.000,NYPD,Noise - Residential,BRONX,Closed
63593013,2025-01-01T08:04:42.000,2025-01-01T13:07:57.000,NYPD,Illegal Parking,QUEENS,Closed
63595359,2025-01-01T08:04:42.000,2025-01-01T09:50:10.000,NYPD,Illegal Parking,MANHATTAN,Closed
63593268,2025-01-01T08:05:01.000,2025-01-02T04:29:19.000,NYPD,Illegal Parking,QUEENS,Closed
63588702,2025-01-01T08:05:02.000,2025-01-02T17:12:00.000,NYPD,Noise - Residential,BRONX,Closed
63589670,2025-01-01T08:05:20.000,2025-01-02T17:06:10.000,NYPD,Noise - Residential,BRONX,Closed
63589166,2025-01-01T08:05:29.000,2025-01-01T09:12:24.000,NYPD,Blocked Driveway,BROOKLYN,Closed
63592484,2025-01-01T08:05:36.000,2025-01-01T13:53:03.000,NYPD,Noise - Residential,BRONX,Closed
63594858,2025-01-01T08:05:40.000,2025-01-02T17:08:24.000,NYPD,Noise - Residential,BRONX,Closed
63592624,2025-01-01T08:05:56.000,2025-01-01T12:47:32.000,NYPD,Noise - Street/Sidewalk,MANHATTAN,Closed
63587981,2025-01-01T08:05:58.000,2025-01-01T12:05:26.000,NYPD,Illegal Parking,BROOKLYN,Closed
63588296,2025-01-01T08:06:07.000,2025-01-02T17:06:08.000,NYPD,Noise - Residential,BRONX,Closed
63592938,2025-01-01T08:06:08.000,2025-01-01T10:35:36.000,NYPD,Blocked Driveway,QUEENS,Closed
63589280,2025-01-01T08:06:18.000,2025-01-01T08:54:37.000,NYPD,Illegal Parking,BROOKLYN,Closed
63589445,2025-01-01T08:06:19.000,2025-01-02T17:07:40.000,NYPD,Noise - Residential,BRONX,Closed
63589439,2025-01-01T08:06:55.000,2025-01-02T17:10:04.000,NYPD,Noise - Residential,BRONX,Closed
63593563,2025-01-01T08:06:57.000,2025-01-02T17:04:32.000,NYPD,Noise - Residential,BRONX,Closed
63586158,2025-01-01T08:07:35.000,2025-01-02T17:12:06.000,NYPD,Noise - Residential,BRONX,Closed
63591026,2025-01-01T08:07:42.000,2025-01-02T17:10:05.000,NYPD,Noise - Residential,BRONX,Closed
63590200,2025-01-01T08:08:12.000,2025-01-02T16:09:57.000,HPD,HEAT/HOT WATER,BROOKLYN,Closed
63594774,2025-01-01T08:08:13.000,2025-01-02T17:06:07.000,NYPD,Noise - Residential,BRONX,Closed
63591911,2025-01-01T08:08:17.000,2025-02-12T16:34:07.000,DPR,Root/Sewer/Sidewalk Condition,STATEN ISLAND,Closed
63586789,2025-01-01T08:08:21.000,2025-01-01T10:21:56.000,NYPD,Illegal Parking,QUEENS,Closed
63591413,2025-01-01T08:08:22.000,2025-01-02T19:57:51.000,HPD,HEAT/HOT WATER,BROOKLYN,Closed
63592231,2025-01-01T08:08:30.000,2025-01-02T17:07:44.000,NYPD,Noise - Residential,BRONX,Closed
63586549,2025-01-01T08:08:46.000,2025-01-02T11:23:57.000,HPD,HEAT/HOT WATER,MANHATTAN,Closed
63586007,2025-01-01T08:08:51.000,2025-01-02T17:04:32.000,NYPD,Noise - Residential,BRONX,Closed
63589663,2025-01-01T08:09:17.000,2025-01-02T17:06:05.000,NYPD,Noise - Residential,BRONX,Closed
63587365,2025-01-01T08:09:29.000,2025-01-02T17:12:02.000,NYPD,Noise - Residential,BRONX,Closed
63587921,2025-01-01T08:09:43.000,2025-01-01T11:20:57.000,NYPD,Illegal Parking,MANHATTAN,Closed
63588406,2025-01-01T08:10:05.000,2025-01-02T17:07:43.000,NYPD,Noise - Residential,BRONX,Closed
63593325,2025-01-01T08:10:07.000,2025-01-02T17:06:05.000,NYPD,Noise - Residential,BRONX,Closed
63592422,2025-01-01T08:10:16.000,2025-01-06T09:42:01.000,DOT,Street Condition,MANHATTAN,Closed
63592959,2025-01-01T08:10:23.000,2025-01-01T12:22:06.000,NYPD,Illegal Parking,QUEENS,Closed
63586006,2025-01-01T08:10:45.000,2025-01-02T17:04:30.000,NYPD,Noise - Residential,BRONX,Closed
63594773,2025-01-01T08:10:53.000,2025-01-02T17:06:09.000,NYPD,Noise - Residential,BRONX,Closed
63588752,2025-01-01T08:11:01.000,2025-01-01T12:37:32.000,NYPD,Noise - Residential,MANHATTAN,Closed
63592623,2025-01-01T08:11:09.000,2025-01-01T12:47:53.000,NYPD,Noise - Street/Sidewalk,MANHATTAN,Closed
63593221,2025-01-01T08:11:10.000,2025-01-01T13:27:30.000,NYPD,Illegal Parking,BRONX,Closed
63586482,2025-01-01T08:11:11.000,2025-01-02T15:11:51.000,HPD,DOOR/WINDOW,BRONX,Closed
63593794,2025-01-01T08:11:23.000,2025-01-01T14:22:23.000,NYPD,Noise - Residential,BROOKLYN,Closed
63592390,2025-01-01T08:11:24.000,2025-01-02T17:12:02.000,NYPD,Noise - Residential,BRONX,Closed
63594992,2025-01-01T08:11:34.000,2025-01-01T08:46:01.000,NYPD,Noise - Residential,QUEENS,Closed
63592110,2025-01-01T08:11:40.000,2025-01-02T17:04:29.000,NYPD,Noise - Residential,BRONX,Closed
63587960,2025-01-01T08:11:50.000,2025-01-01T14:40:53.000,NYPD,Illegal Parking,BROOKLYN,Closed
63593707,2025-01-01T08:11:50.000,2025-01-03T10:23:28.000,NYPD,Non-Emergency Police Matter,BRONX,Closed
63590124,2025-01-01T08:11:53.000,2025-01-01T13:39:54.000,NYPD,Noise - Street/Sidewalk,BROOKLYN,Closed
63589653,2025-01-01T08:12:02.000,2025-01-02T17:06:07.000,NYPD,Noise - Residential,BRONX,Closed
63588625,2025-01-01T08:12:22.000,2025-01-01T12:47:43.000,NYPD,Noise - Commercial,MANHATTAN,Closed
63586792,2025-01-01T08:12:25.000,2025-01-01T12:30:26.000,NYPD,Illegal Parking,BROOKLYN,Closed
63592133,2025-01-01T08:12:28.000,2025-01-02T17:06:10.000,NYPD,Noise - Residential,BRONX,Closed
63586040,2025-01-01T08:12:40.000,2025-01-02T17:04:31.000,NYPD,Noise - Residential,BRONX,Closed
63593786,2025-01-01T08:13:14.000,2025-01-01T09:20:13.000,NYPD,Noise - Residential,MANHATTAN,Closed
63593345,2025-01-01T08:13:16.000,2025-01-02T17:07:39.000,NYPD,Noise - Residential,BRONX,Closed
63589673,2025-01-01T08:13:20.000,2025-01-02T17:10:04.000,NYPD,Noise - Residential,BRONX,Closed
63592635,2025-01-01T08:13:38.000,2025-01-01T12:48:03.000,NYPD,Noise - Vehicle,MANHATTAN,Closed
63587081,2025-01-01T08:13:56.000,2025-01-02T17:04:31.000,NYPD,Noise - Residential,BRONX,Closed
63606982,2025-01-01T08:14:00.000,2025-01-03T00:38:00.000,DSNY,Derelict Vehicles,MANHATTAN,Closed
63588377,2025-01-01T08:14:03.000,2025-01-02T17:04:32.000,NYPD,Noise - Residential,BRONX,Closed
63591419,2025-01-01T08:14:11.000,2025-01-02T19:54:08.000,HPD,HEAT/HOT WATER,BROOKLYN,Closed
63588872,2025-01-01T08:14:12.000,2025-01-16T20:41:06.000,HPD,GENERAL,BRONX,Closed
63588878,2025-01-01T08:14:12.000,2025-01-16T20:41:06.000,HPD,ELECTRIC,BRONX,Closed
63589881,2025-01-01T08:14:20.000,2025-01-01T08:51:24.000,NYPD,Noise - Residential,BROOKLYN,Closed
63586377,2025-01-01T08:14:25.000,2025-01-01T08:34:39.000,NYPD,Encampment,MANHATTAN,Closed
63587576,2025-01-01T08:14:25.000,2025-01-06T07:16:42.000,DHS,Encampment,MANHATTAN,Closed
63589561,2025-01-01T08:14:34.000,2025-01-02T17:08:28.000,NYPD,Noise - Residential,BRONX,Closed
63591460,2025-01-01T08:14:37.000,2025-01-03T19:15:23.000,HPD,HEAT/HOT WATER,MANHATTAN,Closed
63592930,2025-01-01T08:14:40.000,2025-01-01T17:02:27.000,NYPD,Blocked Driveway,BRONX,Closed
63589666,2025-01-01T08:14:50.000,2025-01-02T17:10:02.000,NYPD,Noise - Residential,BRONX,Closed
63595033,2025-01-01T08:15:12.000,2025-01-01T15:47:16.000,NYPD,Noise - Street/Sidewalk,BRONX,Closed
63593335,2025-01-01T08:15:13.000,2025-01-02T17:10:04.000,NYPD,Noise - Residential,BRONX,Closed
63587089,2025-01-01T08:15:38.000,2025-01-02T17:10:20.000,NYPD,Noise - Residential,BRONX,Closed
63589845,2025-01-01T08:15:50.000,2025-01-02T17:10:20.000,NYPD,Noise - Residential,BRONX,Closed
63594755,2025-01-01T08:16:26.000,2025-01-02T17:07:42.000,NYPD,Noise - Residential,BRONX,Closed
63588338,2025-01-01T08:16:28.000,2025-01-02T17:04:33.000,NYPD,Noise - Residential,BRONX,Closed
63590392,2025-01-01T08:16:31.000,2025-01-01T09:40:08.000,NYPD,Illegal Parking,QUEENS,Closed
63587486,2025-01-01T08:16:40.000,2025-01-01T20:21:05.000,NYPD,Noise - Residential,QUEENS,Closed
63588357,2025-01-01T08:17:07.000,2025-01-02T17:02:47.000,NYPD,Noise - Residential,BRONX,Closed
63594504,2025-01-01T08:17:13.000,2025-01-02T17:07:43.000,NYPD,Noise - Residential,BRONX,Closed
63588311,2025-01-01T08:17:45.000,2025-01-02T17:10:20.000,NYPD,Noise - Residential,BRONX,Closed
63586091,2025-01-01T08:18:01.000,2025-01-02T17:08:24.000,NYPD,Noise - Residential,BRONX,Closed
63592853,2025-01-01T08:18:20.000,2025-01-01T08:59:37.000,NYPD,Illegal Parking,BROOKLYN,Closed
63591187,2025-01-01T08:18:23.000,2025-01-02T17:08:32.000,NYPD,Noise - Residential,BRONX,Closed
63586591,2025-01-01T08:18:26.000,2025-01-02T17:11:28.000,HPD,HEAT/HOT WATER,BRONX,Closed
63589679,2025-01-01T08:18:48.000,2025-01-02T17:07:43.000,NYPD,Noise - Residential,BRONX,Closed
63594447,2025-01-01T08:19:01.000,2025-01-02T17:10:20.000,NYPD,Noise - Residential,BRONX,Closed
63592222,2025-01-01T08:19:36.000,2025-01-02T17:12:03.000,NYPD,Noise - Residential,BRONX,Closed
63594918,2025-01-01T08:19:39.000,2025-01-02T17:08:23.000,NYPD,Noise - Residential,BRONX,Closed
63591740,2025-01-01T08:19:43.000,2025-01-01T13:43:27.000,NYPD,Illegal Parking,BRONX,Closed
63589073,2025-01-01T08:19:43.000,2025-01-03T15:53:04.000,DSNY,Sanitation Worker or Vehicle Complaint,STATEN ISLAND,Closed
63590400,2025-01-01T08:20:02.000,2025-01-01T09:30:41.000,NYPD,Illegal Parking,BROOKLYN,Closed
63591338,2025-01-01T08:20:05.000,2025-01-01T08:37:15.000,NYPD,Noise - Residential,QUEENS,Closed
63593344,2025-01-01T08:20:17.000,2025-01-02T17:07:38.000,NYPD,Noise - Residential,BRONX,Closed
63588272,2025-01-01T08:20:23.000,2025-01-02T17:02:48.000,NYPD,Noise - Residential,BRONX,Closed
63586974,2025-01-01T08:20:55.000,2025-01-02T17:02:48.000,NYPD,Noise - Residential,BRONX,Closed
63590564,2025-01-01T08:21:02.000,2025-01-01T08:46:13.000,NYPD,Illegal Parking,BROOKLYN,Closed
63594796,2025-01-01T08:21:11.000,2025-01-02T17:07:41.000,NYPD,Noise - Residential,BRONX,Closed
63587858,2025-01-01T08:21:34.000,2025-01-01T09:22:00.000,NYPD,Blocked Driveway,BRONX,Closed
63592229,2025-01-01T08:21:34.000,2025-01-02T17:07:40.000,NYPD,Noise - Residential,BRONX,Closed
63587087,2025-01-01T08:21:58.000,2025-01-02T17:10:20.000,NYPD,Noise - Residential,BRONX,Closed
63592457,2025-01-01T08:22:04.000,2025-01-01T09:01:31.000,NYPD,Noise - Residential,BROOKLYN,Closed
63591113,2025-01-01T08:22:12.000,2025-01-02T17:06:05.000,NYPD,Noise - Residential,BRONX,Closed
63591693,2025-01-01T08:22:37.000,2025-01-01T08:47:57.000,NYPD,Illegal Parking,BRONX,Closed
63586018,2025-01-01T08:22:46.000,2025-01-02T17:04:32.000,NYPD,Noise - Residential,BRONX,Closed
63587222,2025-01-01T08:22:50.000,2025-01-02T17:07:40.000,NYPD,Noise - Residential,BRONX,Closed
63592319,2025-01-01T08:23:28.000,2025-01-02T17:12:05.000,NYPD,Noise - Residential,BRONX,Closed
63590821,2025-01-01T08:23:33.000,2025-01-02T17:10:20.000,NYPD,Noise - Residential,BRONX,Closed
63587956,2025-01-01T08:23:41.000,2025-01-01T09:40:56.000,NYPD,Blocked Driveway,BROOKLYN,Closed
63591315,2025-01-01T08:23:48.000,2025-01-01T09:55:03.000,NYPD,Encampment,MANHATTAN,Closed
63592679,2025-01-01T08:23:50.000,2025-01-02T20:32:51.000,HPD,HEAT/HOT WATER,BROOKLYN,Closed
63587796,2025-01-01T08:23:57.000,2025-01-01T09:50:30.000,NYPD,Blocked Driveway,MANHATTAN,Closed
63585899,2025-01-01T08:24:06.000,2025-01-02T17:10:21.000,NYPD,Noise - Residential,BRONX,Closed
63591551,2025-01-01T08:24:10.000,2025-01-01T11:19:55.000,NYPD,Blocked Driveway,BROOKLYN,Closed
63594795,2025-01-01T08:24:21.000,2025-01-02T17:07:44.000,NYPD,Noise - Residential,BRONX,Closed
63587398,2025-01-01T08:24:23.000,2025-06-25T13:47:20.000,DOT,Street Sign - Damaged,QUEENS,Closed
63591431,2025-01-01T08:24:27.000,2025-01-03T13:11:19.000,HPD,HEAT/HOT WATER,BRONX,Closed
63589115,2025-01-01T08:24:28.000,2025-01-01T12:20:05.000,NYPD,Blocked Driveway,QUEENS,Closed
63594794,2025-01-01T08:24:44.000,2025-01-02T17:07:38.000,NYPD,Noise - Residential,BRONX,Closed
63587354,2025-01-01T08:25:09.000,2025-01-02T17:07:42.000,NYPD,Noise - Residential,BRONX,Closed
63590914,2025-01-01T08:25:12.000,2025-01-02T11:23:07.000,DPR,Damaged Tree,BROOKLYN,Closed
63594723,2025-01-01T08:25:22.000,2025-01-02T17:02:47.000,NYPD,Noise - Residential,BRONX,Closed
63587856,2025-01-01T08:25:53.000,2025-01-01T08:46:01.000,NYPD,Blocked Driveway,BROOKLYN,Closed
63587231,2025-01-01T08:25:56.000,2025-01-02T17:10:20.000,NYPD,Noise - Residential,BRONX,Closed
63589832,2025-01-01T08:26:00.000,2025-01-02T17:12:03.000,NYPD,Noise - Residential,BRONX,Closed
63588019,2025-01-01T08:26:14.000,2025-01-01T10:59:34.000,NYPD,Illegal Parking,QUEENS,Closed
63594059,2025-01-01T08:26:36.000,2025-01-06T00:00:00.000,DOB,Boilers,QUEENS,Closed
63589827,2025-01-01T08:26:39.000,2025-01-02T17:10:20.000,NYPD,Noise - Residential,BRONX,Closed
63592332,2025-01-01T08:26:44.000,2025-01-02T17:08:35.000,NYPD,Noise - Residential,BRONX,Closed
63587664,2025-01-01T08:26:57.000,2025-01-02T16:09:57.000,HPD,HEAT/HOT WATER,BROOKLYN,Closed
63591050,2025-01-01T08:27:17.000,2025-01-02T17:12:02.000,NYPD,Noise - Residential,BRONX,Closed
63585916,2025-01-01T08:27:32.000,2025-01-02T17:02:48.000,NYPD,Noise - Residential,BRONX,Closed
63586770,2025-01-01T08:27:45.000,2025-01-01T13:49:59.000,NYPD,Illegal Parking,BROOKLYN,Closed
63586005,2025-01-01T08:27:55.000,2025-01-02T17:04:31.000,NYPD,Noise - Residential,BRONX,Closed
63592526,2025-01-01T08:28:07.000,2025-01-01T15:46:54.000,NYPD,Noise - Residential,BRONX,Closed
63590058,2025-01-01T08:28:15.000,2025-01-01T13:30:08.000,NYPD,Noise - Residential,BRONX,Closed
63594590,2025-01-01T08:28:19.000,2025-01-02T17:08:31.000,NYPD,Noise - Residential,BRONX,Closed
63593337,2025-01-01T08:28:33.000,2025-01-02T17:07:39.000,NYPD,Noise - Residential,BRONX,Closed
63590489,2025-01-01T08:28:40.000,2025-01-01T08:45:45.000,NYPD,Blocked Driveway,BROOKLYN,Closed
63591842,2025-01-01T08:29:00.000,2025-01-02T11:45:00.000,DEP,Water Conservation,BROOKLYN,Closed
63586355,2025-01-01T08:29:02.000,2025-01-01T09:25:47.000,NYPD,Noise - Residential,BROOKLYN,Closed
63592007,2025-01-01T08:29:07.000,2025-01-02T17:06:08.000,NYPD,Noise - Residential,BRONX,Closed
63593385,2025-01-01T08:29:11.000,2025-01-02T17:06:09.000,NYPD,Noise - Residential,BRONX,Closed
63585671,2025-01-01T08:29:39.000,2025-01-06T12:27:27.000,DPR,Damaged Tree,QUEENS,Closed
63594732,2025-01-01T08:29:41.000,2025-01-07T00:00:00.000,DOB,Elevator,BRONX,Closed
63593889,2025-01-01T08:29:45.000,2025-01-02T18:25:47.000,HPD,HEAT/HOT WATER,QUEENS,Closed
63589019,2025-01-01T08:29:46.000,2025-01-02T14:40:34.000,HPD,HEAT/HOT WATER,BROOKLYN,Closed
63586716,2025-01-01T08:29:50.000,2025-01-17T10:00:29.000,HPD,PLUMBING,BROOKLYN,Closed
63588401,2025-01-01T08:29:50.000,2025-01-02T17:06:05.000,NYPD,Noise - Residential,BRONX,Closed
63586493,2025-01-01T08:29:50.000,2025-01-17T10:00:29.000,HPD,ELECTRIC,BROOKLYN,Closed
63593984,2025-01-01T08:29:50.000,2025-01-17T10:00:29.000,HPD,PLUMBING,BROOKLYN,Closed
63588701,2025-01-01T08:29:54.000,2025-01-02T17:12:01.000,NYPD,Noise - Residential,BRONX,Closed
63591680,2025-01-01T08:29:58.000,2025-01-01T08:45:18.000,NYPD,Blocked Driveway,BROOKLYN,Closed
63620233,2025-01-01T08:30:00.000,2025-01-03T04:38:00.000,DSNY,Derelict Vehicles,BRONX,Closed
63588892,2025-01-01T08:30:02.000,2025-01-03T15:56:50.000,HPD,HEAT/HOT WATER,MANHATTAN,Closed
63591022,2025-01-01T08:30:27.000,2025-01-02T17:10:20.000,NYPD,Noise - Residential,BRONX,Closed
63587203,2025-01-01T08:30:42.000,2025-01-02T17:10:20.000,NYPD,Noise - Residential,BRONX,Closed
63593496,2025-01-01T08:31:05.000,2025-01-02T17:12:02.000,NYPD,Noise - Residential,BRONX,Closed
63591236,2025-01-01T08:31:17.000,2025-01-02T04:06:42.000,NYPD,Noise - Residential,BRONX,Closed
63593060,2025-01-01T08:31:23.000,2025-01-01T08:44:09.000,NYPD,Illegal Parking,BROOKLYN,Closed
63594926,2025-01-01T08:31:29.000,2025-01-02T17:12:04.000,NYPD,Noise - Residential,BRONX,Closed
63593255,2025-01-01T08:31:34.000,2025-01-04T13:11:20.000,DSNY,Dirty Condition,QUEENS,Closed
63586026,2025-01-01T08:31:43.000,2025-01-02T17:04:34.000,NYPD,Noise - Residential,BRONX,Closed
63586519,2025-01-01T08:31:58.000,2025-01-01T08:45:31.000,NYPD,Blocked Driveway,BROOKLYN,Closed
63591090,2025-01-01T08:32:03.000,2025-01-01T08:58:43.000,NYPD,Noise - Residential,STATEN ISLAND,Closed
63589976,2025-01-01T08:32:17.000,2025-01-02T17:08:30.000,NYPD,Noise - Residential,BRONX,Closed
63590084,2025-01-01T08:32:22.000,2025-01-01T19:14:04.000,NYPD,Noise - Vehicle,BRONX,Closed
63594793,2025-01-01T08:32:22.000,2025-01-02T17:07:44.000,NYPD,Noise - Residential,BRONX,Closed
63591855,2025-01-01T08:32:26.000,2025-01-01T09:54:34.000,NYPD,Illegal Parking,BRONX,Closed
63592819,2025-01-01T08:32:46.000,2025-01-04T16:31:01.000,HPD,PLUMBING,STATEN ISLAND,Closed
63595515,2025-01-01T08:32:46.000,2025-01-04T16:31:01.000,HPD,PLUMBING,STATEN ISLAND,Closed
63594053,2025-01-01T08:32:46.000,2025-01-04T16:31:01.000,HPD,UNSANITARY CONDITION,STATEN ISLAND,Closed
63592793,2025-01-01T08:32:46.000,2025-01-04T16:31:01.000,HPD,PAINT/PLASTER,STATEN ISLAND,Closed
63586518,2025-01-01T08:32:46.000,2025-01-04T16:31:01.000,HPD,ELECTRIC,STATEN ISLAND,Closed
63593899,2025-01-01T08:32:46.000,2025-01-03T09:27:32.000,HPD,HEAT/HOT WATER,STATEN ISLAND,Closed
63595057,2025-01-01T08:32:46.000,2025-01-04T16:31:01.000,HPD,GENERAL,STATEN ISLAND,Closed
63589505,2025-01-01T08:32:47.000,2025-01-02T06:02:22.000,NYPD,Noise - Residential,BRONX,Closed
63594036,2025-01-01T08:32:47.000,2025-01-05T15:06:23.000,HPD,PLUMBING,BROOKLYN,Closed
63595406,2025-01-01T08:32:52.000,2025-01-01T13:09:03.000,NYPD,Blocked Driveway,BROOKLYN,Closed
63588993,2025-01-01T08:32:55.000,2025-01-01T13:33:50.000,NYPD,Abandoned Vehicle,QUEENS,Closed
63589397,2025-01-01T08:33:00.000,2025-01-02T17:10:20.000,NYPD,Noise - Residential,BRONX,Closed
63594792,2025-01-01T08:33:04.000,2025-01-02T17:07:42.000,NYPD,Noise - Residential,BRONX,Closed
63595367,2025-01-01T08:33:17.000,2025-01-01T09:31:49.000,NYPD,Illegal Parking,QUEENS,Closed
63590979,2025-01-01T08:33:38.000,2025-01-02T17:06:07.000,NYPD,Noise - Residential,BRONX,Closed
63590808,2025-01-01T08:33:52.000,2025-01-02T17:07:39.000,NYPD,Noise - Residential,BRONX,Closed
63589233,2025-01-01T08:34:06.000,2025-01-01T12:02:57.000,NYPD,Illegal Parking,BRONX,Closed
63591086,2025-01-01T08:34:16.000,2025-01-02T17:02:51.000,NYPD,Noise - Residential,BRONX,Closed
63586775,2025-01-01T08:34:21.000,2025-01-01T09:31:43.000,NYPD,Illegal Parking,BROOKLYN,Closed
63590887,2025-01-01T08:34:40.000,2025-01-02T17:10:20.000,NYPD,Noise - Residential,BRONX,Closed
63590407,2025-01-01T08:34:50.000,2025-01-01T20:17:31.000,NYPD,Abandoned Vehicle,BROOKLYN,Closed
63594455,2025-01-01T08:34:54.000,2025-01-02T17:02:48.000,NYPD,Noise - Residential,BRONX,Closed
63588783,2025-01-01T08:35:15.000,2025-01-01T22:56:56.000,NYPD,Noise - House of Worship,QUEENS,Closed
63585988,2025-01-01T08:35:27.000,2025-01-02T17:04:34.000,NYPD,Noise - Residential,BRONX,Closed
63591159,2025-01-01T08:35:32.000,2025-01-02T17:06:09.000,NYPD,Noise - Residential,BRONX,Closed
63586993,2025-01-01T08:35:44.000,2025-01-02T06:50:09.000,DSNY,Dirty Condition,MANHATTAN,Closed
63590251,2025-01-01T08:35:48.000,2025-01-03T11:26:34.000,HPD,HEAT/HOT WATER,BRONX,Closed
63586572,2025-01-01T08:35:51.000,2025-01-02T13:04:38.000,HPD,HEAT/HOT WATER,MANHATTAN,Closed
63590398,2025-01-01T08:35:56.000,2025-01-01T08:44:51.000,NYPD,Abandoned Vehicle,BROOKLYN,Closed
63595271,2025-01-01T08:36:05.000,2025-01-12T14:52:09.000,HPD,UNSANITARY CONDITION,QUEENS,Closed
63595079,2025-01-01T08:36:05.000,2025-01-03T20:37:11.000,HPD,HEAT/HOT WATER,QUEENS,Closed
63590807,2025-01-01T08:36:11.000,2025-01-02T17:07:39.000,NYPD,Noise - Residential,BRONX,Closed
63588379,2025-01-01T08:36:15.000,2025-01-02T17:06:08.000,NYPD,Noise - Residential,BRONX,Closed
63595086,2025-01-01T08:36:40.000,2025-01-02T00:11:05.000,HPD,HEAT/HOT WATER,MANHATTAN,Closed
63588413,2025-01-01T08:36:47.000,2025-01-01T09:07:08.000,NYPD,Illegal Parking,BROOKLYN,Closed
63589780,2025-01-01T08:36:49.000,2025-01-02T17:08:30.000,NYPD,Noise - Residential,BRONX,Closed
63588274,2025-01-01T08:37:02.000,2025-01-02T17:10:20.000,NYPD,Noise - Residential,BRONX,Closed
63590316,2025-01-01T08:37:02.000,2025-01-01T08:45:05.000,NYPD,Abandoned Vehicle,BROOKLYN,Closed
63590006,2025-01-01T08:37:23.000,2025-01-01T08:56:02.000,NYPD,Noise - Residential,BRONX,Closed
63589574,2025-01-01T08:37:27.000,2025-01-02T17:10:20.000,NYPD,Noise - Residential,BRONX,Closed
63586505,2025-01-01T08:37:43.000,2025-01-01T16:39:24.000,NYPD,Blocked Driveway,QUEENS,Closed
63593376,2025-01-01T08:37:50.000,2025-01-02T17:04:34.000,NYPD,Noise - Residential,BRONX,Closed
63586181,2025-01-01T08:38:06.000,2025-01-02T17:12:03.000,NYPD,Noise - Residential,BRONX,Closed
63592389,2025-01-01T08:38:37.000,2025-01-02T17:12:04.000,NYPD,Noise - Residential,BRONX,Closed
63588997,2025-01-01T08:38:40.000,2025-01-01T08:44:38.000,NYPD,Abandoned Vehicle,BROOKLYN,Closed
63593375,2025-01-01T08:38:43.000,2025-01-02T17:04:32.000,NYPD,Noise - Residential,BRONX,Closed
63593821,2025-01-01T08:39:10.000,2025-01-01T09:17:52.000,NYPD,Noise - Street/Sidewalk,QUEENS,Closed
63587725,2025-01-01T08:39:11.000,2025-01-02T18:56:45.000,HPD,HEAT/HOT WATER,QUEENS,Closed
63588751,2025-01-01T08:39:12.000,2025-01-01T16:22:47.000,NYPD,Noise - Residential,BROOKLYN,Closed
63590891,2025-01-01T08:39:21.000,2025-01-02T17:07:46.000,NYPD,Noise - Residential,BRONX,Closed
63586064,2025-01-01T08:39:25.000,2025-01-02T17:06:08.000,NYPD,Noise - Residential,BRONX,Closed
63586639,2025-01-01T08:39:27.000,2025-01-02T19:00:48.000,HPD,HEAT/HOT WATER,QUEENS,Closed
63590408,2025-01-01T08:39:43.000,2025-01-01T08:44:25.000,NYPD,Abandoned Vehicle,BROOKLYN,Closed
63592359,2025-01-01T08:39:59.000,2025-01-02T17:12:03.000,NYPD,Noise - Residential,BRONX,Closed
63588669,2025-01-01T08:40:10.000,2025-01-01T19:13:49.000,NYPD,Noise - Residential,BRONX,Closed
63591130,2025-01-01T08:40:13.000,2025-01-02T17:12:03.000,NYPD,Noise - Residential,BRONX,Closed
63590769,2025-01-01T08:40:15.000,2025-01-02T05:54:23.000,NYPD,Noise - Residential,BRONX,Closed
63593292,2025-01-01T08:40:37.000,2025-01-02T17:02:48.000,NYPD,Noise - Residential,BRONX,Closed
63589109,2025-01-01T08:40:47.000,2025-01-01T15:25:44.000,NYPD,Blocked Driveway,MANHATTAN,Closed
63586125,2025-01-01T08:41:00.000,2025-01-02T17:12:06.000,NYPD,Noise - Residential,BRONX,Closed
63589418,2025-01-01T08:41:15.000,2025-01-02T17:02:47.000,NYPD,Noise - Residential,BRONX,Closed
63586103,2025-01-01T08:41:37.000,2025-01-01T08:44:10.000,NYPD,Abandoned Vehicle,BROOKLYN,Closed
63588807,2025-01-01T08:41:38.000,2025-01-01T20:24:07.000,NYPD,Noise - Street/Sidewalk,QUEENS,Closed
63587409,2025-01-01T08:41:48.000,2025-01-02T17:06:08.000,NYPD,Noise - Residential,BRONX,Closed
63593074,2025-01-01T08:41:49.000,2025-01-01T14:49:52.000,NYPD,Illegal Parking,BROOKLYN,Closed
63591859,2025-01-01T08:41:54.000,2025-01-02T07:18:49.000,DOHMH,Rodent,MANHATTAN,Closed
63588273,2025-01-01T08:41:54.000,2025-01-02T17:10:20.000,NYPD,Noise - Residential,BRONX,Closed
63591369,2025-01-01T08:42:07.000,2025-01-04T17:18:27.000,HPD,FLOORING/STAIRS,BRONX,Closed
63586671,2025-01-01T08:42:07.000,2025-01-04T17:18:27.000,HPD,PAINT/PLASTER,BRONX,Closed
63588125,2025-01-01T08:42:07.000,2025-01-04T17:18:27.000,HPD,DOOR/WINDOW,BRONX,Closed
63592817,2025-01-01T08:42:07.000,2025-01-04T17:18:27.000,HPD,PLUMBING,BRONX,Closed
63594045,2025-01-01T08:42:07.000,2025-01-04T17:18:27.000,HPD,UNSANITARY CONDITION,BRONX,Closed
63588932,2025-01-01T08:42:08.000,2025-01-03T13:12:22.000,HPD,HEAT/HOT WATER,BRONX,Closed
63591484,2025-01-01T08:42:10.000,2025-01-02T19:32:44.000,HPD,HEAT/HOT WATER,BROOKLYN,Closed
63589172,2025-01-01T08:42:10.000,2025-01-03T14:07:12.000,DSNY,Sanitation Worker or Vehicle Complaint,QUEENS,Closed
63592716,2025-01-01T08:42:10.000,2025-01-02T21:35:37.000,HPD,HEAT/HOT WATER,BROOKLYN,Closed
63586408,2025-01-01T08:42:13.000,2025-01-01T08:53:32.000,NYPD,Noise - Residential,MANHATTAN,Closed
63587741,2025-01-01T08:42:14.000,2025-01-02T19:32:44.000,HPD,HEAT/HOT WATER,BROOKLYN,Closed
63592318,2025-01-01T08:42:32.000,2025-01-02T17:12:03.000,NYPD,Noise - Residential,BRONX,Closed
63588815,2025-01-01T08:42:32.000,2025-01-01T09:22:39.000,NYPD,Noise - Vehicle,STATEN ISLAND,Closed
63590835,2025-01-01T08:42:35.000,2025-01-02T17:06:09.000,NYPD,Noise - Residential,BRONX,Closed
63586157,2025-01-01T08:43:10.000,2025-01-02T17:12:01.000,NYPD,Noise - Residential,BRONX,Closed
63592089,2025-01-01T08:43:23.000,2025-01-02T17:02:47.000,NYPD,Noise - Residential,BRONX,Closed
63586873,2025-01-01T08:43:38.000,2025-01-01T10:23:01.000,NYPD,Illegal Parking,BROOKLYN,Closed
63587364,2025-01-01T08:43:48.000,2025-01-02T17:12:03.000,NYPD,Noise - Residential,BRONX,Closed
63589476,2025-01-01T08:44:10.000,2025-01-02T17:04:30.000,NYPD,Noise - Residential,BRONX,Closed
63587389,2025-01-01T08:44:26.000,2025-01-02T17:12:02.000,NYPD,Noise - Residential,BRONX,Closed
63588034,2025-01-01T08:44:33.000,2025-01-01T09:46:32.000,NYPD,Illegal Parking,BRONX,Closed
63590364,2025-01-01T08:44:42.000,2025-01-01T12:31:19.000,NYPD,Blocked Driveway,BROOKLYN,Closed
63588645,2025-01-01T08:44:58.000,2025-01-02T17:04:32.000,NYPD,Noise - Residential,BRONX,Closed
63590834,2025-01-01T08:45:04.000,2025-01-02T17:06:05.000,NYPD,Noise - Residential,BRONX,Closed
63591808,2025-01-01T08:45:08.000,2025-02-28T20:53:09.000,HPD,UNSANITARY CONDITION,BRONX,Closed
63591373,2025-01-01T08:45:08.000,2025-02-28T20:53:09.000,HPD,GENERAL,BRONX,Closed
63591417,2025-01-01T08:45:30.000,2025-01-03T14:02:00.000,HPD,HEAT/HOT WATER,BRONX,Closed
63587453,2025-01-01T08:45:42.000,2025-01-02T17:08:26.000,NYPD,Noise - Residential,BRONX,Closed
63594431,2025-01-01T08:45:45.000,2025-01-02T17:07:41.000,NYPD,Noise - Residential,BRONX,Closed
63590433,2025-01-01T08:45:46.000,2025-01-01T08:46:15.000,NYPD,Illegal Parking,BROOKLYN,Closed
63588169,2025-01-01T08:46:20.000,2025-01-02T17:10:20.000,NYPD,Noise - Residential,BRONX,Closed
63588644,2025-01-01T08:46:33.000,2025-01-02T17:04:35.000,NYPD,Noise - Residential,BRONX,Closed
63594159,2025-01-01T08:46:42.000,2025-01-01T08:48:19.000,NYPD,Illegal Parking,BROOKLYN,Closed
63586170,2025-01-01T08:46:59.000,2025-01-02T17:08:30.000,NYPD,Noise - Residential,BRONX,Closed
63589924,2025-01-01T08:47:21.000,2025-01-02T17:04:32.000,NYPD,Noise - Residential,BRONX,Closed
63591690,2025-01-01T08:47:34.000,2025-01-01T11:46:29.000,NYPD,Illegal Parking,BROOKLYN,Closed
63590680,2025-01-01T08:47:34.000,2025-01-02T07:18:49.000,DOHMH,Rodent,MANHATTAN,Closed
63589779,2025-01-01T08:47:37.000,2025-01-02T17:08:24.000,NYPD,Noise - Residential,BRONX,Closed
63587479,2025-01-01T08:47:59.000,2025-01-01T19:07:44.000,NYPD,Noise - Park,MANHATTAN,Closed
63587689,2025-01-01T08:48:07.000,2025-01-02T15:03:04.000,HPD,HEAT/HOT WATER,BRONX,Closed
63587188,2025-01-01T08:48:08.000,2025-01-02T17:08:33.000,NYPD,Noise - Residential,BRONX,Closed
63593980,2025-01-01T08:48:08.000,2025-02-28T20:53:09.000,HPD,PAINT/PLASTER,BRONX,Closed
63586610,2025-01-01T08:48:10.000,2025-01-02T19:54:08.000,HPD,HEAT/HOT WATER,BROOKLYN,Closed
63585959,2025-01-01T08:48:15.000,2025-01-02T17:02:48.000,NYPD,Noise - Residential,BRONX,Closed
63586313,2025-01-01T08:48:29.000,2025-01-01T16:32:42.000,NYPD,Noise - Residential,BROOKLYN,Closed
63591385,2025-01-01T08:48:31.000,2025-01-03T14:02:00.000,HPD,HEAT/HOT WATER,BRONX,Closed
63591687,2025-01-01T08:48:45.000,2025-01-01T09:57:41.000,NYPD,Illegal Parking,BROOKLYN,Closed
63592678,2025-01-01T08:48:52.000,2025-01-02T20:33:19.000,HPD,HEAT/HOT WATER,BROOKLYN,Closed
63593418,2025-01-01T08:48:53.000,2025-01-02T17:02:47.000,NYPD,Noise - Residential,BRONX,Closed
63585915,2025-01-01T08:48:56.000,2025-01-02T17:02:47.000,NYPD,Noise - Residential,BRONX,Closed
63586756,2025-01-01T08:49:03.000,2025-01-01T11:18:50.000,NYPD,Illegal Parking,BROOKLYN,Closed
63594699,2025-01-01T08:49:31.000,2025-01-02T17:02:48.000,NYPD,Noise - Residential,BRONX,Closed
63589103,2025-01-01T08:49:35.000,2025-01-01T10:46:00.000,NYPD,Illegal Parking,QUEENS,Closed
63594576,2025-01-01T08:49:43.000,2025-01-02T17:08:25.000,NYPD,Noise - Residential,BRONX,Closed
63586727,2025-01-01T08:49:45.000,2025-01-01T12:56:44.000,NYPD,Illegal Parking,BROOKLYN,Closed
63592339,2025-01-01T08:50:09.000,2025-01-02T17:04:33.000,NYPD,Noise - Residential,BRONX,Closed
63587115,2025-01-01T08:50:31.000,2025-01-02T17:10:20.000,NYPD,Noise - Residential,BRONX,Closed
63591695,2025-01-01T08:50:36.000,2025-01-01T09:02:52.000,NYPD,Illegal Parking,BROOKLYN,Closed
63589139,2025-01-01T08:50:46.000,2025-01-02T14:11:31.000,NYPD,Abandoned Vehicle,QUEENS,Closed
63594511,2025-01-01T08:50:47.000,2025-01-02T17:10:20.000,NYPD,Noise - Residential,BRONX,Closed
63593154,2025-01-01T08:50:53.000,2025-01-02T08:54:37.000,DSNY,Illegal Dumping,QUEENS,Closed
63592997,2025-01-01T08:50:59.000,2025-01-01T09:23:07.000,NYPD,Illegal Parking,BROOKLYN,Closed
63591353,2025-01-01T08:51:08.000,2025-05-15T07:15:58.000,HPD,ELECTRIC,QUEENS,Closed
63588489,2025-01-01T08:51:18.000,2025-01-02T17:12:03.000,NYPD,Noise - Residential,BRONX,Closed
63591105,2025-01-01T08:51:26.000,2025-01-02T17:08:29.000,NYPD,Noise - Residential,BRONX,Closed
63593637,2025-01-01T08:52:04.000,2025-01-02T17:12:08.000,NYPD,Noise - Residential,BRONX,Closed
63592029,2025-01-01T08:52:06.000,2025-01-02T17:07:45.000,NYPD,Noise - Residential,BRONX,Closed
63595343,2025-01-01T08:52:13.000,2025-01-01T10:13:43.000,NYPD,Illegal Parking,QUEENS,Closed
63590003,2025-01-01T08:52:15.000,2025-01-01T13:57:47.000,NYPD,Noise - Residential,BRONX,Closed
63586476,2025-01-01T08:52:17.000,2025-01-01T10:56:46.000,NYPD,Blocked Driveway,QUEENS,Closed
63591928,2025-01-01T08:52:44.000,2025-01-02T17:07:44.000,NYPD,Noise - Residential,BRONX,Closed
63593471,2025-01-01T08:52:54.000,2025-01-02T17:08:32.000,NYPD,Noise - Residential,BRONX,Closed
63590317,2025-01-01T08:53:26.000,2025-01-01T09:12:35.000,NYPD,Abandoned Vehicle,QUEENS,Closed
63590890,2025-01-01T08:53:41.000,2025-01-02T17:07:41.000,NYPD,Noise - Residential,BRONX,Closed
63587263,2025-01-01T08:53:58.000,2025-01-02T17:04:30.000,NYPD,Noise - Residential,BRONX,Closed
63592796,2025-01-01T08:54:11.000,2025-01-16T18:15:19.000,HPD,PAINT/PLASTER,BRONX,Closed
63592868,2025-01-01T08:54:11.000,2025-01-16T18:15:19.000,HPD,UNSANITARY CONDITION,BRONX,Closed
63591370,2025-01-01T08:54:11.000,2025-01-16T18:15:19.000,HPD,DOOR/WINDOW,BRONX,Closed
63590155,2025-01-01T08:54:11.000,2025-01-16T18:15:19.000,HPD,FLOORING/STAIRS,BRONX,Closed
63592667,2025-01-01T08:54:11.000,2025-01-02T15:10:01.000,HPD,HEAT/HOT WATER,BRONX,Closed
63590354,2025-01-01T08:54:11.000,2025-01-16T18:15:19.000,HPD,PAINT/PLASTER,BRONX,Closed
63591378,2025-01-01T08:54:11.000,2025-01-16T18:15:19.000,HPD,GENERAL,BRONX,Closed
63586844,2025-01-01T08:54:11.000,2025-01-16T18:15:19.000,HPD,PLUMBING,BRONX,Closed
63590249,2025-01-01T08:54:17.000,2025-01-02T16:43:09.000,HPD,HEAT/HOT WATER,MANHATTAN,Closed
63585646,2025-01-01T08:54:24.000,2025-01-01T12:20:00.000,NYPD,Illegal Parking,BROOKLYN,Closed
63591637,2025-01-01T08:54:27.000,2025-01-01T10:42:56.000,NYPD,Illegal Parking,MANHATTAN,Closed
63585972,2025-01-01T08:54:29.000,2025-01-02T17:10:20.000,NYPD,Noise - Residential,BRONX,Closed
63593442,2025-01-01T08:54:36.000,2025-01-02T17:08:25.000,NYPD,Noise - Residential,BRONX,Closed
63589209,2025-01-01T08:54:55.000,2025-01-01T12:49:18.000,NYPD,Illegal Parking,BRONX,Closed
63587895,2025-01-01T08:54:57.000,2025-01-01T09:19:21.000,NYPD,Illegal Parking,QUEENS,Closed
63586468,2025-01-01T08:55:13.000,2025-01-01T13:49:42.000,NYPD,Blocked Driveway,BROOKLYN,Closed
63585984,2025-01-01T08:55:14.000,2025-01-02T17:10:22.000,NYPD,Noise - Residential,BRONX,Closed
63594526,2025-01-01T08:55:16.000,2025-01-02T17:06:07.000,NYPD,Noise - Residential,BRONX,Closed
63587781,2025-01-01T08:55:19.000,2025-01-02T21:17:03.000,HPD,PAINT/PLASTER,BRONX,Closed
63588093,2025-01-01T08:55:19.000,2025-01-02T21:17:04.000,HPD,UNSANITARY CONDITION,BRONX,Closed
63594742,2025-01-01T08:55:20.000,2025-01-01T13:19:14.000,NYPD,Encampment,MANHATTAN,Closed
63590410,2025-01-01T08:55:33.000,2025-01-02T01:36:11.000,NYPD,Blocked Driveway,QUEENS,Closed
63589925,2025-01-01T08:55:52.000,2025-01-02T17:06:11.000,NYPD,Noise - Residential,BRONX,Closed
63598075,2025-01-01T08:56:00.000,2025-01-02T13:48:00.000,DSNY,Derelict Vehicles,BROOKLYN,Closed
63589994,2025-01-01T08:56:04.000,2025-01-02T17:12:03.000,NYPD,Noise - Residential,BRONX,Closed
63593822,2025-01-01T08:56:19.000,2025-01-01T09:05:49.000,NYPD,Noise - Street/Sidewalk,MANHATTAN,Closed
63587778,2025-01-01T08:56:21.000,2025-01-01T11:02:14.000,NYPD,Abandoned Vehicle,BROOKLYN,Closed
63610920,2025-01-01T08:56:22.000,2025-01-02T21:32:00.000,DOT,Street Condition,QUEENS,Closed
63588386,2025-01-01T08:56:30.000,2025-01-02T17:06:10.000,NYPD,Noise - Residential,BRONX,Closed
63590452,2025-01-01T08:56:44.000,2025-02-06T02:22:24.000,DSNY,Graffiti,BROOKLYN,Closed
63587335,2025-01-01T08:56:52.000,2025-01-02T17:08:29.000,NYPD,Noise - Residential,BRONX,Closed
63589916,2025-01-01T08:57:09.000,2025-01-02T17:10:22.000,NYPD,Noise - Residential,BRONX,Closed
63587801,2025-01-01T08:57:12.000,2025-01-03T17:06:27.000,HPD,HEAT/HOT WATER,MANHATTAN,Closed
63590654,2025-01-01T08:57:37.000,2025-01-25T08:39:31.000,DOHMH,Food Establishment,STATEN ISLAND,Closed
63587072,2025-01-01T08:57:39.000,2025-01-02T17:10:22.000,NYPD,Noise - Residential,BRONX,Closed
63592010,2025-01-01T08:57:47.000,2025-01-02T17:06:09.000,NYPD,Noise - Residential,BRONX,Closed
63612478,2025-01-01T08:57:58.000,2025-01-02T22:04:00.000,DOT,Street Condition,QUEENS,Closed
63585932,2025-01-01T08:58:25.000,2025-01-02T17:06:07.000,NYPD,Noise - Residential,BRONX,Closed
63586150,2025-01-01T08:58:26.000,2025-01-02T17:08:28.000,NYPD,Noise - Residential,BRONX,Closed
63587539,2025-01-01T08:58:37.000,2025-01-01T09:39:19.000,NYPD,Noise - Residential,QUEENS,Closed
63610917,2025-01-01T08:58:53.000,2025-01-02T22:28:00.000,DOT,Street Condition,QUEENS,Closed
63588037,2025-01-01T08:58:57.000,2025-01-01T13:53:23.000,NYPD,Illegal Parking,BRONX,Closed
63587156,2025-01-01T08:59:00.000,2025-01-01T11:20:00.000,DEP,Sewer,BROOKLYN,Closed
63586044,2025-01-01T08:59:03.000,2025-01-02T17:06:06.000,NYPD,Noise - Residential,BRONX,Closed
63593470,2025-01-01T08:59:14.000,2025-01-02T17:08:33.000,NYPD,Noise - Residential,BRONX,Closed
63586163,2025-01-01T08:59:14.000,2025-01-01T09:11:40.000,NYPD,Abandoned Vehicle,QUEENS,Closed
63588149,2025-01-01T08:59:18.000,2025-01-02T13:53:34.000,DSNY,Dirty Condition,BROOKLYN,Closed
63619856,2025-01-01T08:59:33.000,2025-01-02T00:07:00.000,DOT,Street Condition,QUEENS,Closed
63585838,2025-01-01T08:59:41.000,2025-01-02T17:07:44.000,NYPD,Noise - Residential,BRONX,Closed
63588122,2025-01-01T08:59:42.000,2025-01-02T07:18:49.000,DOHMH,Rodent,MANHATTAN,Closed
63594302,2025-01-01T08:59:46.000,2025-01-01T12:30:45.000,NYPD,Illegal Parking,BROOKLYN,Closed
63595415,2025-01-01T09:00:00.000,2025-01-02T23:50:00.000,DOT,Street Light Condition,MANHATTAN,Closed
63587262,2025-01-01T09:00:02.000,2025-01-02T17:04:33.000,NYPD,Noise - Residential,BRONX,Closed
63612395,2025-01-01T09:00:12.000,2025-01-02T00:42:00.000,DOT,Street Condition,QUEENS,Closed
63586604,2025-01-01T09:00:14.000,2025-01-03T16:20:11.000,HPD,HEAT/HOT WATER,QUEENS,Closed
63594801,2025-01-01T09:00:19.000,2025-01-02T17:10:22.000,NYPD,Noise - Residential,BRONX,Closed
63591555,2025-01-01T09:00:28.000,2025-01-01T09:15:13.000,NYPD,Blocked Driveway,QUEENS,Closed
63593939,2025-01-01T09:00:36.000,2025-01-03T12:20:46.000,HPD,HEAT/HOT WATER,BRONX,Closed
63587116,2025-01-01T09:00:49.000,2025-01-02T17:07:44.000,NYPD,Noise - Residential,BRONX,Closed
63588677,2025-01-01T09:00:57.000,2025-01-02T17:08:25.000,NYPD,Noise - Residential,BRONX,Closed
63588800,2025-01-01T09:00:59.000,2025-01-01T09:10:09.000,NYPD,Noise - Street/Sidewalk,MANHATTAN,Closed
63592958,2025-01-01T09:01:04.000,2025-01-01T10:07:59.000,NYPD,Illegal Parking,BROOKLYN,Closed
63612321,2025-01-01T09:01:17.000,2025-01-02T01:13:00.000,DOT,Street Condition,QUEENS,Closed
63593713,2025-01-01T09:01:18.000,2025-01-01T17:02:00.000,NYPD,Noise - Residential,BRONX,Closed
63590657,2025-01-01T09:01:35.000,2025-01-02T14:10:10.000,DSNY,Dirty Condition,BROOKLYN,Closed
63588009,2025-01-01T09:01:36.000,2025-01-01T09:22:14.000,NYPD,Illegal Parking,STATEN ISLAND,Closed
63587254,2025-01-01T09:01:36.000,2025-01-02T17:12:03.000,NYPD,Noise - Residential,BRONX,Closed
63593562,2025-01-01T09:01:37.000,2025-01-02T17:04:33.000,NYPD,Noise - Residential,BRONX,Closed
63590816,2025-01-01T09:02:00.000,2025-01-01T09:19:00.000,DEP,Water System,BROOKLYN,Closed
63593603,2025-01-01T09:02:14.000,2025-01-02T17:08:29.000,NYPD,Noise - Residential,BRONX,Closed
63589163,2025-01-01T09:02:20.000,2025-01-01T09:45:01.000,NYPD,Blocked Driveway,QUEENS,Closed
63593573,2025-01-01T09:02:24.000,2025-01-02T17:04:31.000,NYPD,Noise - Residential,BRONX,Closed
63586419,2025-01-01T09:02:31.000,2025-01-01T09:33:25.000,NYPD,Non-Emergency Police Matter,QUEENS,Closed
63593591,2025-01-01T09:02:52.000,2025-01-02T17:08:27.000,NYPD,Noise - Residential,BRONX,Closed
63594838,2025-01-01T09:03:12.000,2025-01-02T17:04:30.000,NYPD,Noise - Residential,BRONX,Closed
63590183,2025-01-01T09:03:14.000,2025-01-02T15:10:01.000,HPD,HEAT/HOT WATER,BRONX,Closed
63592651,2025-01-01T09:03:14.000,2025-01-27T07:34:19.000,HPD,FLOORING/STAIRS,BRONX,Closed
63589626,2025-01-01T09:03:14.000,2025-01-27T07:34:19.000,HPD,DOOR/WINDOW,BRONX,Closed
63593983,2025-01-01T09:03:17.000,2025-01-01T12:09:42.000,HPD,HEAT/HOT WATER,QUEENS,Closed
63594086,2025-01-01T09:03:28.000,2025-01-18T13:45:44.000,HPD,WATER LEAK,BROOKLYN,Closed
63586093,2025-01-01T09:03:30.000,2025-01-02T17:08:33.000,NYPD,Noise - Residential,BRONX,Closed
63590233,2025-01-01T09:03:41.000,2025-01-04T10:13:55.000,HPD,HEAT/HOT WATER,MANHATTAN,Closed
63593100,2025-01-01T09:03:58.000,2025-01-02T01:37:41.000,NYPD,Illegal Parking,BROOKLYN,Closed
63586010,2025-01-01T09:03:59.000,2025-01-02T17:06:10.000,NYPD,Noise - Residential,BRONX,Closed
63590833,2025-01-01T09:04:08.000,2025-01-02T17:06:08.000,NYPD,Noise - Residential,BRONX,Closed
63587876,2025-01-01T09:04:17.000,2025-01-01T12:08:08.000,NYPD,Illegal Parking,QUEENS,Closed
63594379,2025-01-01T09:04:34.000,2025-01-02T07:18:49.000,DOHMH,Rodent,MANHATTAN,Closed
63594830,2025-01-01T09:04:46.000,2025-01-02T17:07:44.000,NYPD,Noise - Residential,BRONX,Closed
63592273,2025-01-01T09:04:48.000,2025-01-02T17:10:22.000,NYPD,Noise - Residential,BRONX,Closed
63594299,2025-01-01T09:04:52.000,2025-01-01T12:49:37.000,NYPD,Illegal Parking,BROOKLYN,Closed
63591678,2025-01-01T09:05:03.000,2025-01-01T11:11:07.000,NYPD,Blocked Driveway,QUEENS,Closed
63587469,2025-01-01T09:05:24.000,2025-01-02T17:12:04.000,NYPD,Noise - Residential,BRONX,Closed
63587253,2025-01-01T09:05:35.000,2025-01-02T17:12:06.000,NYPD,Noise - Residential,BRONX,Closed
63592025,2025-01-01T09:05:42.000,2025-05-21T15:19:33.000,EDC,Noise - Helicopter,MANHATTAN,Closed
63585914,2025-01-01T09:06:02.000,2025-01-02T17:02:48.000,NYPD,Noise - Residential,BRONX,Closed
63588205,2025-01-01T09:06:06.000,2025-01-02T16:27:51.000,NYPD,Illegal Parking,BRONX,Closed
63592203,2025-01-01T09:06:22.000,2025-01-02T17:06:11.000,NYPD,Noise - Residential,BRONX,Closed
63588961,2025-01-01T09:06:39.000,2025-01-02T00:38:31.000,HPD,HEAT/HOT WATER,BROOKLYN,Closed
63591085,2025-01-01T09:06:41.000,2025-01-02T17:02:49.000,NYPD,Noise - Residential,BRONX,Closed
63590399,2025-01-01T09:06:43.000,2025-01-01T09:36:02.000,NYPD,Illegal Parking,BROOKLYN,Closed
63591364,2025-01-01T09:06:48.000,2025-01-26T05:04:08.000,HPD,APPLIANCE,MANHATTAN,Closed
63589313,2025-01-01T09:06:51.000,2025-01-06T13:36:29.000,HPD,PLUMBING,BROOKLYN,Closed
63592739,2025-01-01T09:06:59.000,2025-01-03T14:33:08.000,HPD,HEAT/HOT WATER,QUEENS,Closed
63594887,2025-01-01T09:07:10.000,2025-01-02T17:12:05.000,NYPD,Noise - Residential,BRONX,Closed
63595449,2025-01-01T09:07:14.000,2025-01-01T09:30:51.000,NYPD,Illegal Parking,MANHATTAN,Closed
63592356,2025-01-01T09:07:19.000,2025-01-02T17:12:04.000,NYPD,Noise - Residential,BRONX,Closed
63586726,2025-01-01T09:07:45.000,2025-01-01T21:53:28.000,NYPD,Illegal Parking,QUEENS,Closed
63594524,2025-01-01T09:07:57.000,2025-01-02T17:06:07.000,NYPD,Noise - Residential,BRONX,Closed
63592388,2025-01-01T09:07:57.000,2025-01-02T17:12:02.000,NYPD,Noise - Residential,BRONX,Closed
63594444,2025-01-01T09:08:00.000,2025-01-01T09:08:00.000,DEP,Water System,MANHATTAN,Closed
63594575,2025-01-01T09:08:35.000,2025-01-02T17:08:24.000,NYPD,Noise - Residential,BRONX,Closed
63594837,2025-01-01T09:08:45.000,2025-01-02T17:04:32.000,NYPD,Noise - Residential,BRONX,Closed
63591705,2025-01-01T09:08:48.000,2025-01-01T09:21:02.000,NYPD,Illegal Parking,MANHATTAN,Closed
63591125,2025-01-01T09:09:13.000,2025-01-02T17:07:39.000,NYPD,Noise - Residential,BRONX,Closed
63588728,2025-01-01T09:09:21.000,2025-05-30T18:15:58.000,TLC,For Hire Vehicle Complaint,MANHATTAN,Closed
63593618,2025-01-01T09:09:30.000,2025-01-01T09:52:56.000,NYPD,Encampment,MANHATTAN,Closed
63592291,2025-01-01T09:09:32.000,2025-01-02T17:06:10.000,NYPD,Noise - Residential,BRONX,Closed
63588504,2025-01-01T09:09:36.000,2025-05-21T15:19:34.000,EDC,Noise - Helicopter,STATEN ISLAND,Closed
63590213,2025-01-01T09:09:42.000,2025-01-02T16:44:56.000,HPD,HEAT/HOT WATER,BROOKLYN,Closed
63595159,2025-01-01T09:09:42.000,2025-01-02T16:44:56.000,HPD,PLUMBING,BROOKLYN,Closed
63590767,2025-01-01T09:09:51.000,2025-01-02T17:02:50.000,NYPD,Noise - Residential,BRONX,Closed
63591492,2025-01-01T09:09:52.000,2025-01-03T19:15:23.000,HPD,HEAT/HOT WATER,MANHATTAN,Closed
63594195,2025-01-01T09:10:12.000,2025-01-01T09:54:08.000,NYPD,Blocked Driveway,STATEN ISLAND,Closed
63594722,2025-01-01T09:10:20.000,2025-01-02T17:02:49.000,NYPD,Noise - Residential,BRONX,Closed
63593532,2025-01-01T09:10:29.000,2025-01-02T17:10:22.000,NYPD,Noise - Residential,BRONX,Closed
63585754,2025-01-01T09:11:00.000,2025-01-01T09:15:00.000,DOT,Traffic Signal Condition,BROOKLYN,Closed
63590550,2025-01-01T09:11:06.000,2025-01-01T18:16:09.000,NYPD,Illegal Parking,BROOKLYN,Closed
63588097,2025-01-01T09:11:06.000,2025-01-08T15:20:58.000,HPD,UNSANITARY CONDITION,BRONX,Closed
63592338,2025-01-01T09:11:07.000,2025-01-02T17:04:33.000,NYPD,Noise - Residential,BRONX,Closed
63589871,2025-01-01T09:11:08.000,2025-01-02T17:02:48.000,NYPD,Noise - Residential,BRONX,Closed
63590180,2025-01-01T09:11:09.000,2025-01-01T17:08:17.000,DOHMH,Indoor Air Quality,MANHATTAN,Closed
63587716,2025-01-01T09:11:11.000,2025-01-03T13:30:45.000,HPD,HEAT/HOT WATER,BRONX,Closed
63591992,2025-01-01T09:11:32.000,2025-01-01T13:35:12.000,NYPD,Illegal Parking,BRONX,Closed
63593222,2025-01-01T09:11:41.000,2025-01-01T11:58:01.000,NYPD,Illegal Parking,QUEENS,Closed
63593636,2025-01-01T09:11:45.000,2025-01-02T17:12:03.000,NYPD,Noise - Residential,BRONX,Closed
63589087,2025-01-01T09:11:47.000,2025-01-02T00:00:00.000,DOB,General Construction/Plumbing,BROOKLYN,Closed
63593590,2025-01-01T09:11:55.000,2025-01-02T17:08:36.000,NYPD,Noise - Residential,BRONX,Closed
63588121,2025-01-01T09:12:23.000,2025-01-02T07:18:49.000,DOHMH,Rodent,MANHATTAN,Closed
63589446,2025-01-01T09:12:24.000,2025-01-02T17:07:43.000,NYPD,Noise - Residential,BRONX,Closed
63593159,2025-01-01T09:12:26.000,2025-01-01T09:49:32.000,NYPD,Illegal Parking,QUEENS,Closed
63592834,2025-01-01T09:12:42.000,2025-01-01T16:33:00.000,NYPD,Illegal Parking,BROOKLYN,Closed
63589709,2025-01-01T09:12:43.000,2025-01-02T17:06:10.000,NYPD,Noise - Residential,BRONX,Closed
63593571,2025-01-01T09:13:02.000,2025-01-02T17:06:07.000,NYPD,Noise - Residential,BRONX,Closed
63593958,2025-01-01T09:13:03.000,2025-01-03T10:25:06.000,HPD,HEAT/HOT WATER,BRONX,Closed
63586583,2025-01-01T09:13:04.000,2025-01-03T11:35:27.000,HPD,HEAT/HOT WATER,MANHATTAN,Closed
63591450,2025-01-01T09:13:05.000,2025-01-02T00:38:31.000,HPD,HEAT/HOT WATER,BROOKLYN,Closed
63594363,2025-01-01T09:13:21.000,2025-01-02T07:11:33.000,DOHMH,Rodent,MANHATTAN,Closed
63591621,2025-01-01T09:13:22.000,2025-01-01T09:28:53.000,NYPD,Illegal Parking,BROOKLYN,Closed
63587970,2025-01-01T09:13:22.000,2025-01-01T13:51:35.000,NYPD,Illegal Parking,QUEENS,Closed
63594267,2025-01-01T09:13:25.000,2025-01-01T09:51:35.000,NYPD,Illegal Parking,QUEENS,Closed
63593685,2025-01-01T09:13:30.000,2025-01-02T17:12:06.000,NYPD,Noise - Residential,BRONX,Closed
63593284,2025-01-01T09:13:40.000,2025-01-02T17:02:48.000,NYPD,Noise - Residential,BRONX,Closed
63587582,2025-01-01T09:13:53.000,2025-01-01T22:58:30.000,NYPD,Noise - Residential,QUEENS,Closed
63590507,2025-01-01T09:13:53.000,2025-01-01T13:50:15.000,NYPD,Illegal Parking,BROOKLYN,Closed
63593151,2025-01-01T09:14:00.000,2025-01-03T13:45:00.000,DEP,Sewer,BRONX,Closed
63593294,2025-01-01T09:14:03.000,2025-01-02T13:09:18.000,TLC,Lost Property,MANHATTAN,Closed
63589095,2025-01-01T09:14:13.000,2025-01-01T16:47:57.000,NYPD,Blocked Driveway,BROOKLYN,Closed
63588262,2025-01-01T09:14:18.000,2025-01-02T17:10:23.000,NYPD,Noise - Residential,BRONX,Closed
63594523,2025-01-01T09:14:18.000,2025-01-02T17:06:08.000,NYPD,Noise - Residential,BRONX,Closed
63588118,2025-01-01T09:14:26.000,2025-01-01T09:40:37.000,NYPD,Illegal Parking,BROOKLYN,Closed
63595327,2025-01-01T09:14:38.000,2025-01-01T12:48:25.000,NYPD,Illegal Parking,BROOKLYN,Closed
63591665,2025-01-01T09:14:51.000,2025-01-01T10:31:52.000,NYPD,Illegal Parking,BRONX,Closed
63589482,2025-01-01T09:14:56.000,2025-01-10T21:23:42.000,DOHMH,Food Establishment,MANHATTAN,Closed
63588518,2025-01-01T09:14:56.000,2025-01-02T17:08:33.000,NYPD,Noise - Residential,BRONX,Closed
63588208,2025-01-01T09:15:01.000,2025-01-02T03:56:45.000,NYPD,Illegal Parking,QUEENS,Closed
63590849,2025-01-01T09:15:05.000,2025-01-02T17:10:22.000,NYPD,Noise - Residential,BRONX,Closed
63594089,2025-01-01T09:15:06.000,2025-01-01T10:29:50.000,NYPD,Blocked Driveway,QUEENS,Closed
63594525,2025-01-01T09:15:34.000,2025-01-02T17:04:33.000,NYPD,Noise - Residential,BRONX,Closed
63589776,2025-01-01T09:15:53.000,2025-01-02T17:08:31.000,NYPD,Noise - Residential,BRONX,Closed
63599439,2025-01-01T09:16:00.000,2025-01-03T11:48:00.000,DSNY,Derelict Vehicles,QUEENS,Closed
63589993,2025-01-01T09:16:12.000,2025-01-02T17:12:05.000,NYPD,Noise - Residential,BRONX,Closed
63593684,2025-01-01T09:16:41.000,2025-01-02T17:12:06.000,NYPD,Noise - Residential,BRONX,Closed
63587258,2025-01-01T09:16:51.000,2025-01-02T17:06:11.000,NYPD,Noise - Residential,BRONX,Closed
63592233,2025-01-01T09:17:28.000,2025-01-02T17:06:10.000,NYPD,Noise - Residential,BRONX,Closed
63593374,2025-01-01T09:17:29.000,2025-01-02T17:04:34.000,NYPD,Noise - Residential,BRONX,Closed
63591846,2025-01-01T09:17:47.000,2025-01-02T13:35:38.000,DSNY,Dirty Condition,QUEENS,Closed
63590282,2025-01-01T09:17:48.000,2025-01-06T00:00:00.000,DOB,Boilers,MANHATTAN,Closed
63592337,2025-01-01T09:17:55.000,2025-01-02T13:08:04.000,DOT,Street Condition,QUEENS,Closed
63587054,2025-01-01T09:18:07.000,2025-01-02T17:10:22.000,NYPD,Noise - Residential,BRONX,Closed
63594832,2025-01-01T09:18:16.000,2025-01-02T17:06:09.000,NYPD,Noise - Residential,BRONX,Closed
63587386,2025-01-01T09:18:19.000,2025-01-09T13:05:21.000,DOT,Sidewalk Condition,STATEN ISLAND,Closed
63590271,2025-01-01T09:18:21.000,2025-01-01T14:25:41.000,NYPD,Abandoned Vehicle,BRONX,Closed
63593156,2025-01-01T09:18:30.000,2025-01-01T11:58:21.000,NYPD,Illegal Parking,QUEENS,Closed
63588582,2025-01-01T09:18:45.000,2025-01-02T17:02:49.000,NYPD,Noise - Residential,BRONX,Closed
63589813,2025-01-01T09:19:03.000,2025-01-02T17:10:22.000,NYPD,Noise - Residential,BRONX,Closed
63591513,2025-01-01T09:19:04.000,2025-01-07T13:09:26.000,HPD,PAINT/PLASTER,MANHATTAN,Closed
63591389,2025-01-01T09:19:04.000,2025-01-02T16:46:59.000,HPD,HEAT/HOT WATER,MANHATTAN,Closed
63590315,2025-01-01T09:19:04.000,2025-01-07T14:29:59.000,HPD,PLUMBING,MANHATTAN,Closed
63591864,2025-01-01T09:19:04.000,2025-01-07T14:29:59.000,HPD,APPLIANCE,MANHATTAN,Closed
63590142,2025-01-01T09:19:04.000,2025-01-07T13:09:26.000,HPD,FLOORING/STAIRS,MANHATTAN,Closed
63594021,2025-01-01T09:19:04.000,2025-01-07T13:09:26.000,HPD,UNSANITARY CONDITION,MANHATTAN,Closed
63589302,2025-01-01T09:19:04.000,2025-01-07T13:09:26.000,HPD,UNSANITARY CONDITION,MANHATTAN,Closed
63593878,2025-01-01T09:19:04.000,2025-01-07T13:09:26.000,HPD,ELECTRIC,MANHATTAN,Closed
63590559,2025-01-01T09:19:08.000,2025-01-01T18:41:40.000,NYPD,Illegal Parking,QUEENS,Closed
63592346,2025-01-01T09:19:23.000,2025-01-02T17:08:31.000,NYPD,Noise - Residential,BRONX,Closed
63588674,2025-01-01T09:19:51.000,2025-01-02T17:08:27.000,NYPD,Noise - Residential,BRONX,Closed
63595425,2025-01-01T09:20:00.000,2025-01-01T10:15:00.000,DOT,Traffic Signal Condition,BRONX,Closed
63588545,2025-01-01T09:20:01.000,2025-01-02T17:12:04.000,NYPD,Noise - Residential,BRONX,Closed
63588855,2025-01-01T09:20:06.000,2025-01-01T09:45:10.000,NYPD,Encampment,MANHATTAN,Closed
63591849,2025-01-01T09:20:38.000,2025-01-01T09:56:33.000,NYPD,Illegal Parking,BROOKLYN,Closed
63594799,2025-01-01T09:20:38.000,2025-01-02T17:07:41.000,NYPD,Noise - Residential,BRONX,Closed
63587293,2025-01-01T09:20:39.000,2025-01-02T17:04:34.000,NYPD,Noise - Residential,BRONX,Closed
63587252,2025-01-01T09:21:18.000,2025-01-02T17:12:05.000,NYPD,Noise - Residential,BRONX,Closed
63592108,2025-01-01T09:21:26.000,2025-01-02T17:04:32.000,NYPD,Noise - Residential,BRONX,Closed
63588361,2025-01-01T09:21:34.000,2025-01-02T13:23:01.000,DSNY,Dirty Condition,QUEENS,Closed
63589165,2025-01-01T09:21:55.000,2025-01-01T10:08:00.000,NYPD,Blocked Driveway,QUEENS,Closed
63586148,2025-01-01T09:21:56.000,2025-01-02T17:08:31.000,NYPD,Noise - Residential,BRONX,Closed
63586613,2025-01-01T09:22:06.000,2025-01-03T09:25:47.000,HPD,HEAT/HOT WATER,BROOKLYN,Closed
63590469,2025-01-01T09:22:07.000,2025-01-01T09:52:21.000,NYPD,Blocked Driveway,QUEENS,Closed
63588485,2025-01-01T09:22:13.000,2025-01-02T17:10:21.000,NYPD,Noise - Residential,BRONX,Closed
63592859,2025-01-01T09:22:19.000,2025-01-01T09:52:39.000,NYPD,Abandoned Vehicle,QUEENS,Closed
63587697,2025-01-01T09:22:23.000,2025-01-02T15:12:07.000,HPD,HEAT/HOT WATER,BRONX,Closed
63592820,2025-01-01T09:22:23.000,2025-05-19T08:11:47.000,HPD,SAFETY,BRONX,Closed
63594033,2025-01-01T09:22:23.000,2025-05-19T08:11:47.000,HPD,SAFETY,BRONX,Closed
63586090,2025-01-01T09:22:34.000,2025-01-02T17:08:26.000,NYPD,Noise - Residential,BRONX,Closed
63592765,2025-01-01T09:22:39.000,2025-01-02T17:42:08.000,HPD,HEAT/HOT WATER,QUEENS,Closed
63591242,2025-01-01T09:22:52.000,2025-01-01T13:37:59.000,NYPD,Noise - Residential,QUEENS,Closed
63593482,2025-01-01T09:23:01.000,2025-01-02T17:02:49.000,NYPD,Noise - Residential,BRONX,Closed
63589082,2025-01-01T09:23:09.000,2025-01-01T09:44:07.000,NYPD,Illegal Parking,QUEENS,Closed
63587468,2025-01-01T09:23:12.000,2025-01-02T17:12:08.000,NYPD,Noise - Residential,BRONX,Closed
63594282,2025-01-01T09:23:18.000,2025-01-01T12:34:42.000,NYPD,Illegal Parking,BRONX,Closed
63586420,2025-01-01T09:23:32.000,2025-01-01T10:06:08.000,NYPD,Non-Emergency Police Matter,QUEENS,Closed
63590632,2025-01-01T09:23:43.000,2025-01-03T13:42:04.000,DSNY,Dirty Condition,BROOKLYN,Closed
63588427,2025-01-01T09:23:49.000,2025-01-02T17:12:05.000,NYPD,Noise - Residential,BRONX,Closed
63588400,2025-01-01T09:23:50.000,2025-01-02T17:08:35.000,NYPD,Noise - Residential,BRONX,Closed
63586806,2025-01-01T09:23:52.000,2025-01-01T13:24:12.000,NYPD,Illegal Parking,BROOKLYN,Closed
63587432,2025-01-01T09:24:07.000,2025-01-01T10:05:37.000,NYPD,Noise - Residential,QUEENS,Closed
63589999,2025-01-01T09:24:28.000,2025-01-02T17:10:22.000,NYPD,Noise - Residential,BRONX,Closed
63587077,2025-01-01T09:24:36.000,2025-01-02T17:06:10.000,NYPD,Noise - Residential,BRONX,Closed
63589775,2025-01-01T09:24:45.000,2025-01-01T12:40:08.000,NYPD,Noise - Residential,BROOKLYN,Closed
63594040,2025-01-01T09:24:49.000,2025-03-19T17:00:16.000,DOT,Bench,BROOKLYN,Closed
63587910,2025-01-01T09:25:06.000,2025-01-01T12:46:52.000,NYPD,Illegal Parking,BROOKLYN,Closed
63593635,2025-01-01T09:25:06.000,2025-01-02T17:12:04.000,NYPD,Noise - Residential,BRONX,Closed
63586696,2025-01-01T09:25:19.000,2025-01-01T10:20:40.000,NYPD,Illegal Parking,MANHATTAN,Closed
63592330,2025-01-01T09:25:24.000,2025-01-02T17:08:28.000,NYPD,Noise - Residential,BRONX,Closed
63588905,2025-01-01T09:25:33.000,2025-01-01T19:03:24.000,HPD,HEAT/HOT WATER,QUEENS,Closed
63591601,2025-01-01T09:25:37.000,2025-01-01T23:17:22.000,NYPD,Abandoned Vehicle,BRONX,Closed
63587251,2025-01-01T09:25:44.000,2025-01-02T17:12:04.000,NYPD,Noise - Residential,BRONX,Closed
63593112,2025-01-01T09:25:46.000,2025-05-19T08:11:47.000,HPD,UNSANITARY CONDITION,BRONX,Closed
63588071,2025-01-01T09:25:46.000,2025-05-19T08:11:47.000,HPD,SAFETY,BRONX,Closed
63592686,2025-01-01T09:25:46.000,2025-01-02T15:12:07.000,HPD,HEAT/HOT WATER,BRONX,Closed
63591360,2025-01-01T09:25:46.000,2025-05-19T08:11:47.000,HPD,DOOR/WINDOW,BRONX,Closed
63594008,2025-01-01T09:25:46.000,2025-05-19T08:11:47.000,HPD,SAFETY,BRONX,Closed
63587102,2025-01-01T09:26:00.000,2025-01-01T09:26:00.000,DEP,Water System,BROOKLYN,Closed
63589846,2025-01-01T09:26:00.000,2025-01-01T13:25:00.000,DEP,Sewer,BROOKLYN,Closed
63590463,2025-01-01T09:26:06.000,2025-01-01T10:00:38.000,NYPD,Illegal Parking,BROOKLYN,Closed
63590245,2025-01-01T09:26:08.000,2025-01-02T20:36:21.000,HPD,HEAT/HOT WATER,BRONX,Closed
63592180,2025-01-01T09:26:11.000,2025-01-02T17:08:31.000,NYPD,Noise - Residential,BRONX,Closed
63591322,2025-01-01T09:26:17.000,2025-01-01T09:59:36.000,NYPD,Noise - Street/Sidewalk,MANHATTAN,Closed
63588724,2025-01-01T09:26:22.000,2025-07-21T08:28:27.000,TLC,Taxi Complaint,Unspecified,Closed
63593492,2025-01-01T09:26:22.000,2025-01-02T17:12:03.000,NYPD,Noise - Residential,BRONX,Closed
63594977,2025-01-01T09:26:23.000,2025-01-01T11:43:32.000,NYPD,Noise - Residential,BRONX,Closed
63593676,2025-01-01T09:26:59.000,2025-01-02T17:10:22.000,NYPD,Noise - Residential,BRONX,Closed
63589541,2025-01-01T09:27:01.000,2025-01-02T17:08:34.000,NYPD,Noise - Residential,BRONX,Closed
63590396,2025-01-01T09:27:24.000,2025-01-01T11:22:55.000,NYPD,Abandoned Vehicle,QUEENS,Closed
63586410,2025-01-01T09:27:39.000,2025-01-01T12:47:09.000,NYPD,Noise - Residential,MANHATTAN,Closed
63594831,2025-01-01T09:27:39.000,2025-01-02T17:06:11.000,NYPD,Noise - Residential,BRONX,Closed
63595397,2025-01-01T09:27:39.000,2025-01-01T10:44:32.000,NYPD,Blocked Driveway,QUEENS,Closed
63590766,2025-01-01T09:27:46.000,2025-01-02T17:02:49.000,NYPD,Noise - Residential,BRONX,Closed
63591148,2025-01-01T09:28:17.000,2025-01-02T17:04:35.000,NYPD,Noise - Residential,BRONX,Closed
63590660,2025-01-01T09:28:27.000,2025-01-02T11:15:09.000,DSNY,Dirty Condition,MANHATTAN,Closed
63589895,2025-01-01T09:28:34.000,2025-01-02T17:07:42.000,NYPD,Noise - Residential,BRONX,Closed
63588913,2025-01-01T09:28:52.000,2025-01-03T10:25:06.000,HPD,HEAT/HOT WATER,BRONX,Closed
63590201,2025-01-01T09:28:53.000,2025-01-02T12:32:33.000,HPD,HEAT/HOT WATER,BROOKLYN,Closed
63593561,2025-01-01T09:28:55.000,2025-01-02T17:04:35.000,NYPD,Noise - Residential,BRONX,Closed
63587668,2025-01-01T09:29:03.000,2025-01-02T19:27:16.000,HPD,HEAT/HOT WATER,BRONX,Closed
63592950,2025-01-01T09:29:09.000,2025-01-01T21:53:55.000,NYPD,Illegal Parking,QUEENS,Closed
63594221,2025-01-01T09:29:19.000,2025-01-01T14:29:08.000,NYPD,Blocked Driveway,BRONX,Closed
63590810,2025-01-01T09:29:22.000,2025-01-02T17:07:47.000,NYPD,Noise - Residential,BRONX,Closed
63586244,2025-01-01T09:29:31.000,2025-01-01T12:00:00.000,NYPD,Noise - Vehicle,BROOKLYN,Closed
63586140,2025-01-01T09:29:33.000,2025-01-02T17:08:26.000,NYPD,Noise - Residential,BRONX,Closed
63595040,2025-01-01T09:29:51.000,2025-01-01T10:39:44.000,NYPD,Noise - Street/Sidewalk,MANHATTAN,Closed
63590123,2025-01-01T09:30:02.000,2025-01-01T10:44:56.000,NYPD,Noise - Street/Sidewalk,MANHATTAN,Closed
63589894,2025-01-01T09:30:09.000,2025-01-02T17:07:39.000,NYPD,Noise - Residential,BRONX,Closed
63587107,2025-01-01T09:30:11.000,2025-01-02T17:02:48.000,NYPD,Noise - Residential,BRONX,Closed
63591271,2025-01-01T09:30:22.000,2025-01-01T11:12:54.000,NYPD,Noise - Commercial,QUEENS,Closed
63586973,2025-01-01T09:30:49.000,2025-01-02T17:02:49.000,NYPD,Noise - Residential,BRONX,Closed
63593243,2025-01-01T09:30:57.000,2025-01-02T17:10:22.000,NYPD,Noise - Residential,BRONX,Closed
63594181,2025-01-01T09:31:07.000,2025-01-01T12:00:48.000,NYPD,Noise - Vehicle,BROOKLYN,Closed
63591083,2025-01-01T09:31:27.000,2025-01-02T17:02:54.000,NYPD,Noise - Residential,BRONX,Closed
63585870,2025-01-01T09:31:44.000,2025-01-02T17:07:43.000,NYPD,Noise - Residential,BRONX,Closed
63593745,2025-01-01T09:31:53.000,2025-01-01T15:24:14.000,NYPD,Noise - Residential,BRONX,Closed
63589046,2025-01-01T09:31:55.000,2025-01-02T20:36:21.000,HPD,HEAT/HOT WATER,BRONX,Closed
63595459,2025-01-01T09:31:58.000,2025-01-01T17:35:20.000,NYPD,Illegal Parking,QUEENS,Closed
63585812,2025-01-01T09:32:00.000,2025-01-03T04:10:00.000,DEP,Noise,QUEENS,Closed
63591036,2025-01-01T09:32:06.000,2025-01-02T17:06:06.000,NYPD,Noise - Residential,BRONX,Closed
63595325,2025-01-01T09:32:07.000,2025-01-01T14:23:29.000,NYPD,Illegal Parking,QUEENS,Closed
63588011,2025-01-01T09:32:23.000,2025-01-01T09:56:34.000,NYPD,Illegal Parking,BROOKLYN,Closed
63590934,2025-01-01T09:32:32.000,2025-01-02T17:02:49.000,NYPD,Noise - Residential,BRONX,Closed
63585781,2025-01-01T09:32:44.000,2025-01-02T17:10:22.000,NYPD,Noise - Residential,BRONX,Closed
63591538,2025-01-01T09:32:50.000,2025-01-03T00:00:00.000,DOB,Building/Use,QUEENS,Closed
63586802,2025-01-01T09:33:07.000,2025-01-01T10:48:45.000,NYPD,Illegal Parking,QUEENS,Closed
63587918,2025-01-01T09:33:09.000,2025-01-01T12:42:40.000,NYPD,Blocked Driveway,BROOKLYN,Closed
63589164,2025-01-01T09:33:18.000,2025-01-01T12:03:27.000,NYPD,Blocked Driveway,BRONX,Closed
63592071,2025-01-01T09:33:19.000,2025-01-02T17:07:41.000,NYPD,Noise - Residential,BRONX,Closed
63587967,2025-01-01T09:33:22.000,2025-01-01T12:19:21.000,NYPD,Illegal Parking,BROOKLYN,Closed
63588333,2025-01-01T09:33:22.000,2025-01-02T17:06:09.000,NYPD,Noise - Residential,BRONX,Closed
63589171,2025-01-01T09:33:42.000,2025-01-07T10:50:40.000,DSNY,Dead Animal,BRONX,Closed
63588863,2025-01-01T09:33:46.000,2025-01-01T10:17:27.000,NYPD,Panhandling,MANHATTAN,Closed
63588353,2025-01-01T09:34:00.000,2025-01-02T17:06:12.000,NYPD,Noise - Residential,BRONX,Closed
63586212,2025-01-01T09:34:07.000,2025-01-02T17:12:04.000,NYPD,Noise - Residential,BRONX,Closed
63589493,2025-01-01T09:34:19.000,2025-01-02T13:12:40.000,TLC,Lost Property,MANHATTAN,Closed
63588313,2025-01-01T09:34:38.000,2025-01-02T17:07:48.000,NYPD,Noise - Residential,BRONX,Closed
63594835,2025-01-01T09:34:55.000,2025-01-02T17:04:36.000,NYPD,Noise - Residential,BRONX,Closed
63587715,2025-01-01T09:34:56.000,2025-01-02T19:50:10.000,HPD,HEAT/HOT WATER,BROOKLYN,Closed
63585802,2025-01-01T09:34:59.000,2025-01-04T07:14:42.000,DOT,Highway Condition,MANHATTAN,Closed
63593189,2025-01-01T09:35:00.000,2025-02-23T13:34:00.000,DEP,Water System,QUEENS,Closed
63586630,2025-01-01T09:35:06.000,2025-01-02T19:53:05.000,HPD,HEAT/HOT WATER,BRONX,Closed
63595294,2025-01-01T09:35:07.000,2025-01-01T10:07:42.000,NYPD,Blocked Driveway,QUEENS,Closed
63588190,2025-01-01T09:35:13.000,2025-01-01T10:11:44.000,NYPD,Illegal Parking,BROOKLYN,Closed
63586484,2025-01-01T09:35:15.000,2025-01-01T09:54:25.000,NYPD,Blocked Driveway,QUEENS,Closed
63590848,2025-01-01T09:35:16.000,2025-01-02T17:10:22.000,NYPD,Noise - Residential,BRONX,Closed
63586627,2025-01-01T09:35:16.000,2025-01-02T13:44:53.000,HPD,HEAT/HOT WATER,BRONX,Closed
63592738,2025-01-01T09:35:38.000,2025-01-02T18:56:45.000,HPD,HEAT/HOT WATER,QUEENS,Closed
63590209,2025-01-01T09:35:40.000,2025-01-02T19:33:28.000,HPD,HEAT/HOT WATER,QUEENS,Closed
63593634,2025-01-01T09:35:42.000,2025-01-02T17:12:09.000,NYPD,Noise - Residential,BRONX,Closed
63594521,2025-01-01T09:35:54.000,2025-01-02T17:04:33.000,NYPD,Noise - Residential,BRONX,Closed
63591567,2025-01-01T09:36:04.000,2025-01-01T09:54:38.000,NYPD,Blocked Driveway,BRONX,Closed
63587984,2025-01-01T09:36:24.000,2025-01-01T16:18:37.000,NYPD,Illegal Parking,BROOKLYN,Closed
63594721,2025-01-01T09:36:30.000,2025-01-02T17:02:50.000,NYPD,Noise - Residential,BRONX,Closed
63593372,2025-01-01T09:36:33.000,2025-01-02T17:06:12.000,NYPD,Noise - Residential,BRONX,Closed
63594787,2025-01-01T09:37:11.000,2025-01-02T17:04:32.000,NYPD,Noise - Residential,BRONX,Closed
63591976,2025-01-01T09:37:17.000,2025-01-02T17:02:48.000,NYPD,Noise - Residential,BRONX,Closed
63587976,2025-01-01T09:37:21.000,2025-01-01T10:05:32.000,NYPD,Illegal Parking,QUEENS,Closed
63595218,2025-01-01T09:37:43.000,2025-01-03T14:10:32.000,DOT,Highway Condition,MANHATTAN,Closed
63587478,2025-01-01T09:37:49.000,2025-01-01T14:23:16.000,NYPD,Noise - Residential,BROOKLYN,Closed
63587449,2025-01-01T09:37:49.000,2025-01-02T17:08:30.000,NYPD,Noise - Residential,BRONX,Closed
63593122,2025-01-01T09:38:00.000,2025-01-09T18:15:00.000,DEP,Noise,BROOKLYN,Closed
63586736,2025-01-01T09:38:00.000,2025-01-01T19:35:00.000,DEP,Water System,BROOKLYN,Closed
63590878,2025-01-01T09:38:05.000,2025-01-02T17:08:29.000,NYPD,Noise - Residential,BRONX,Closed
63594581,2025-01-01T09:38:13.000,2025-01-01T09:38:13.000,DOHMH,Rodent,BRONX,Closed
63591816,2025-01-01T09:38:18.000,2025-02-06T06:18:21.000,HPD,WATER LEAK,BRONX,Closed
63589923,2025-01-01T09:38:27.000,2025-01-02T17:04:33.000,NYPD,Noise - Residential,BRONX,Closed
63588594,2025-01-01T09:38:42.000,2025-01-01T12:48:14.000,NYPD,Noise - Residential,MANHATTAN,Closed
63589606,2025-01-01T09:38:52.000,2025-01-02T17:07:43.000,NYPD,Noise - Residential,BRONX,Closed
63591663,2025-01-01T09:38:53.000,2025-01-04T10:15:29.000,DSNY,Illegal Dumping,MANHATTAN,Closed
63594070,2025-01-01T09:39:00.000,2025-01-01T10:30:00.000,DOT,Traffic Signal Condition,MANHATTAN,Closed
63590735,2025-01-01T09:39:05.000,2025-01-02T17:10:22.000,NYPD,Noise - Residential,BRONX,Closed
63591517,2025-01-01T09:39:22.000,2025-01-01T11:06:29.000,NYPD,Abandoned Vehicle,QUEENS,Closed
63590671,2025-01-01T09:39:38.000,2025-01-01T12:49:07.000,NYPD,Illegal Parking,BROOKLYN,Closed
63589613,2025-01-01T09:39:40.000,2025-01-02T17:07:40.000,NYPD,Noise - Residential,BRONX,Closed
63591147,2025-01-01T09:39:43.000,2025-01-02T17:04:36.000,NYPD,Noise - Residential,BRONX,Closed
63587492,2025-01-01T09:39:45.000,2025-01-01T12:37:53.000,NYPD,Noise - Residential,MANHATTAN,Closed
63588499,2025-01-01T09:39:58.000,2025-01-02T04:43:35.000,NYPD,Illegal Parking,QUEENS,Closed
63588399,2025-01-01T09:40:21.000,2025-01-02T17:08:34.000,NYPD,Noise - Residential,BRONX,Closed
63585719,2025-01-01T09:40:27.000,2025-01-02T17:10:22.000,NYPD,Noise - Residential,BRONX,Closed
63594309,2025-01-01T09:40:41.000,2025-01-02T12:14:54.000,DSNY,Obstruction,QUEENS,Closed
63592936,2025-01-01T09:40:59.000,2025-01-01T16:49:56.000,NYPD,Blocked Driveway,BROOKLYN,Closed
63593557,2025-01-01T09:40:59.000,2025-01-02T17:06:10.000,NYPD,Noise - Residential,BRONX,Closed
63592070,2025-01-01T09:41:00.000,2025-01-01T18:30:00.000,DEP,Water System,QUEENS,Closed
63585829,2025-01-01T09:41:00.000,2025-01-03T09:45:00.000,DEP,Noise,MANHATTAN,Closed
63588307,2025-01-01T09:41:15.000,2025-01-02T17:07:40.000,NYPD,Noise - Residential,BRONX,Closed
63587707,2025-01-01T09:41:18.000,2025-01-02T13:45:49.000,HPD,HEAT/HOT WATER,BRONX,Closed
63586643,2025-01-01T09:41:23.000,2025-01-02T14:31:54.000,HPD,HEAT/HOT WATER,MANHATTAN,Closed
63586852,2025-01-01T09:41:25.000,2025-08-06T12:28:07.000,HPD,UNSANITARY CONDITION,MANHATTAN,Closed
63588069,2025-01-01T09:41:28.000,2025-01-30T09:29:58.000,HPD,UNSANITARY CONDITION,MANHATTAN,Closed
63588894,2025-01-01T09:41:28.000,2025-01-03T11:36:31.000,HPD,HEAT/HOT WATER,MANHATTAN,Closed
63591812,2025-01-01T09:41:28.000,2025-01-30T09:29:58.000,HPD,WATER LEAK,MANHATTAN,Closed
63591387,2025-01-01T09:41:28.000,2025-01-03T11:36:52.000,HPD,HEAT/HOT WATER,MANHATTAN,Closed
63595292,2025-01-01T09:41:28.000,2025-01-21T08:06:02.000,HPD,UNSANITARY CONDITION,MANHATTAN,Closed
63589624,2025-01-01T09:41:37.000,2025-01-02T17:02:48.000,NYPD,Noise - Residential,BRONX,Closed
63595274,2025-01-01T09:41:42.000,2025-02-06T02:22:24.000,DSNY,Graffiti,MANHATTAN,Closed
63592290,2025-01-01T09:42:03.000,2025-01-02T17:04:33.000,NYPD,Noise - Residential,BRONX,Closed
63595456,2025-01-01T09:42:09.000,2025-01-01T12:58:14.000,NYPD,Illegal Parking,BROOKLYN,Closed
63593520,2025-01-01T09:42:16.000,2025-01-02T17:10:22.000,NYPD,Noise - Residential,BRONX,Closed
63588287,2025-01-01T09:42:50.000,2025-01-02T17:07:48.000,NYPD,Noise - Residential,BRONX,Closed
63594904,2025-01-01T09:42:54.000,2025-01-02T17:08:28.000,NYPD,Noise - Residential,BRONX,Closed
63607121,2025-01-01T09:43:00.000,2025-01-02T11:46:00.000,DSNY,Derelict Vehicles,BRONX,Closed
63594259,2025-01-01T09:43:24.000,2025-01-01T10:44:41.000,NYPD,Illegal Parking,BROOKLYN,Closed
63589718,2025-01-01T09:43:32.000,2025-01-02T17:06:09.000,NYPD,Noise - Residential,BRONX,Closed
63591632,2025-01-01T09:43:32.000,2025-01-01T16:48:48.000,NYPD,Illegal Parking,QUEENS,Closed
63586166,2025-01-01T09:43:38.000,2025-01-02T17:10:22.000,NYPD,Noise - Residential,BRONX,Closed
63592399,2025-01-01T09:43:49.000,2025-01-07T07:03:15.000,DOT,Street Condition,BRONX,Closed
63591317,2025-01-01T09:43:59.000,2025-01-01T11:24:43.000,NYPD,Noise - Residential,QUEENS,Closed
63590322,2025-01-01T09:44:00.000,2025-01-01T10:25:00.000,DOT,Traffic Signal Condition,QUEENS,Closed
63594555,2025-01-01T09:44:03.000,2025-01-02T06:56:24.000,DOT,Bus Stop Shelter Complaint,MANHATTAN,Closed
63589917,2025-01-01T09:44:10.000,2025-01-02T17:06:07.000,NYPD,Noise - Residential,BRONX,Closed
63594642,2025-01-01T09:44:25.000,2025-01-02T17:10:24.000,NYPD,Noise - Residential,BRONX,Closed
63595484,2025-01-01T09:44:35.000,2025-01-10T16:07:35.000,DCWP,Consumer Complaint,QUEENS,Closed
63590612,2025-01-01T09:44:37.000,2025-02-13T19:39:24.000,HPD,WATER LEAK,BRONX,Closed
63586513,2025-01-01T09:44:37.000,2025-02-13T19:39:24.000,HPD,ELECTRIC,BRONX,Closed
63593871,2025-01-01T09:44:37.000,2025-02-13T19:39:24.000,HPD,GENERAL,BRONX,Closed
63594208,2025-01-01T09:44:43.000,2025-01-01T13:27:15.000,NYPD,Blocked Driveway,BROOKLYN,Closed
63591146,2025-01-01T09:44:48.000,2025-01-02T17:04:34.000,NYPD,Noise - Residential,BRONX,Closed
63591618,2025-01-01T09:45:07.000,2025-01-01T10:36:10.000,NYPD,Illegal Parking,BRONX,Closed
63594468,2025-01-01T09:45:13.000,2025-01-02T17:02:50.000,NYPD,Noise - Residential,BRONX,Closed
63592593,2025-01-01T09:45:19.000,2025-01-01T16:50:12.000,NYPD,Noise - Residential,BROOKLYN,Closed
63594684,2025-01-01T09:45:27.000,2025-01-02T17:07:42.000,NYPD,Noise - Residential,BRONX,Closed
63590765,2025-01-01T09:46:00.000,2025-01-02T17:02:48.000,NYPD,Noise - Residential,BRONX,Closed
63591034,2025-01-01T09:46:04.000,2025-01-02T17:06:12.000,NYPD,Noise - Residential,BRONX,Closed
63591936,2025-01-01T09:46:20.000,2025-01-02T05:29:26.000,DSNY,Dirty Condition,QUEENS,Closed
63587075,2025-01-01T09:46:42.000,2025-01-02T17:06:10.000,NYPD,Noise - Residential,BRONX,Closed
63589768,2025-01-01T09:46:48.000,2025-01-02T17:08:30.000,NYPD,Noise - Residential,BRONX,Closed
63592638,2025-01-01T09:46:50.000,2025-01-01T10:05:24.000,NYPD,Non-Emergency Police Matter,QUEENS,Closed
63586457,2025-01-01T09:47:10.000,2025-01-01T10:09:39.000,NYPD,Noise - Street/Sidewalk,BROOKLYN,Closed
63585806,2025-01-01T09:47:21.000,2025-01-02T17:07:46.000,NYPD,Noise - Residential,BRONX,Closed
63587703,2025-01-01T09:47:29.000,2025-01-03T22:30:17.000,HPD,HEAT/HOT WATER,BROOKLYN,Closed
63588934,2025-01-01T09:47:31.000,2025-01-02T19:22:32.000,HPD,HEAT/HOT WATER,BRONX,Closed
63589983,2025-01-01T09:47:36.000,2025-01-02T17:10:23.000,NYPD,Noise - Residential,BRONX,Closed
63589824,2025-01-01T09:47:59.000,2025-01-02T17:07:46.000,NYPD,Noise - Residential,BRONX,Closed
63605265,2025-01-01T09:48:00.000,2025-01-02T13:44:00.000,DSNY,Derelict Vehicles,QUEENS,Closed
63590352,2025-01-01T09:48:11.000,2025-01-01T10:56:01.000,NYPD,Blocked Driveway,QUEENS,Closed
63590414,2025-01-01T09:48:12.000,2025-01-01T12:58:18.000,NYPD,Illegal Parking,BROOKLYN,Closed
63586730,2025-01-01T09:48:21.000,2025-01-01T10:55:48.000,NYPD,Illegal Parking,QUEENS,Closed
63588585,2025-01-01T09:48:23.000,2025-01-02T17:06:12.000,NYPD,Noise - Residential,BRONX,Closed
63593633,2025-01-01T09:48:37.000,2025-01-02T17:12:05.000,NYPD,Noise - Residential,BRONX,Closed
63594055,2025-01-01T09:48:50.000,2025-01-07T09:09:26.000,DOT,Outdoor Dining,MANHATTAN,Closed
63591181,2025-01-01T09:48:53.000,2025-01-01T13:24:07.000,NYPD,Noise - Residential,BRONX,Closed
63589856,2025-01-01T09:49:02.000,2025-01-08T09:12:31.000,DOT,Street Condition,BROOKLYN,Closed
63586760,2025-01-01T09:49:08.000,2025-01-01T12:44:42.000,NYPD,Illegal Parking,BROOKLYN,Closed
63589540,2025-01-01T09:49:11.000,2025-01-02T17:08:28.000,NYPD,Noise - Residential,BRONX,Closed
63587185,2025-01-01T09:49:15.000,2025-01-02T17:08:35.000,NYPD,Noise - Residential,BRONX,Closed
63587514,2025-01-01T09:49:30.000,2025-01-01T21:39:30.000,NYPD,Noise - Residential,QUEENS,Closed
63592107,2025-01-01T09:49:53.000,2025-01-02T17:04:32.000,NYPD,Noise - Residential,BRONX,Closed
63589539,2025-01-01T09:49:58.000,2025-01-02T17:08:26.000,NYPD,Noise - Residential,BRONX,Closed
63588474,2025-01-01T09:50:00.000,2025-01-07T13:10:00.000,DEP,Noise,BROOKLYN,Closed
63588124,2025-01-01T09:50:00.000,2025-01-02T08:30:00.000,DEP,Water System,STATEN ISLAND,Closed
63589697,2025-01-01T09:50:07.000,2025-01-01T16:42:33.000,NYPD,Illegal Parking,BRONX,Closed
63588376,2025-01-01T09:50:32.000,2025-01-02T17:04:34.000,NYPD,Noise - Residential,BRONX,Closed
63589336,2025-01-01T09:50:44.000,2025-01-03T06:57:11.000,DSNY,Dirty Condition,BRONX,Closed
63585913,2025-01-01T09:50:46.000,2025-01-02T17:02:48.000,NYPD,Noise - Residential,BRONX,Closed
63590445,2025-01-01T09:50:46.000,2025-01-01T11:24:03.000,NYPD,Illegal Parking,QUEENS,Closed
63592897,2025-01-01T09:50:53.000,2025-01-06T00:00:00.000,DOB,Emergency Response Team (ERT),BROOKLYN,Closed
63589044,2025-01-01T09:51:00.000,2025-04-01T12:31:00.000,DOT,Street Light Condition,Unspecified,Closed
63590922,2025-01-01T09:51:09.000,2025-01-02T17:10:24.000,NYPD,Noise - Residential,BRONX,Closed
63612481,2025-01-01T09:51:21.000,2025-01-02T20:50:00.000,DOT,Street Condition,QUEENS,Closed
63595446,2025-01-01T09:51:22.000,2025-01-01T11:23:28.000,NYPD,Illegal Parking,MANHATTAN,Closed
63592168,2025-01-01T09:51:33.000,2025-01-02T17:08:38.000,NYPD,Noise - Residential,BRONX,Closed
63589111,2025-01-01T09:51:39.000,2025-01-01T11:30:58.000,NYPD,Blocked Driveway,BROOKLYN,Closed
63592043,2025-01-01T09:51:47.000,2025-01-02T17:08:34.000,NYPD,Noise - Residential,BRONX,Closed
63601521,2025-01-01T09:52:00.000,2025-01-02T05:07:00.000,DSNY,Derelict Vehicles,BRONX,Closed
63589028,2025-01-01T09:52:15.000,2025-01-01T10:11:58.000,NYPD,Blocked Driveway,QUEENS,Closed
63592166,2025-01-01T09:52:21.000,2025-01-02T17:08:33.000,NYPD,Noise - Residential,BRONX,Closed
63587307,2025-01-01T09:52:21.000,2025-01-02T08:29:57.000,DOT,Street Condition,QUEENS,Closed
63613980,2025-01-01T09:52:22.000,2025-01-02T21:15:00.000,DOT,Street Condition,QUEENS,Closed
63589091,2025-01-01T09:52:24.000,2025-01-01T11:25:20.000,NYPD,Illegal Parking,BRONX,Closed
63588480,2025-01-01T09:52:26.000,2025-01-02T17:10:23.000,NYPD,Noise - Residential,BRONX,Closed
63592877,2025-01-01T09:52:33.000,2025-01-01T10:31:04.000,NYPD,Blocked Driveway,QUEENS,Closed
63594333,2025-01-01T09:53:00.000,2025-02-03T16:00:00.000,DEP,Noise,BROOKLYN,Closed
63594475,2025-01-01T09:53:04.000,2025-01-02T17:06:08.000,NYPD,Noise - Residential,BRONX,Closed
63588182,2025-01-01T09:53:09.000,2025-01-02T17:08:33.000,NYPD,Noise - Residential,BRONX,Closed
63612382,2025-01-01T09:53:16.000,2025-01-02T21:25:00.000,DOT,Street Condition,QUEENS,Closed
63594025,2025-01-01T09:53:28.000,2025-01-16T19:15:23.000,HPD,PAINT/PLASTER,MANHATTAN,Closed
63594820,2025-01-01T09:53:28.000,2025-01-01T12:30:19.000,NYPD,Noise - Residential,BRONX,Closed
63588931,2025-01-01T09:53:29.000,2025-01-03T14:34:16.000,HPD,HEAT/HOT WATER,BROOKLYN,Closed
63592661,2025-01-01T09:53:33.000,2025-02-05T20:13:51.000,HPD,GENERAL,MANHATTAN,Closed
63592808,2025-01-01T09:53:33.000,2025-02-05T20:13:51.000,HPD,PLUMBING,MANHATTAN,Closed
63590138,2025-01-01T09:53:33.000,2025-01-03T20:34:49.000,HPD,ELECTRIC,BROOKLYN,Closed
63588864,2025-01-01T09:53:33.000,2025-02-05T20:13:51.000,HPD,FLOORING/STAIRS,MANHATTAN,Closed
63590327,2025-01-01T09:53:33.000,2025-01-02T17:24:41.000,HPD,HEAT/HOT WATER,BROOKLYN,Closed
63591380,2025-01-01T09:53:33.000,2025-01-07T15:44:00.000,HPD,GENERAL,BROOKLYN,Closed
63594014,2025-01-01T09:53:33.000,2025-02-05T20:13:51.000,HPD,PAINT/PLASTER,MANHATTAN,Closed
63594009,2025-01-01T09:53:33.000,2025-02-05T20:13:51.000,HPD,UNSANITARY CONDITION,MANHATTAN,Closed
63590228,2025-01-01T09:53:35.000,2025-01-02T17:42:08.000,HPD,HEAT/HOT WATER,QUEENS,Closed
63587167,2025-01-01T09:53:42.000,2025-01-02T17:06:11.000,NYPD,Noise - Residential,BRONX,Closed
63588557,2025-01-01T09:53:56.000,2025-01-02T17:10:23.000,NYPD,Noise - Residential,BRONX,Closed
63592165,2025-01-01T09:54:20.000,2025-01-02T17:08:29.000,NYPD,Noise - Residential,BRONX,Closed
63589198,2025-01-01T09:54:30.000,2025-01-01T11:25:39.000,NYPD,Illegal Parking,BRONX,Closed
63587405,2025-01-01T09:54:36.000,2025-01-02T08:32:49.000,DOT,Street Condition,QUEENS,Closed
63587632,2025-01-01T09:54:37.000,2025-01-01T11:05:42.000,NYPD,Noise - Residential,BRONX,Closed
63590553,2025-01-01T09:54:39.000,2025-01-01T10:41:39.000,NYPD,Illegal Parking,QUEENS,Closed
63588699,2025-01-01T09:54:44.000,2025-01-02T17:12:05.000,NYPD,Noise - Residential,BRONX,Closed
63586072,2025-01-01T09:54:57.000,2025-01-01T11:56:49.000,NYPD,Abandoned Vehicle,BRONX,Closed
63589922,2025-01-01T09:54:58.000,2025-01-02T17:04:34.000,NYPD,Noise - Residential,BRONX,Closed
63594305,2025-01-01T09:55:18.000,2025-01-02T08:17:06.000,DSNY,Dirty Condition,MANHATTAN,Closed
63589101,2025-01-01T09:55:22.000,2025-01-01T11:53:53.000,NYPD,Blocked Driveway,BRONX,Closed
63619941,2025-01-01T09:55:26.000,2025-01-02T21:35:00.000,DOT,Street Condition,QUEENS,Closed
63592365,2025-01-01T09:55:31.000,2025-01-02T17:10:23.000,NYPD,Noise - Residential,BRONX,Closed
63593299,2025-01-01T09:55:35.000,2025-01-03T15:47:23.000,DOHMH,Rodent,QUEENS,Closed
63589475,2025-01-01T09:55:36.000,2025-01-02T17:04:33.000,NYPD,Noise - Residential,BRONX,Closed
63593076,2025-01-01T09:55:37.000,2025-01-02T13:11:18.000,DSNY,Dead Animal,BROOKLYN,Closed
63588799,2025-01-01T09:55:45.000,2025-01-01T11:50:40.000,NYPD,Noise - Street/Sidewalk,BROOKLYN,Closed
63591838,2025-01-01T09:56:00.000,2025-01-03T14:21:00.000,DEP,Lead,BROOKLYN,Closed
63586895,2025-01-01T09:56:00.000,2025-01-03T07:45:00.000,DEP,Noise,BROOKLYN,Closed
63591619,2025-01-01T09:56:02.000,2025-01-01T13:08:12.000,NYPD,Illegal Parking,QUEENS,Closed
63612363,2025-01-01T09:56:03.000,2025-01-02T21:55:00.000,DOT,Street Condition,QUEENS,Closed
63589105,2025-01-01T09:56:06.000,2025-01-01T11:09:15.000,NYPD,Illegal Parking,BROOKLYN,Closed
63594125,2025-01-01T09:56:08.000,2025-01-01T11:01:35.000,NYPD,Illegal Parking,BROOKLYN,Closed
63585791,2025-01-01T09:56:14.000,2025-01-02T17:07:43.000,NYPD,Noise - Residential,BRONX,Closed
63592106,2025-01-01T09:56:19.000,2025-01-02T17:04:32.000,NYPD,Noise - Residential,BRONX,Closed
63592769,2025-01-01T09:56:26.000,2025-01-03T13:32:36.000,HPD,HEAT/HOT WATER,BRONX,Closed
63593796,2025-01-01T09:56:33.000,2025-01-01T12:30:24.000,NYPD,Noise - Residential,BRONX,Closed
63594119,2025-01-01T09:56:39.000,2025-01-01T11:00:49.000,NYPD,Illegal Parking,BROOKLYN,Closed
63585986,2025-01-01T09:56:52.000,2025-01-02T17:04:33.000,NYPD,Noise - Residential,BRONX,Closed
63594425,2025-01-01T09:57:06.000,2025-01-02T17:07:45.000,NYPD,Noise - Residential,BRONX,Closed
63595200,2025-01-01T09:57:07.000,2025-01-02T16:16:22.000,HPD,PAINT/PLASTER,QUEENS,Closed
63615315,2025-01-01T09:57:23.000,2025-01-02T22:40:00.000,DOT,Street Condition,QUEENS,Closed
63589567,2025-01-01T09:57:31.000,2025-01-02T17:12:06.000,NYPD,Noise - Residential,BRONX,Closed
63590953,2025-01-01T09:57:33.000,2025-01-02T16:04:47.000,DPR,Maintenance or Facility,MANHATTAN,Closed
63586894,2025-01-01T09:57:34.000,2025-01-24T15:10:52.000,DPR,Maintenance or Facility,BRONX,Closed
63590022,2025-01-01T09:57:47.000,2025-01-01T12:30:36.000,NYPD,Noise - Residential,BRONX,Closed
63594697,2025-01-01T09:57:54.000,2025-01-02T17:02:49.000,NYPD,Noise - Residential,BRONX,Closed
63589566,2025-01-01T09:58:09.000,2025-01-02T17:12:08.000,NYPD,Noise - Residential,BRONX,Closed
63615430,2025-01-01T09:58:11.000,2025-01-02T23:00:00.000,DOT,Street Condition,QUEENS,Closed
63590129,2025-01-01T09:58:18.000,2025-01-01T10:18:14.000,NYPD,Non-Emergency Police Matter,MANHATTAN,Closed
63591940,2025-01-01T09:58:26.000,2025-01-03T14:47:07.000,DSNY,Illegal Dumping,BRONX,Closed
63593760,2025-01-01T09:58:35.000,2025-01-01T10:29:58.000,NYPD,Noise - Residential,BROOKLYN,Closed
63592196,2025-01-01T09:58:41.000,2025-01-02T17:06:11.000,NYPD,Noise - Residential,BRONX,Closed
63616884,2025-01-01T09:58:44.000,2025-01-03T10:34:00.000,DOT,Street Condition,QUEENS,Closed
63594454,2025-01-01T09:58:47.000,2025-01-02T17:02:49.000,NYPD,Noise - Residential,BRONX,Closed
63594164,2025-01-01T09:58:51.000,2025-01-01T14:30:29.000,NYPD,Illegal Parking,BRONX,Closed
63590647,2025-01-01T09:59:00.000,2025-01-01T11:20:00.000,DEP,Sewer,QUEENS,Closed
63587845,2025-01-01T09:59:08.000,2025-01-01T12:27:50.000,NYPD,Blocked Driveway,BROOKLYN,Closed
63593791,2025-01-01T09:59:10.000,2025-01-01T10:46:45.000,NYPD,Noise - Residential,BROOKLYN,Closed
63589893,2025-01-01T09:59:13.000,2025-01-02T01:37:35.000,NYPD,Noise - Residential,BRONX,Closed
63585605,2025-01-01T09:59:20.000,2025-01-02T04:03:37.000,DSNY,Dirty Condition,BRONX,Closed
63587467,2025-01-01T09:59:25.000,2025-01-02T17:12:07.000,NYPD,Noise - Residential,BRONX,Closed
63621455,2025-01-01T09:59:26.000,2025-01-03T10:34:00.000,DOT,Street Condition,QUEENS,Closed
63590941,2025-01-01T09:59:29.000,2025-01-02T17:04:34.000,NYPD,Noise - Residential,BRONX,Closed
63590862,2025-01-01T09:59:35.000,2025-01-02T13:43:56.000,DSNY,Dirty Condition,QUEENS,Closed
63585622,2025-01-01T09:59:37.000,2025-01-02T04:03:39.000,DSNY,Dirty Condition,BRONX,Closed
63592407,2025-01-01T09:59:50.000,2025-01-01T14:23:45.000,NYPD,Noise - Residential,QUEENS,Closed
63587811,2025-01-01T10:00:00.000,2025-01-01T11:50:00.000,DOT,Traffic Signal Condition,QUEENS,Closed
63587202,2025-01-01T10:00:03.000,2025-01-02T17:07:45.000,NYPD,Noise - Residential,BRONX,Closed
63615535,2025-01-01T10:00:05.000,2025-01-03T10:35:00.000,DOT,Street Condition,QUEENS,Closed
63593814,2025-01-01T10:00:12.000,2025-01-01T11:05:47.000,NYPD,Noise - Residential,BRONX,Closed
63590047,2025-01-01T10:00:15.000,2025-01-01T10:10:51.000,NYPD,Encampment,MANHATTAN,Closed
63587192,2025-01-01T10:00:17.000,2025-01-02T17:10:25.000,NYPD,Noise - Residential,BRONX,Closed
63594924,2025-01-01T10:00:41.000,2025-01-02T17:12:05.000,NYPD,Noise - Residential,BRONX,Closed
63593701,2025-01-01T10:00:45.000,2025-01-01T12:30:24.000,NYPD,Noise - Residential,BRONX,Closed
63586660,2025-01-01T10:00:51.000,2025-01-02T04:32:25.000,DSNY,Dead Animal,STATEN ISLAND,Closed
63587179,2025-01-01T10:01:04.000,2025-01-02T17:07:46.000,NYPD,Noise - Residential,BRONX,Closed
63591017,2025-01-01T10:01:20.000,2025-01-02T17:07:41.000,NYPD,Noise - Residential,BRONX,Closed
63587819,2025-01-01T10:01:42.000,2025-01-01T10:49:32.000,NYPD,Abandoned Vehicle,QUEENS,Closed
63589396,2025-01-01T10:01:52.000,2025-01-02T17:07:44.000,NYPD,Noise - Residential,BRONX,Closed
63594776,2025-01-01T10:01:53.000,2025-01-01T13:45:18.000,NYPD,Noise - Residential,MANHATTAN,Closed
63585808,2025-01-01T10:01:58.000,2025-01-02T17:08:33.000,NYPD,Noise - Residential,BRONX,Closed
63593501,2025-01-01T10:02:36.000,2025-01-02T17:10:23.000,NYPD,Noise - Residential,BRONX,Closed
63593291,2025-01-01T10:02:39.000,2025-01-02T17:02:50.000,NYPD,Noise - Residential,BRONX,Closed
63588135,2025-01-01T10:02:45.000,2025-01-08T15:00:45.000,DPR,Maintenance or Facility,BRONX,Closed
63587864,2025-01-01T10:02:46.000,2025-01-01T11:39:29.000,NYPD,Blocked Driveway,BRONX,Closed
63590227,2025-01-01T10:02:55.000,2025-01-03T13:48:03.000,HPD,HEAT/HOT WATER,BRONX,Closed
63590221,2025-01-01T10:02:57.000,2025-01-03T20:37:05.000,HPD,HEAT/HOT WATER,BROOKLYN,Closed
63589573,2025-01-01T10:03:14.000,2025-01-02T17:07:42.000,NYPD,Noise - Residential,BRONX,Closed
63592269,2025-01-01T10:03:27.000,2025-01-02T17:04:34.000,NYPD,Noise - Residential,BRONX,Closed
63593187,2025-01-01T10:03:28.000,2025-01-02T04:26:29.000,NYPD,Illegal Parking,QUEENS,Closed
63586567,2025-01-01T10:03:40.000,2025-01-03T13:15:47.000,HPD,HEAT/HOT WATER,BROOKLYN,Closed
63593263,2025-01-01T10:03:52.000,2025-01-02T17:08:27.000,NYPD,Noise - Residential,BRONX,Closed
63593220,2025-01-01T10:03:58.000,2025-01-02T16:11:39.000,DSNY,Illegal Dumping,BROOKLYN,Closed
63592828,2025-01-01T10:04:00.000,2025-01-01T12:00:00.000,DOT,Traffic Signal Condition,BROOKLYN,Closed
63586728,2025-01-01T10:04:07.000,2025-01-01T14:58:40.000,NYPD,Illegal Parking,QUEENS,Closed
63594648,2025-01-01T10:04:13.000,2025-01-02T01:38:48.000,NYPD,Noise - Residential,BRONX,Closed
63591967,2025-01-01T10:04:14.000,2025-01-02T11:57:27.000,DSNY,Illegal Dumping,STATEN ISLAND,Closed
63586374,2025-01-01T10:04:15.000,2025-01-01T12:30:23.000,NYPD,Noise - Residential,BRONX,Closed
63594923,2025-01-01T10:04:15.000,2025-01-02T17:12:04.000,NYPD,Noise - Residential,BRONX,Closed
63586203,2025-01-01T10:04:30.000,2025-01-02T17:12:04.000,NYPD,Noise - Residential,BRONX,Closed
63595454,2025-01-01T10:04:32.000,2025-01-01T17:33:42.000,NYPD,Illegal Parking,QUEENS,Closed
63590631,2025-01-01T10:04:44.000,2025-01-02T04:03:40.000,DSNY,Dirty Condition,BRONX,Closed
63586892,2025-01-01T10:04:59.000,2025-01-02T12:37:29.000,DSNY,Dirty Condition,MANHATTAN,Closed
63595246,2025-01-01T10:04:59.000,2025-01-01T10:31:22.000,NYPD,Blocked Driveway,QUEENS,Closed
63591881,2025-01-01T10:05:02.000,2025-01-02T13:14:37.000,TLC,Lost Property,MANHATTAN,Closed
63589562,2025-01-01T10:05:02.000,2025-01-02T17:10:23.000,NYPD,Noise - Residential,BRONX,Closed
63590786,2025-01-01T10:05:08.000,2025-01-02T17:07:44.000,NYPD,Noise - Residential,BRONX,Closed
63589340,2025-01-01T10:05:39.000,2025-01-02T14:07:52.000,DSNY,Illegal Dumping,BROOKLYN,Closed
63592218,2025-01-01T10:05:46.000,2025-01-02T17:02:51.000,NYPD,Noise - Residential,BRONX,Closed
63587672,2025-01-01T10:05:50.000,2025-01-03T07:38:16.000,HPD,HEAT/HOT WATER,BRONX,Closed
63589870,2025-01-01T10:05:50.000,2025-01-02T17:02:50.000,NYPD,Noise - Residential,BRONX,Closed
63591546,2025-01-01T10:05:57.000,2026-06-15T00:00:00.000,DOB,General Construction/Plumbing,QUEENS,Closed
63595509,2025-01-01T10:05:59.000,2025-01-01T10:09:36.000,NYPD,Illegal Parking,MANHATTAN,Closed
63590451,2025-01-01T10:06:05.000,2025-01-01T10:12:32.000,NYPD,Illegal Parking,BROOKLYN,Closed
63586478,2025-01-01T10:06:07.000,2025-01-01T13:03:11.000,NYPD,Blocked Driveway,BROOKLYN,Closed
63587834,2025-01-01T10:06:15.000,2025-01-14T00:00:00.000,DOB,Special Projects Inspection Team (SPIT),BROOKLYN,Closed
63594750,2025-01-01T10:06:15.000,2025-01-01T11:06:03.000,NYPD,Noise - Residential,BROOKLYN,Closed
63590771,2025-01-01T10:06:25.000,2025-01-02T17:06:08.000,NYPD,Noise - Residential,BRONX,Closed
63593605,2025-01-01T10:06:31.000,2025-03-28T07:04:19.000,TLC,For Hire Vehicle Complaint,MANHATTAN,Closed
63593604,2025-01-01T10:06:37.000,2025-01-02T17:10:24.000,NYPD,Noise - Residential,BRONX,Closed
63591820,2025-01-01T10:06:41.000,2025-01-19T19:04:23.000,HPD,UNSANITARY CONDITION,BRONX,Closed
63594001,2025-01-01T10:06:41.000,2025-01-19T19:04:23.000,HPD,UNSANITARY CONDITION,BRONX,Closed
63589097,2025-01-01T10:06:48.000,2025-01-01T14:50:58.000,NYPD,Blocked Driveway,BRONX,Closed
63594438,2025-01-01T10:07:03.000,2025-01-02T17:07:49.000,NYPD,Noise - Residential,BRONX,Closed
63591333,2025-01-01T10:07:13.000,2025-01-01T10:58:41.000,NYPD,Noise - Street/Sidewalk,BROOKLYN,Closed
63586334,2025-01-01T10:07:17.000,2025-01-01T14:41:02.000,NYPD,Noise - Residential,BRONX,Closed
63592426,2025-01-01T10:07:24.000,2025-01-01T10:12:12.000,NYPD,Encampment,MANHATTAN,Closed
63594479,2025-01-01T10:07:24.000,2025-01-02T09:52:01.000,DHS,Encampment,MANHATTAN,Closed
63588483,2025-01-01T10:07:25.000,2025-01-02T17:12:07.000,NYPD,Noise - Residential,BRONX,Closed
63586924,2025-01-01T10:07:41.000,2025-01-02T17:08:36.000,NYPD,Noise - Residential,BRONX,Closed
63587008,2025-01-01T10:07:47.000,2025-01-01T10:54:25.000,NYPD,Animal-Abuse,QUEENS,Closed
63595298,2025-01-01T10:07:59.000,2025-01-01T21:54:46.000,NYPD,Illegal Parking,QUEENS,Closed
63592354,2025-01-01T10:08:12.000,2025-01-02T17:12:06.000,NYPD,Noise - Residential,BRONX,Closed
63585892,2025-01-01T10:08:19.000,2025-01-02T17:02:50.000,NYPD,Noise - Residential,BRONX,Closed
63592324,2025-01-01T10:08:19.000,2025-01-02T01:38:00.000,NYPD,Noise - Street/Sidewalk,BRONX,Closed
63593107,2025-01-01T10:08:45.000,2025-01-01T19:58:57.000,NYPD,Drug Activity,BRONX,Closed
63594470,2025-01-01T10:08:57.000,2025-01-02T17:06:09.000,NYPD,Noise - Residential,BRONX,Closed
63587666,2025-01-01T10:08:58.000,2025-01-04T19:32:24.000,HPD,HEAT/HOT WATER,BRONX,Closed
63593103,2025-01-01T10:09:00.000,2025-01-01T12:15:00.000,DOT,Traffic Signal Condition,BRONX,Closed
63594859,2025-01-01T10:09:00.000,2025-01-02T17:10:23.000,NYPD,Noise - Residential,BRONX,Closed
63595850,2025-01-01T10:09:00.000,2025-01-02T05:28:00.000,DSNY,Derelict Vehicles,BROOKLYN,Closed
63587659,2025-01-01T10:09:01.000,2025-01-16T06:21:42.000,HPD,DOOR/WINDOW,BRONX,Closed
63594377,2025-01-01T10:09:07.000,2025-01-02T11:39:15.000,DPR,Maintenance or Facility,STATEN ISLAND,Closed
63590197,2025-01-01T10:09:09.000,2025-01-02T12:26:18.000,HPD,HEAT/HOT WATER,BRONX,Closed
63588904,2025-01-01T10:09:11.000,2025-01-03T08:48:54.000,HPD,HEAT/HOT WATER,BROOKLYN,Closed
63591561,2025-01-01T10:09:15.000,2025-01-01T12:06:18.000,NYPD,Blocked Driveway,QUEENS,Closed
63591035,2025-01-01T10:09:35.000,2025-01-02T17:06:12.000,NYPD,Noise - Residential,BRONX,Closed
63587348,2025-01-01T10:09:48.000,2025-01-02T17:04:35.000,NYPD,Noise - Residential,BRONX,Closed
63592515,2025-01-01T10:09:54.000,2025-01-01T12:12:30.000,NYPD,Noise - Residential,BROOKLYN,Closed
63593828,2025-01-01T10:09:54.000,2025-01-01T10:58:57.000,DPR,Animal in a Park,MANHATTAN,Closed
63591590,2025-01-01T10:10:00.000,2025-01-01T11:50:00.000,DOT,Traffic Signal Condition,QUEENS,Closed
63589918,2025-01-01T10:10:13.000,2025-01-02T17:06:12.000,NYPD,Noise - Residential,BRONX,Closed
63588624,2025-01-01T10:10:18.000,2025-01-01T10:30:41.000,NYPD,Noise - Commercial,MANHATTAN,Closed
63592932,2025-01-01T10:10:22.000,2025-01-01T16:50:27.000,NYPD,Blocked Driveway,BROOKLYN,Closed
63591577,2025-01-01T10:10:29.000,2025-01-01T10:53:58.000,NYPD,Drinking,BROOKLYN,Closed
63594856,2025-01-01T10:10:35.000,2025-01-02T17:10:23.000,NYPD,Noise - Residential,BRONX,Closed
63588302,2025-01-01T10:10:51.000,2025-01-02T17:02:49.000,NYPD,Noise - Residential,BRONX,Closed
63588050,2025-01-01T10:10:56.000,2025-01-01T11:41:44.000,NYPD,Illegal Parking,BROOKLYN,Closed
63587007,2025-01-01T10:11:00.000,2025-01-07T11:00:00.000,DEP,Noise,BRONX,Closed
63594223,2025-01-01T10:11:00.000,2025-01-03T11:45:00.000,DEP,Air Quality,QUEENS,Closed
63594112,2025-01-01T10:11:03.000,2025-01-01T22:51:52.000,NYPD,Illegal Parking,BROOKLYN,Closed
63591950,2025-01-01T10:11:23.000,2025-01-02T17:07:40.000,NYPD,Noise - Residential,BRONX,Closed
63592300,2025-01-01T10:11:29.000,2025-01-02T17:12:07.000,NYPD,Noise - Residential,BRONX,Closed
63594093,2025-01-01T10:11:45.000,2025-01-01T17:22:40.000,NYPD,Blocked Driveway,BRONX,Closed
63591367,2025-01-01T10:11:52.000,2025-01-07T14:29:50.000,HPD,GENERAL,MANHATTAN,Closed
63593753,2025-01-01T10:11:54.000,2025-01-01T10:55:13.000,NYPD,Noise - Residential,BRONX,Closed
63588439,2025-01-01T10:12:08.000,2025-01-02T17:10:24.000,NYPD,Noise - Residential,BRONX,Closed
63594919,2025-01-01T10:12:10.000,2025-01-02T17:10:23.000,NYPD,Noise - Residential,BRONX,Closed
63591465,2025-01-01T10:12:14.000,2025-01-02T19:18:12.000,HPD,HEAT/HOT WATER,BRONX,Closed
63595097,2025-01-01T10:12:20.000,2025-01-02T16:48:27.000,HPD,HEAT/HOT WATER,BROOKLYN,Closed
63595085,2025-01-01T10:12:20.000,2025-01-02T16:48:27.000,HPD,HEAT/HOT WATER,BROOKLYN,Closed
63589217,2025-01-01T10:12:23.000,2025-01-01T11:41:50.000,NYPD,Illegal Parking,BROOKLYN,Closed
63588613,2025-01-01T10:12:46.000,2025-01-02T17:04:35.000,NYPD,Noise - Residential,BRONX,Closed
63585762,2025-01-01T10:12:58.000,2025-01-02T17:10:24.000,NYPD,Noise - Residential,BRONX,Closed
63594046,2025-01-01T10:13:00.000,2025-01-01T11:40:00.000,DOT,Traffic Signal Condition,QUEENS,Closed
63588018,2025-01-01T10:13:17.000,2025-01-01T10:45:26.000,NYPD,Illegal Parking,MANHATTAN,Closed
63592353,2025-01-01T10:13:24.000,2025-01-02T17:12:06.000,NYPD,Noise - Residential,BRONX,Closed
63593732,2025-01-01T10:13:37.000,2025-01-01T11:15:22.000,NYPD,Noise - Residential,QUEENS,Closed
63593055,2025-01-01T10:13:43.000,2025-01-01T11:41:51.000,NYPD,Illegal Parking,BROOKLYN,Closed
63585859,2025-01-01T10:13:45.000,2025-01-02T17:08:29.000,NYPD,Noise - Residential,BRONX,Closed
63587948,2025-01-01T10:13:45.000,2025-01-01T11:10:03.000,NYPD,Illegal Parking,MANHATTAN,Closed
63586023,2025-01-01T10:14:00.000,2025-01-01T14:24:00.000,DEP,Water System,QUEENS,Closed
63588552,2025-01-01T10:14:02.000,2025-01-02T17:07:44.000,NYPD,Noise - Residential,BRONX,Closed
63594262,2025-01-01T10:14:03.000,2025-01-01T11:27:11.000,NYPD,Illegal Parking,BROOKLYN,Closed
63592438,2025-01-01T10:14:21.000,2025-01-01T10:39:38.000,NYPD,Noise - Residential,BROOKLYN,Closed
63591671,2025-01-01T10:14:32.000,2025-01-01T13:19:14.000,NYPD,Illegal Parking,QUEENS,Closed
63588308,2025-01-01T10:14:33.000,2025-01-02T17:08:32.000,NYPD,Noise - Residential,BRONX,Closed
63594658,2025-01-01T10:14:42.000,2025-01-02T17:08:35.000,NYPD,Noise - Residential,BRONX,Closed
63586078,2025-01-01T10:14:56.000,2025-01-01T23:16:55.000,NYPD,Abandoned Vehicle,BRONX,Closed
63594965,2025-01-01T10:15:05.000,2025-01-01T12:22:33.000,NYPD,Noise - Residential,BRONX,Closed
63590262,2025-01-01T10:15:09.000,2025-01-01T11:19:01.000,NYPD,Illegal Parking,BROOKLYN,Closed
63586798,2025-01-01T10:15:15.000,2025-01-01T13:14:29.000,NYPD,Illegal Parking,BROOKLYN,Closed
63590610,2025-01-01T10:15:16.000,2025-02-04T02:06:14.000,HPD,UNSANITARY CONDITION,BROOKLYN,Closed
63588087,2025-01-01T10:15:16.000,2025-02-04T02:06:14.000,HPD,UNSANITARY CONDITION,BROOKLYN,Closed
63595054,2025-01-01T10:15:16.000,2025-01-06T16:03:23.000,HPD,FLOORING/STAIRS,BROOKLYN,Closed
63594592,2025-01-01T10:15:18.000,2025-01-02T17:10:24.000,NYPD,Noise - Residential,BRONX,Closed
63587375,2025-01-01T10:15:20.000,2025-01-02T17:12:06.000,NYPD,Noise - Residential,BRONX,Closed
63588907,2025-01-01T10:15:26.000,2025-01-02T20:33:36.000,HPD,HEAT/HOT WATER,BROOKLYN,Closed
63586692,2025-01-01T10:15:34.000,2025-01-01T10:30:40.000,NYPD,Illegal Parking,BROOKLYN,Closed
63592299,2025-01-01T10:15:56.000,2025-01-02T17:12:09.000,NYPD,Noise - Residential,BRONX,Closed
63593027,2025-01-01T10:15:58.000,2025-01-01T10:48:07.000,NYPD,Noise - Residential,MANHATTAN,Closed
63593003,2025-01-01T10:16:00.000,2025-01-01T10:16:00.000,DOT,Street Condition,BROOKLYN,Closed
63594738,2025-01-01T10:16:08.000,2025-01-02T17:04:33.000,NYPD,Noise - Residential,BRONX,Closed
63592042,2025-01-01T10:16:34.000,2025-01-02T17:08:27.000,NYPD,Noise - Residential,BRONX,Closed
63594635,2025-01-01T10:16:55.000,2025-01-02T17:12:06.000,NYPD,Noise - Residential,BRONX,Closed
63592440,2025-01-01T10:16:57.000,2025-01-01T10:52:11.000,NYPD,Noise - Residential,BRONX,Closed
63590634,2025-01-01T10:17:00.000,2025-01-03T07:35:00.000,DEP,Sewer,BRONX,Closed
63590492,2025-01-01T10:17:00.000,2025-01-07T08:24:00.000,DEP,Noise,MANHATTAN,Closed
63591330,2025-01-01T10:17:13.000,2025-01-01T10:58:58.000,NYPD,Noise - Residential,BROOKLYN,Closed
63594598,2025-01-01T10:17:13.000,2025-01-02T17:10:23.000,NYPD,Noise - Residential,BRONX,Closed
63585608,2025-01-01T10:17:24.000,2025-01-02T12:47:36.000,DSNY,Dirty Condition,MANHATTAN,Closed
63594273,2025-01-01T10:17:31.000,2025-01-01T11:05:39.000,NYPD,Illegal Parking,BROOKLYN,Closed
63588424,2025-01-01T10:17:43.000,2025-01-02T17:12:06.000,NYPD,Noise - Residential,BRONX,Closed
63591930,2025-01-01T10:17:51.000,2025-01-02T17:07:43.000,NYPD,Noise - Residential,BRONX,Closed
63588192,2025-01-01T10:17:59.000,2025-01-01T13:12:37.000,DSNY,Dirty Condition,MANHATTAN,Closed
63589987,2025-01-01T10:18:18.000,2025-01-01T14:27:31.000,NYPD,Noise - Residential,BRONX,Closed
63589471,2025-01-01T10:18:27.000,2025-03-02T10:41:06.000,DOHMH,Food Establishment,MANHATTAN,Closed
63589623,2025-01-01T10:18:30.000,2025-01-02T17:02:50.000,NYPD,Noise - Residential,BRONX,Closed
63594435,2025-01-01T10:18:31.000,2025-01-02T17:08:32.000,NYPD,Noise - Residential,BRONX,Closed
63586566,2025-01-01T10:18:38.000,2025-01-03T09:37:34.000,HPD,HEAT/HOT WATER,BROOKLYN,Closed
63589181,2025-01-01T10:18:49.000,2025-01-02T16:14:15.000,DSNY,Dead Animal,BROOKLYN,Closed
63588977,2025-01-01T10:18:59.000,2025-01-02T08:35:27.000,HPD,HEAT/HOT WATER,BROOKLYN,Closed
63588708,2025-01-01T10:19:04.000,2025-01-01T11:05:46.000,NYPD,Noise - Residential,BRONX,Closed
63588295,2025-01-01T10:19:08.000,2025-01-02T17:04:36.000,NYPD,Noise - Residential,BRONX,Closed
63594443,2025-01-01T10:19:18.000,2025-01-02T17:08:31.000,NYPD,Noise - Residential,BRONX,Closed
63592119,2025-01-01T10:19:45.000,2025-01-02T17:08:35.000,NYPD,Noise - Residential,BRONX,Closed
63587106,2025-01-01T10:20:06.000,2025-01-02T17:02:51.000,NYPD,Noise - Residential,BRONX,Closed
63594696,2025-01-01T10:20:23.000,2025-01-02T17:02:50.000,NYPD,Noise - Residential,BRONX,Closed
63588116,2025-01-01T10:20:33.000,2025-01-01T14:27:26.000,NYPD,Illegal Parking,BROOKLYN,Closed
63588152,2025-01-01T10:20:48.000,2025-01-01T13:09:55.000,DSNY,Dirty Condition,MANHATTAN,Closed
63587191,2025-01-01T10:20:53.000,2025-01-02T17:10:23.000,NYPD,Noise - Residential,BRONX,Closed
63592268,2025-01-01T10:21:01.000,2025-01-02T17:04:37.000,NYPD,Noise - Residential,BRONX,Closed
63587347,2025-01-01T10:21:39.000,2025-01-02T17:04:37.000,NYPD,Noise - Residential,BRONX,Closed
63589978,2025-01-01T10:21:41.000,2025-01-02T17:10:23.000,NYPD,Noise - Residential,BRONX,Closed
63591435,2025-01-01T10:21:58.000,2025-01-02T08:35:27.000,HPD,HEAT/HOT WATER,BROOKLYN,Closed
63591411,2025-01-01T10:22:00.000,2025-01-03T15:29:20.000,HPD,HEAT/HOT WATER,BROOKLYN,Closed
63590616,2025-01-01T10:22:00.000,2025-01-03T15:29:20.000,HPD,UNSANITARY CONDITION,BROOKLYN,Closed
63594182,2025-01-01T10:22:00.000,2025-01-03T15:29:20.000,HPD,WATER LEAK,BROOKLYN,Closed
63589010,2025-01-01T10:22:02.000,2025-01-02T13:52:33.000,HPD,HEAT/HOT WATER,BRONX,Closed
63594228,2025-01-01T10:22:02.000,2025-01-01T14:53:30.000,NYPD,Blocked Driveway,BRONX,Closed
63591374,2025-01-01T10:22:05.000,2025-05-05T08:33:05.000,HPD,ELECTRIC,QUEENS,Closed
63595171,2025-01-01T10:22:05.000,2025-05-05T08:33:04.000,HPD,PLUMBING,QUEENS,Closed
63592649,2025-01-01T10:22:05.000,2025-05-05T08:33:04.000,HPD,APPLIANCE,QUEENS,Closed
63585844,2025-01-01T10:22:18.000,2025-01-02T17:07:49.000,NYPD,Noise - Residential,BRONX,Closed
63587076,2025-01-01T10:22:28.000,2025-01-02T17:06:10.000,NYPD,Noise - Residential,BRONX,Closed
63588749,2025-01-01T10:22:43.000,2025-01-01T14:07:14.000,NYPD,Noise - Residential,BRONX,Closed
63593018,2025-01-01T10:22:45.000,2025-01-01T11:26:45.000,NYPD,Illegal Parking,BROOKLYN,Closed
63591974,2025-01-01T10:22:56.000,2025-01-02T17:02:49.000,NYPD,Noise - Residential,BRONX,Closed
63618564,2025-01-01T10:23:00.000,2025-01-03T06:09:00.000,DSNY,Derelict Vehicles,BRONX,Closed
63588730,2025-01-01T10:23:10.000,2025-01-06T07:15:02.000,DHS,Encampment,MANHATTAN,Closed
63593467,2025-01-01T10:23:10.000,2025-01-01T10:39:30.000,NYPD,Encampment,MANHATTAN,Closed
63594376,2025-01-01T10:23:11.000,2025-01-06T10:32:52.000,DPR,Maintenance or Facility,BROOKLYN,Closed
63592217,2025-01-01T10:23:16.000,2025-01-02T17:02:51.000,NYPD,Noise - Residential,BRONX,Closed
63585599,2025-01-01T10:23:27.000,2025-01-01T12:56:27.000,NYPD,Illegal Parking,BROOKLYN,Closed
63593373,2025-01-01T10:23:34.000,2025-01-02T17:06:11.000,NYPD,Noise - Residential,BRONX,Closed
63589897,2025-01-01T10:23:46.000,2025-01-01T19:19:41.000,NYPD,Noise - Residential,BRONX,Closed
63587154,2025-01-01T10:24:04.000,2025-01-02T17:08:30.000,NYPD,Noise - Residential,BRONX,Closed
63592040,2025-01-01T10:24:12.000,2025-01-02T17:10:23.000,NYPD,Noise - Residential,BRONX,Closed
63586180,2025-01-01T10:24:50.000,2025-01-02T17:12:05.000,NYPD,Noise - Residential,BRONX,Closed
63587068,2025-01-01T10:24:52.000,2025-02-09T09:09:09.000,DOHMH,Food Establishment,MANHATTAN,Closed
63594681,2025-01-01T10:24:52.000,2025-01-02T17:10:25.000,NYPD,Noise - Residential,BRONX,Closed
63586699,2025-01-01T10:24:59.000,2025-01-01T16:57:28.000,NYPD,Illegal Parking,QUEENS,Closed
63593970,2025-01-01T10:25:00.000,2025-01-04T10:13:55.000,HPD,HEAT/HOT WATER,MANHATTAN,Closed
63588809,2025-01-01T10:25:03.000,2025-01-01T14:29:36.000,NYPD,Noise - Vehicle,BROOKLYN,Closed
63585664,2025-01-01T10:25:16.000,2025-01-01T12:11:55.000,NYPD,Illegal Parking,BROOKLYN,Closed
63592041,2025-01-01T10:25:28.000,2025-01-02T17:08:32.000,NYPD,Noise - Residential,BRONX,Closed
63593355,2025-01-01T10:25:39.000,2025-01-02T17:10:25.000,NYPD,Noise - Residential,BRONX,Closed
63588466,2025-01-01T10:26:00.000,2025-01-01T11:16:00.000,DEP,Water System,QUEENS,Closed
63585974,2025-01-01T10:26:06.000,2025-01-02T17:06:13.000,NYPD,Noise - Residential,BRONX,Closed
63585609,2025-01-01T10:26:13.000,2025-01-04T11:48:45.000,DSNY,Illegal Dumping,QUEENS,Closed
63588279,2025-01-01T10:26:26.000,2025-01-02T17:10:25.000,NYPD,Noise - Residential,BRONX,Closed
63593153,2025-01-01T10:26:33.000,2025-01-01T12:10:45.000,NYPD,Illegal Parking,MANHATTAN,Closed
63588001,2025-01-01T10:26:41.000,2025-01-01T10:48:30.000,NYPD,Illegal Parking,BROOKLYN,Closed
63585950,2025-01-01T10:26:44.000,2025-01-02T17:04:34.000,NYPD,Noise - Residential,BRONX,Closed
63590425,2025-01-01T10:27:02.000,2025-01-01T16:50:43.000,NYPD,Illegal Parking,BROOKLYN,Closed
63587374,2025-01-01T10:27:14.000,2025-01-02T17:12:05.000,NYPD,Noise - Residential,BRONX,Closed
63587528,2025-01-01T10:27:19.000,2025-01-02T00:00:00.000,DOB,General Construction/Plumbing,BROOKLYN,Closed
63595480,2025-01-01T10:27:19.000,2025-01-01T12:55:54.000,NYPD,Illegal Parking,BROOKLYN,Closed
63593490,2025-01-01T10:27:23.000,2025-01-02T17:12:06.000,NYPD,Noise - Residential,BRONX,Closed
63592149,2025-01-01T10:28:01.000,2025-01-02T17:04:33.000,NYPD,Noise - Residential,BRONX,Closed
63594634,2025-01-01T10:28:02.000,2025-01-02T17:12:11.000,NYPD,Noise - Residential,BRONX,Closed
63588903,2025-01-01T10:28:04.000,2025-01-04T12:23:10.000,HPD,HEAT/HOT WATER,MANHATTAN,Closed
63587686,2025-01-01T10:28:08.000,2025-01-03T16:06:07.000,HPD,HEAT/HOT WATER,MANHATTAN,Closed
63587404,2025-01-01T10:28:11.000,2025-01-03T06:58:19.000,DOT,Sidewalk Condition,MANHATTAN,Closed
63586893,2025-01-01T10:28:23.000,2025-01-02T04:49:07.000,DSNY,Dirty Condition,BROOKLYN,Closed
63592190,2025-01-01T10:28:39.000,2025-01-02T17:12:07.000,NYPD,Noise - Residential,BRONX,Closed
63588690,2025-01-01T10:28:40.000,2025-01-01T10:53:09.000,NYPD,Noise - Residential,BRONX,Closed
63590596,2025-01-01T10:28:40.000,2025-01-03T13:09:22.000,HPD,WATER LEAK,BRONX,Closed
63592775,2025-01-01T10:28:40.000,2025-01-03T13:09:22.000,HPD,PAINT/PLASTER,BRONX,Closed
63591010,2025-01-01T10:28:49.000,2025-01-02T17:12:06.000,NYPD,Noise - Residential,BRONX,Closed
63586201,2025-01-01T10:28:49.000,2025-01-03T12:51:01.000,NYPD,Blocked Driveway,BRONX,Closed
63592908,2025-01-01T10:29:06.000,2025-01-01T13:00:14.000,NYPD,Blocked Driveway,BROOKLYN,Closed
63591630,2025-01-01T10:29:07.000,2025-01-01T12:25:35.000,NYPD,Illegal Parking,QUEENS,Closed
63594784,2025-01-01T10:29:17.000,2025-01-02T17:06:08.000,NYPD,Noise - Residential,BRONX,Closed
63594292,2025-01-01T10:29:27.000,2025-01-01T11:16:44.000,NYPD,Illegal Parking,BROOKLYN,Closed
63585807,2025-01-01T10:29:37.000,2025-01-02T17:08:30.000,NYPD,Noise - Residential,BRONX,Closed
63594442,2025-01-01T10:29:55.000,2025-01-02T17:10:24.000,NYPD,Noise - Residential,BRONX,Closed
63589401,2025-01-01T10:30:24.000,2025-01-02T17:10:24.000,NYPD,Noise - Residential,BRONX,Closed
63589909,2025-01-01T10:30:24.000,2025-01-01T10:58:58.000,NYPD,Noise - Street/Sidewalk,BRONX,Closed
63585843,2025-01-01T10:30:33.000,2025-01-02T17:07:45.000,NYPD,Noise - Residential,BRONX,Closed
63594150,2025-01-01T10:30:49.000,2025-02-13T16:53:24.000,DOHMH,Smoking or Vaping,MANHATTAN,Closed
63595014,2025-01-01T10:30:50.000,2025-01-01T13:29:24.000,NYPD,Noise - Residential,BROOKLYN,Closed
63586901,2025-01-01T10:31:01.000,2025-01-02T14:28:36.000,HPD,OUTSIDE BUILDING,MANHATTAN,Closed
63587909,2025-01-01T10:31:07.000,2025-01-01T10:59:47.000,NYPD,Illegal Parking,QUEENS,Closed
63588187,2025-01-01T10:31:11.000,2025-01-02T17:07:41.000,NYPD,Noise - Residential,BRONX,Closed
63587161,2025-01-01T10:31:12.000,2025-01-02T17:07:42.000,NYPD,Noise - Residential,BRONX,Closed
63589245,2025-01-01T10:31:13.000,2025-01-01T11:09:57.000,NYPD,Illegal Parking,BROOKLYN,Closed
63586564,2025-01-01T10:31:15.000,2025-01-04T10:12:57.000,HPD,HEAT/HOT WATER,MANHATTAN,Closed
63587943,2025-01-01T10:31:25.000,2025-01-01T16:51:17.000,NYPD,Blocked Driveway,BROOKLYN,Closed
63589122,2025-01-01T10:31:34.000,2025-01-01T10:53:10.000,NYPD,Illegal Parking,QUEENS,Closed
63594434,2025-01-01T10:31:49.000,2025-01-02T17:10:25.000,NYPD,Noise - Residential,BRONX,Closed
63592223,2025-01-01T10:31:59.000,2025-01-02T17:04:35.000,NYPD,Noise - Residential,BRONX,Closed
63590933,2025-01-01T10:32:28.000,2025-01-02T17:02:56.000,NYPD,Noise - Residential,BRONX,Closed
63587395,2025-01-01T10:32:32.000,2025-01-01T10:53:41.000,NYPD,Noise - Commercial,BRONX,Closed
63589815,2025-01-01T10:32:47.000,2025-01-02T17:10:26.000,NYPD,Noise - Residential,BRONX,Closed
63589114,2025-01-01T10:32:50.000,2025-01-01T16:50:57.000,NYPD,Blocked Driveway,BROOKLYN,Closed
63591323,2025-01-01T10:32:59.000,2025-01-01T10:59:01.000,NYPD,Noise - Street/Sidewalk,BRONX,Closed
63587155,2025-01-01T10:33:06.000,2025-01-02T17:07:49.000,NYPD,Noise - Residential,BRONX,Closed
63594752,2025-01-01T10:33:29.000,2025-01-01T15:03:12.000,NYPD,Noise - Residential,MANHATTAN,Closed
63594772,2025-01-01T10:33:34.000,2025-01-02T17:04:37.000,NYPD,Noise - Residential,BRONX,Closed
63593678,2025-01-01T10:33:49.000,2025-01-03T05:49:19.000,DOT,Street Sign - Damaged,BROOKLYN,Closed
63587062,2025-01-01T10:34:14.000,2025-03-31T09:50:30.000,DPR,Overgrown Tree/Branches,BROOKLYN,Closed
63588096,2025-01-01T10:34:16.000,2025-04-19T05:03:19.000,HPD,UNSANITARY CONDITION,QUEENS,Closed
63587086,2025-01-01T10:34:23.000,2025-01-02T17:07:43.000,NYPD,Noise - Residential,BRONX,Closed
63589461,2025-01-01T10:34:23.000,2025-01-02T17:06:10.000,NYPD,Noise - Residential,BRONX,Closed
63590140,2025-01-01T10:34:25.000,2025-01-06T16:04:23.000,HPD,ELECTRIC,BRONX,Closed
63592713,2025-01-01T10:34:32.000,2025-01-02T20:02:44.000,HPD,HEAT/HOT WATER,BROOKLYN,Closed
63589914,2025-01-01T10:34:39.000,2025-01-01T14:40:29.000,NYPD,Noise - Commercial,BROOKLYN,Closed
63587292,2025-01-01T10:34:49.000,2025-01-02T08:27:12.000,DOT,Street Condition,BROOKLYN,Closed
63591685,2025-01-01T10:35:00.000,2025-01-01T10:35:00.000,DEP,Water System,BROOKLYN,Closed
63589192,2025-01-01T10:35:00.000,2025-01-01T12:50:29.000,NYPD,Illegal Parking,BROOKLYN,Closed
63590998,2025-01-01T10:35:10.000,2025-01-02T17:04:34.000,NYPD,Noise - Residential,BRONX,Closed
63592409,2025-01-01T10:35:24.000,2025-01-01T17:31:45.000,NYPD,Noise - Residential,BRONX,Closed
63589861,2025-01-01T10:35:27.000,2025-01-01T10:56:06.000,NYPD,Noise - Residential,BROOKLYN,Closed
63591089,2025-01-01T10:35:34.000,2025-01-01T11:24:53.000,NYPD,Noise - Residential,MANHATTAN,Closed
63585722,2025-01-01T10:35:38.000,2025-01-02T17:10:25.000,NYPD,Noise - Residential,BRONX,Closed
63586445,2025-01-01T10:35:47.000,2025-01-01T11:15:13.000,NYPD,Noise - Street/Sidewalk,MANHATTAN,Closed
63594102,2025-01-01T10:35:47.000,2025-01-01T22:51:09.000,NYPD,Illegal Parking,QUEENS,Closed
63587378,2025-01-01T10:35:57.000,2025-01-02T17:06:13.000,NYPD,Noise - Residential,BRONX,Closed
63592284,2025-01-01T10:36:16.000,2025-01-02T17:12:07.000,NYPD,Noise - Residential,BRONX,Closed
63594633,2025-01-01T10:36:45.000,2025-01-02T17:12:09.000,NYPD,Noise - Residential,BRONX,Closed
63591960,2025-01-01T10:36:54.000,2025-01-02T17:10:25.000,NYPD,Noise - Residential,BRONX,Closed
63594983,2025-01-01T10:36:54.000,2025-01-01T21:47:54.000,NYPD,Noise - Residential,BRONX,Closed
63592615,2025-01-01T10:36:56.000,2025-01-01T10:54:43.000,NYPD,Noise - Street/Sidewalk,BROOKLYN,Closed
63593178,2025-01-01T10:37:23.000,2025-01-01T11:36:06.000,NYPD,Illegal Parking,BROOKLYN,Closed
63594760,2025-01-01T10:37:32.000,2025-01-02T17:06:13.000,NYPD,Noise - Residential,BRONX,Closed
63590936,2025-01-01T10:37:33.000,2025-01-02T17:06:11.000,NYPD,Noise - Residential,BRONX,Closed
63586634,2025-01-01T10:37:40.000,2025-01-02T20:18:44.000,HPD,HEAT/HOT WATER,BROOKLYN,Closed
63592704,2025-01-01T10:37:56.000,2025-01-03T18:28:53.000,HPD,HEAT/HOT WATER,BRONX,Closed
63588618,2025-01-01T10:38:11.000,2025-01-02T17:06:10.000,NYPD,Noise - Residential,BRONX,Closed
63587361,2025-01-01T10:38:20.000,2025-01-02T17:12:08.000,NYPD,Noise - Residential,BRONX,Closed
63588562,2025-01-01T10:38:49.000,2025-01-02T17:07:47.000,NYPD,Noise - Residential,BRONX,Closed
63594474,2025-01-01T10:38:52.000,2025-01-01T12:11:16.000,NYPD,Encampment,MANHATTAN,Closed
63586812,2025-01-01T10:39:05.000,2025-01-01T11:54:45.000,NYPD,Illegal Parking,BRONX,Closed
63587230,2025-01-01T10:39:07.000,2025-01-02T17:08:36.000,NYPD,Noise - Residential,BRONX,Closed
63595222,2025-01-01T10:39:08.000,2025-01-01T12:37:55.000,NYPD,Abandoned Vehicle,QUEENS,Closed
63593182,2025-01-01T10:39:20.000,2025-01-01T10:39:20.000,DOHMH,Rodent,MANHATTAN,Closed
63588389,2025-01-01T10:39:27.000,2025-01-02T17:04:35.000,NYPD,Noise - Residential,BRONX,Closed
63587851,2025-01-01T10:39:34.000,2025-01-01T16:17:53.000,NYPD,Blocked Driveway,BROOKLYN,Closed
63594187,2025-01-01T10:39:50.000,2025-01-01T10:50:51.000,NYPD,Blocked Driveway,BROOKLYN,Closed
63585738,2025-01-01T10:39:55.000,2025-01-02T17:10:25.000,NYPD,Noise - Residential,BRONX,Closed
63594115,2025-01-01T10:39:56.000,2025-01-01T20:04:07.000,NYPD,Illegal Parking,BROOKLYN,Closed
63589592,2025-01-01T10:40:05.000,2025-01-02T17:07:48.000,NYPD,Noise - Residential,BRONX,Closed
63586487,2025-01-01T10:40:30.000,2025-01-01T12:51:01.000,NYPD,Blocked Driveway,BROOKLYN,Closed
63591592,2025-01-01T10:40:37.000,2025-02-04T07:53:55.000,DOHMH,Smoking or Vaping,MANHATTAN,Closed
63592175,2025-01-01T10:40:42.000,2025-01-02T17:06:09.000,NYPD,Noise - Residential,BRONX,Closed
63590897,2025-01-01T10:40:43.000,2025-01-02T17:04:33.000,NYPD,Noise - Residential,BRONX,Closed
63587968,2025-01-01T10:40:55.000,2025-01-01T12:10:34.000,NYPD,Illegal Parking,BRONX,Closed
63591874,2025-01-01T10:40:57.000,2025-01-02T08:54:55.000,DSNY,Illegal Dumping,QUEENS,Closed
63613830,2025-01-01T10:41:04.000,2025-01-02T21:05:00.000,DOT,Street Condition,QUEENS,Closed
63592787,2025-01-01T10:41:12.000,2025-01-02T07:10:49.000,HPD,HEAT/HOT WATER,BROOKLYN,Closed
63593017,2025-01-01T10:41:13.000,2025-01-01T11:02:53.000,NYPD,Illegal Parking,BROOKLYN,Closed
63587226,2025-01-01T10:41:21.000,2025-01-02T17:06:13.000,NYPD,Noise - Residential,BRONX,Closed
63589825,2025-01-01T10:41:30.000,2025-01-02T17:08:28.000,NYPD,Noise - Residential,BRONX,Closed
63586495,2025-01-01T10:41:31.000,2025-01-01T11:03:44.000,NYPD,Blocked Driveway,QUEENS,Closed
63612324,2025-01-01T10:41:50.000,2025-01-02T21:12:00.000,DOT,Street Condition,QUEENS,Closed
63594771,2025-01-01T10:41:59.000,2025-01-02T17:04:36.000,NYPD,Noise - Residential,BRONX,Closed
63594196,2025-01-01T10:42:03.000,2025-01-01T11:27:05.000,NYPD,Blocked Driveway,QUEENS,Closed
63594720,2025-01-01T10:42:18.000,2025-01-02T17:02:50.000,NYPD,Noise - Residential,BRONX,Closed
63593053,2025-01-01T10:42:34.000,2025-01-01T11:57:00.000,NYPD,Illegal Parking,BRONX,Closed
63593238,2025-01-01T10:42:38.000,2025-01-02T17:10:24.000,NYPD,Noise - Residential,BRONX,Closed
63618442,2025-01-01T10:42:43.000,2025-01-02T21:25:00.000,DOT,Street Condition,QUEENS,Closed
63592118,2025-01-01T10:43:05.000,2025-01-02T17:08:39.000,NYPD,Noise - Residential,BRONX,Closed
63592117,2025-01-01T10:43:16.000,2025-01-02T17:08:35.000,NYPD,Noise - Residential,BRONX,Closed
63621552,2025-01-01T10:43:18.000,2025-01-02T21:36:00.000,DOT,Street Condition,QUEENS,Closed
63593631,2025-01-01T10:43:53.000,2025-01-02T17:07:44.000,NYPD,Noise - Residential,BRONX,Closed
63591082,2025-01-01T10:43:55.000,2025-01-02T17:02:51.000,NYPD,Noise - Residential,BRONX,Closed
63589466,2025-01-01T10:43:55.000,2025-01-06T10:53:36.000,DPR,Overgrown Tree/Branches,BROOKLYN,Closed
63586649,2025-01-01T10:44:04.000,2025-01-01T12:01:28.000,DSNY,Vendor Enforcement,MANHATTAN,Closed
63588944,2025-01-01T10:44:15.000,2025-01-02T19:19:34.000,HPD,HEAT/HOT WATER,BRONX,Closed
63585786,2025-01-01T10:44:32.000,2025-01-02T17:12:06.000,NYPD,Noise - Residential,BRONX,Closed
63593556,2025-01-01T10:44:40.000,2025-01-02T17:06:11.000,NYPD,Noise - Residential,BRONX,Closed
63591321,2025-01-01T10:44:44.000,2025-01-01T12:22:50.000,NYPD,Noise - Residential,BROOKLYN,Closed
63595012,2025-01-01T10:44:59.000,2025-01-01T11:15:40.000,NYPD,Noise - Residential,QUEENS,Closed
63590717,2025-01-01T10:45:10.000,2025-01-02T17:12:05.000,NYPD,Noise - Residential,BRONX,Closed
63594135,2025-01-01T10:45:11.000,2025-01-10T12:08:01.000,DOT,Bus Stop Shelter Complaint,QUEENS,Closed
63588059,2025-01-01T10:45:16.000,2025-01-02T02:22:23.000,DSNY,Graffiti,BROOKLYN,Closed
63594769,2025-01-01T10:45:28.000,2025-01-02T17:04:36.000,NYPD,Noise - Residential,BRONX,Closed
63588385,2025-01-01T10:45:48.000,2025-01-02T17:04:34.000,NYPD,Noise - Residential,BRONX,Closed
63592931,2025-01-01T10:46:05.000,2025-01-01T11:02:10.000,NYPD,Blocked Driveway,BRONX,Closed
63615276,2025-01-01T10:46:05.000,2025-01-02T22:50:00.000,DOT,Street Condition,QUEENS,Closed
63594602,2025-01-01T10:46:08.000,2025-01-02T04:39:36.000,NYPD,Illegal Parking,QUEENS,Closed
63591336,2025-01-01T10:46:12.000,2025-01-01T11:43:02.000,NYPD,Noise - Street/Sidewalk,BRONX,Closed
63593390,2025-01-01T10:46:16.000,2025-01-02T17:12:05.000,NYPD,Noise - Residential,BRONX,Closed
63593503,2025-01-01T10:46:26.000,2025-01-02T17:10:25.000,NYPD,Noise - Residential,BRONX,Closed
63589725,2025-01-01T10:46:56.000,2025-01-03T15:50:00.000,DOHMH,Rodent,QUEENS,Closed
63591941,2025-01-01T10:47:00.000,2025-02-20T07:04:00.000,DEP,Water System,QUEENS,Closed
63594393,2025-01-01T10:47:00.000,2025-01-01T11:40:00.000,DEP,Sewer,BROOKLYN,Closed
63592309,2025-01-01T10:47:03.000,2025-01-02T17:06:14.000,NYPD,Noise - Residential,BRONX,Closed
63587273,2025-01-01T10:47:05.000,2025-01-02T17:02:49.000,NYPD,Noise - Residential,BRONX,Closed
63618283,2025-01-01T10:47:06.000,2025-01-02T23:13:00.000,DOT,Street Condition,QUEENS,Closed
63588995,2025-01-01T10:47:11.000,2025-01-02T14:10:42.000,HPD,HEAT/HOT WATER,BRONX,Closed
63592308,2025-01-01T10:47:43.000,2025-01-02T17:06:10.000,NYPD,Noise - Residential,BRONX,Closed
63613805,2025-01-01T10:47:47.000,2025-01-02T23:24:00.000,DOT,Street Condition,QUEENS,Closed
63589869,2025-01-01T10:47:51.000,2025-01-02T17:02:50.000,NYPD,Noise - Residential,BRONX,Closed
63592612,2025-01-01T10:48:00.000,2025-01-01T12:23:03.000,NYPD,Noise - Residential,BROOKLYN,Closed
63591617,2025-01-01T10:48:03.000,2025-01-02T21:02:38.000,HPD,PLUMBING,BRONX,Closed
63590158,2025-01-01T10:48:03.000,2025-01-02T21:02:38.000,HPD,HEAT/HOT WATER,BRONX,Closed
63589038,2025-01-01T10:48:03.000,2025-01-02T21:02:38.000,HPD,PAINT/PLASTER,BRONX,Closed
63594060,2025-01-01T10:48:03.000,2025-01-13T17:12:39.000,HPD,UNSANITARY CONDITION,BRONX,Closed
63595177,2025-01-01T10:48:03.000,2025-01-13T17:12:39.000,HPD,UNSANITARY CONDITION,BRONX,Closed
63589276,2025-01-01T10:48:11.000,2025-01-01T11:06:29.000,NYPD,Illegal Parking,QUEENS,Closed
63589201,2025-01-01T10:48:14.000,2025-01-01T13:51:31.000,NYPD,Illegal Parking,BROOKLYN,Closed
63594613,2025-01-01T10:48:21.000,2025-01-02T17:10:25.000,NYPD,Noise - Residential,BRONX,Closed
63616900,2025-01-01T10:48:22.000,2025-01-02T00:50:00.000,DOT,Street Condition,QUEENS,Closed
63587441,2025-01-01T10:48:23.000,2025-01-02T00:00:00.000,DOB,General Construction/Plumbing,MANHATTAN,Closed
63593165,2025-01-01T10:48:28.000,2025-01-01T12:23:08.000,NYPD,Illegal Parking,BROOKLYN,Closed
63586972,2025-01-01T10:48:38.000,2025-01-02T17:02:52.000,NYPD,Noise - Residential,BRONX,Closed
63593765,2025-01-01T10:48:42.000,2025-01-01T16:56:59.000,NYPD,Noise - Residential,BRONX,Closed
63588343,2025-01-01T10:48:59.000,2025-01-02T17:04:33.000,NYPD,Noise - Residential,BRONX,Closed
63590672,2025-01-01T10:49:11.000,2025-01-01T11:04:36.000,NYPD,Illegal Parking,MANHATTAN,Closed
63591652,2025-01-01T10:49:14.000,2025-01-01T12:33:04.000,NYPD,Illegal Parking,BROOKLYN,Closed
63585805,2025-01-01T10:49:26.000,2025-01-02T17:08:35.000,NYPD,Noise - Residential,BRONX,Closed
63588355,2025-01-01T10:49:37.000,2025-01-02T17:02:50.000,NYPD,Noise - Residential,BRONX,Closed
63587594,2025-01-01T10:49:37.000,2025-01-01T11:14:53.000,NYPD,Noise - Street/Sidewalk,MANHATTAN,Closed
63610934,2025-01-01T10:49:58.000,2025-01-02T01:40:00.000,DOT,Street Condition,QUEENS,Closed
63589351,2025-01-01T10:50:00.000,2025-01-07T12:10:00.000,DEP,Noise,BROOKLYN,Closed
63594421,2025-01-01T10:50:00.000,2025-02-20T07:05:00.000,DEP,Water System,QUEENS,Closed
63590243,2025-01-01T10:50:10.000,2025-01-02T16:37:28.000,HPD,HEAT/HOT WATER,QUEENS,Closed
63592200,2025-01-01T10:50:13.000,2025-01-02T17:04:35.000,NYPD,Noise - Residential,BRONX,Closed
63585878,2025-01-01T10:50:15.000,2025-01-02T17:02:49.000,NYPD,Noise - Residential,BRONX,Closed
63586830,2025-01-01T10:50:15.000,2025-01-02T15:02:36.000,HPD,PLUMBING,BRONX,Closed
63587709,2025-01-01T10:50:16.000,2025-01-03T15:56:50.000,HPD,HEAT/HOT WATER,MANHATTAN,Closed
63594034,2025-01-01T10:50:29.000,2025-01-06T21:03:52.000,HPD,PLUMBING,BRONX,Closed
63594586,2025-01-01T10:50:33.000,2025-03-02T11:12:43.000,DOHMH,Food Establishment,MANHATTAN,Closed
63593056,2025-01-01T10:50:40.000,2025-01-01T18:48:02.000,NYPD,Illegal Parking,BROOKLYN,Closed
63585973,2025-01-01T10:50:53.000,2025-01-02T17:06:12.000,NYPD,Noise - Residential,BRONX,Closed
63590536,2025-01-01T10:50:56.000,2025-01-02T13:48:03.000,DSNY,Residential Disposal Complaint,QUEENS,Closed
63593507,2025-01-01T10:51:01.000,2025-01-02T17:07:46.000,NYPD,Noise - Residential,BRONX,Closed
63592926,2025-01-01T10:51:13.000,2025-01-01T11:32:40.000,NYPD,Blocked Driveway,QUEENS,Closed
63588801,2025-01-01T10:51:24.000,2025-01-02T00:00:00.000,DOB,Elevator,BROOKLYN,Closed
63587455,2025-01-01T10:51:31.000,2025-01-02T17:10:24.000,NYPD,Noise - Residential,BRONX,Closed
63590385,2025-01-01T10:51:41.000,2025-01-01T17:35:41.000,NYPD,Blocked Driveway,QUEENS,Closed
63621454,2025-01-01T10:51:43.000,2025-01-02T02:07:00.000,DOT,Street Condition,QUEENS,Closed
63586365,2025-01-01T10:51:45.000,2025-01-01T10:55:52.000,NYPD,Noise - Residential,BRONX,Closed
63592943,2025-01-01T10:51:48.000,2025-01-01T18:24:20.000,NYPD,Illegal Parking,QUEENS,Closed
63592350,2025-01-01T10:51:48.000,2025-01-02T17:07:46.000,NYPD,Noise - Residential,BRONX,Closed
63594466,2025-01-01T10:52:09.000,2025-01-02T17:02:50.000,NYPD,Noise - Residential,BRONX,Closed
63594386,2025-01-01T10:52:10.000,2025-01-09T13:08:28.000,DPR,Maintenance or Facility,BRONX,Closed
63588107,2025-01-01T10:52:20.000,2025-01-07T22:39:42.000,DSNY,Dirty Condition,QUEENS,Closed
63591890,2025-01-01T10:52:23.000,2025-01-01T13:29:02.000,NYPD,Illegal Parking,MANHATTAN,Closed
63588617,2025-01-01T10:52:36.000,2025-01-02T17:06:13.000,NYPD,Noise - Residential,BRONX,Closed
63587248,2025-01-01T10:52:48.000,2025-01-02T17:07:47.000,NYPD,Noise - Residential,BRONX,Closed
63594073,2025-01-01T10:53:05.000,2025-01-13T05:59:12.000,DSNY,Obstruction,MANHATTAN,Closed
63591951,2025-01-01T10:53:17.000,2025-01-01T14:14:27.000,NYPD,Illegal Parking,BROOKLYN,Closed
63588250,2025-01-01T10:53:23.000,2025-01-02T17:02:51.000,NYPD,Noise - Residential,BRONX,Closed
63591006,2025-01-01T10:53:26.000,2025-01-02T17:07:42.000,NYPD,Noise - Residential,BRONX,Closed
63591357,2025-01-01T10:53:30.000,2025-01-02T19:53:06.000,HPD,GENERAL,BRONX,Closed
63592801,2025-01-01T10:53:30.000,2025-01-02T19:53:06.000,HPD,PLUMBING,BRONX,Closed
63586475,2025-01-01T10:53:30.000,2025-01-02T19:53:06.000,HPD,APPLIANCE,BRONX,Closed
63592650,2025-01-01T10:53:30.000,2025-01-02T19:53:06.000,HPD,DOOR/WINDOW,BRONX,Closed
63589299,2025-01-01T10:53:30.000,2025-01-02T19:53:06.000,HPD,UNSANITARY CONDITION,BRONX,Closed
63591487,2025-01-01T10:53:30.000,2025-01-02T19:53:06.000,HPD,PAINT/PLASTER,BRONX,Closed
63591482,2025-01-01T10:53:30.000,2025-01-02T16:37:28.000,HPD,HEAT/HOT WATER,QUEENS,Closed
63591375,2025-01-01T10:53:30.000,2025-01-02T19:53:06.000,HPD,FLOORING/STAIRS,BRONX,Closed
63590163,2025-01-01T10:53:30.000,2025-01-02T19:53:06.000,HPD,HEAT/HOT WATER,BRONX,Closed
63595211,2025-01-01T10:53:30.000,2025-01-02T19:53:06.000,HPD,PAINT/PLASTER,BRONX,Closed
63595227,2025-01-01T10:53:31.000,2025-01-02T15:02:36.000,HPD,PLUMBING,BRONX,Closed
63586587,2025-01-01T10:53:45.000,2025-01-03T14:33:08.000,HPD,HEAT/HOT WATER,QUEENS,Closed
63592232,2025-01-01T10:54:04.000,2025-01-02T17:06:09.000,NYPD,Noise - Residential,BRONX,Closed
63591852,2025-01-01T10:54:05.000,2025-01-01T13:29:07.000,NYPD,Illegal Parking,MANHATTAN,Closed
63586099,2025-01-01T10:54:11.000,2025-01-02T17:07:48.000,NYPD,Noise - Residential,BRONX,Closed
63586741,2025-01-01T10:54:39.000,2025-01-01T16:24:16.000,NYPD,Illegal Parking,BROOKLYN,Closed
63594666,2025-01-01T10:54:42.000,2025-01-02T17:12:09.000,NYPD,Noise - Residential,BRONX,Closed
63616970,2025-01-01T10:54:48.000,2025-01-02T22:28:00.000,DOT,Street Condition,QUEENS,Closed
63589810,2025-01-01T10:54:59.000,2025-01-02T17:07:43.000,NYPD,Noise - Residential,BRONX,Closed
63595051,2025-01-01T10:55:05.000,2025-01-01T13:11:09.000,DPR,Animal in a Park,MANHATTAN,Closed
63587279,2025-01-01T10:55:20.000,2025-01-02T17:06:11.000,NYPD,Noise - Residential,BRONX,Closed
63588006,2025-01-01T10:55:25.000,2025-01-01T13:26:45.000,NYPD,Illegal Parking,BROOKLYN,Closed
63588423,2025-01-01T10:55:46.000,2025-01-02T17:07:47.000,NYPD,Noise - Residential,BRONX,Closed
63585940,2025-01-01T10:55:58.000,2025-01-02T17:04:35.000,NYPD,Noise - Residential,BRONX,Closed
63594336,2025-01-01T10:56:00.000,2025-01-01T10:56:00.000,DEP,Water System,BROOKLYN,Closed
63588804,2025-01-01T10:56:04.000,2025-01-09T08:04:19.000,DOT,Outdoor Dining,MANHATTAN,Closed
63587975,2025-01-01T10:56:05.000,2025-01-01T18:11:24.000,NYPD,Illegal Parking,QUEENS,Closed
63587927,2025-01-01T10:56:07.000,2025-01-01T12:01:29.000,DSNY,Vendor Enforcement,MANHATTAN,Closed
63588021,2025-01-01T10:56:07.000,2025-01-01T12:00:29.000,NYPD,Illegal Parking,MANHATTAN,Closed
63586991,2025-01-01T10:56:12.000,2025-01-02T10:15:27.000,DSNY,Dirty Condition,BROOKLYN,Closed
63595173,2025-01-01T10:56:31.000,2025-01-01T17:14:26.000,HPD,HEAT/HOT WATER,QUEENS,Closed
63594612,2025-01-01T10:56:34.000,2025-01-02T17:10:25.000,NYPD,Noise - Residential,BRONX,Closed
63591822,2025-01-01T10:56:35.000,2025-01-03T15:27:53.000,HPD,WATER LEAK,MANHATTAN,Closed
63593982,2025-01-01T10:56:35.000,2025-01-03T15:27:53.000,HPD,PLUMBING,MANHATTAN,Closed
63589040,2025-01-01T10:56:35.000,2025-01-03T15:27:53.000,HPD,PLUMBING,MANHATTAN,Closed
63588917,2025-01-01T10:56:36.000,2025-01-03T08:53:24.000,HPD,HEAT/HOT WATER,BROOKLYN,Closed
63591414,2025-01-01T10:56:36.000,2025-01-03T08:53:24.000,HPD,HEAT/HOT WATER,BROOKLYN,Closed
63593421,2025-01-01T10:56:37.000,2025-01-02T17:08:34.000,NYPD,Noise - Residential,BRONX,Closed
63591403,2025-01-01T10:56:38.000,2025-01-07T08:41:17.000,HPD,HEAT/HOT WATER,QUEENS,Closed
63586786,2025-01-01T10:56:54.000,2025-01-01T16:24:29.000,NYPD,Illegal Parking,BROOKLYN,Closed
63592425,2025-01-01T10:56:59.000,2025-01-01T11:11:27.000,NYPD,Encampment,MANHATTAN,Closed
63606996,2025-01-01T10:57:00.000,2025-01-02T07:13:00.000,DSNY,Derelict Vehicles,BROOKLYN,Closed
63594022,2025-01-01T10:57:01.000,2025-02-11T09:53:39.000,DOHMH,Smoking or Vaping,MANHATTAN,Closed
63589874,2025-01-01T10:57:14.000,2025-01-02T17:06:14.000,NYPD,Noise - Residential,BRONX,Closed
63591635,2025-01-01T10:57:16.000,2025-01-01T11:31:49.000,NYPD,Illegal Parking,QUEENS,Closed
63588969,2025-01-01T10:57:19.000,2025-01-02T20:32:51.000,HPD,HEAT/HOT WATER,BROOKLYN,Closed
63587459,2025-01-01T10:57:20.000,2025-01-01T11:07:53.000,NYPD,Noise - Commercial,BRONX,Closed
63585917,2025-01-01T10:57:21.000,2025-01-02T17:06:13.000,NYPD,Noise - Residential,BRONX,Closed
63593040,2025-01-01T10:57:25.000,2025-01-01T21:55:38.000,NYPD,Illegal Parking,QUEENS,Closed
63592398,2025-01-01T10:57:31.000,2025-01-08T14:54:05.000,DOT,Sidewalk Condition,BROOKLYN,Closed
63589385,2025-01-01T10:57:53.000,2025-01-02T17:12:08.000,NYPD,Noise - Residential,BRONX,Closed
63589548,2025-01-01T10:58:09.000,2025-01-02T17:07:50.000,NYPD,Noise - Residential,BRONX,Closed
63590638,2025-01-01T10:58:16.000,2025-01-13T07:28:53.000,DSNY,Illegal Dumping,MANHATTAN,Closed
63594341,2025-01-01T10:58:17.000,2025-01-02T13:11:43.000,DSNY,Dirty Condition,BROOKLYN,Closed
63594433,2025-01-01T10:58:31.000,2025-01-02T17:08:31.000,NYPD,Noise - Residential,BRONX,Closed
63594220,2025-01-01T10:58:33.000,2025-01-01T13:35:32.000,NYPD,Blocked Driveway,QUEENS,Closed
63587488,2025-01-01T10:58:45.000,2025-01-01T14:19:36.000,NYPD,Noise - Residential,QUEENS,Closed
63586704,2025-01-01T10:58:53.000,2025-01-01T12:01:30.000,DSNY,Vendor Enforcement,MANHATTAN,Closed
63593290,2025-01-01T10:58:56.000,2025-01-02T17:02:51.000,NYPD,Noise - Residential,BRONX,Closed
63590646,2025-01-01T10:59:00.000,2025-01-01T12:00:00.000,DEP,Sewer,STATEN ISLAND,Closed
63587572,2025-01-01T10:59:07.000,2025-01-01T12:46:43.000,NYPD,Noise - Residential,MANHATTAN,Closed
63593660,2025-01-01T10:59:09.000,2025-01-02T17:10:25.000,NYPD,Noise - Residential,BRONX,Closed
63587608,2025-01-01T10:59:17.000,2025-01-01T11:10:05.000,NYPD,Non-Emergency Police Matter,QUEENS,Closed
63587753,2025-01-01T10:59:43.000,2025-01-02T11:41:44.000,HPD,HEAT/HOT WATER,MANHATTAN,Closed
63589621,2025-01-01T10:59:44.000,2025-01-02T17:02:52.000,NYPD,Noise - Residential,BRONX,Closed
63588570,2025-01-01T10:59:47.000,2025-01-02T17:02:52.000,NYPD,Noise - Residential,BRONX,Closed
63592711,2025-01-01T10:59:53.000,2025-01-03T09:23:45.000,HPD,HEAT/HOT WATER,BROOKLYN,Closed
63594843,2025-01-01T10:59:54.000,2025-01-01T11:12:03.000,NYPD,Noise - Residential,MANHATTAN,Closed
63592964,2025-01-01T10:59:55.000,2025-01-01T19:59:16.000,NYPD,Illegal Parking,BRONX,Closed
63590639,2025-01-01T10:59:56.000,2025-01-01T11:32:18.000,NYPD,Illegal Parking,QUEENS,Closed
63588874,2025-01-01T11:00:06.000,2025-01-01T11:17:24.000,HPD,HEAT/HOT WATER,BROOKLYN,Closed
63589535,2025-01-01T11:00:26.000,2025-01-02T17:12:08.000,NYPD,Noise - Residential,BRONX,Closed
63591986,2025-01-01T11:00:32.000,2025-01-02T17:12:08.000,NYPD,Noise - Residential,BRONX,Closed
63586450,2025-01-01T11:00:43.000,2025-01-01T12:14:03.000,NYPD,Encampment,MANHATTAN,Closed
63588249,2025-01-01T11:01:03.000,2025-01-02T17:02:51.000,NYPD,Noise - Residential,BRONX,Closed
63585594,2025-01-01T11:01:17.000,2025-01-02T15:06:48.000,DSNY,Illegal Dumping,BROOKLYN,Closed
63591558,2025-01-01T11:01:18.000,2025-01-01T11:30:17.000,NYPD,Abandoned Vehicle,QUEENS,Closed
63589595,2025-01-01T11:01:20.000,2025-01-02T17:08:34.000,NYPD,Noise - Residential,BRONX,Closed
63589458,2025-01-01T11:01:29.000,2025-01-02T06:01:01.000,DSNY,Dirty Condition,MANHATTAN,Closed
63593420,2025-01-01T11:01:41.000,2025-01-02T17:08:28.000,NYPD,Noise - Residential,BRONX,Closed
63595321,2025-01-01T11:01:56.000,2025-01-01T14:47:10.000,NYPD,Illegal Parking,QUEENS,Closed
63587471,2025-01-01T11:02:00.000,2025-01-08T18:40:00.000,DEP,Water System,QUEENS,Closed
63589868,2025-01-01T11:02:07.000,2025-01-02T17:02:51.000,NYPD,Noise - Residential,BRONX,Closed
63585895,2025-01-01T11:02:20.000,2025-01-02T17:06:11.000,NYPD,Noise - Residential,BRONX,Closed
63590487,2025-01-01T11:02:26.000,2025-01-01T12:41:10.000,NYPD,Blocked Driveway,BROOKLYN,Closed
63589007,2025-01-01T11:02:34.000,2025-01-03T13:15:47.000,HPD,HEAT/HOT WATER,BROOKLYN,Closed
63587713,2025-01-01T11:02:42.000,2025-01-02T12:18:36.000,HPD,HEAT/HOT WATER,MANHATTAN,Closed
63590332,2025-01-01T11:02:54.000,2025-02-16T03:50:36.000,DOHMH,Smoking or Vaping,BROOKLYN,Closed
63592194,2025-01-01T11:02:54.000,2025-01-02T17:06:12.000,NYPD,Noise - Residential,BRONX,Closed
63593999,2025-01-01T11:02:54.000,2025-01-04T10:59:02.000,HPD,HEAT/HOT WATER,MANHATTAN,Closed
63589388,2025-01-01T11:02:58.000,2025-01-02T17:07:43.000,NYPD,Noise - Residential,BRONX,Closed
63590190,2025-01-01T11:03:05.000,2025-01-01T11:17:24.000,HPD,HEAT/HOT WATER,BROOKLYN,Closed
63592391,2025-01-01T11:03:26.000,2025-01-03T00:00:00.000,DOB,Elevator,MANHATTAN,Closed
63586454,2025-01-01T11:03:26.000,2025-01-03T00:00:00.000,DOB,Plumbing,MANHATTAN,Closed
63594456,2025-01-01T11:03:36.000,2025-01-02T17:06:14.000,NYPD,Noise - Residential,BRONX,Closed
63589341,2025-01-01T11:03:39.000,2025-01-01T14:12:15.000,NYPD,Illegal Parking,BROOKLYN,Closed
63592088,2025-01-01T11:03:42.000,2025-01-02T17:08:37.000,NYPD,Noise - Residential,BRONX,Closed
63589695,2025-01-01T11:04:09.000,2025-01-01T11:43:09.000,NYPD,Illegal Parking,BRONX,Closed
63594701,2025-01-01T11:04:14.000,2025-01-02T17:06:10.000,NYPD,Noise - Residential,BRONX,Closed
63593283,2025-01-01T11:04:29.000,2025-01-02T17:02:51.000,NYPD,Noise - Residential,BRONX,Closed
63585798,2025-01-01T11:04:52.000,2025-01-02T17:12:08.000,NYPD,Noise - Residential,BRONX,Closed
63593048,2025-01-01T11:04:56.000,2025-01-01T13:51:52.000,NYPD,Illegal Parking,QUEENS,Closed
63586965,2025-01-01T11:05:00.000,2025-01-02T14:00:00.000,DEP,Noise,BROOKLYN,Closed
63593140,2025-01-01T11:05:00.000,2025-01-03T14:21:00.000,DEP,Lead,BROOKLYN,Closed
63615275,2025-01-01T11:05:14.000,2025-01-02T22:18:00.000,DOT,Street Condition,QUEENS,Closed
63590370,2025-01-01T11:05:16.000,2025-01-01T21:56:21.000,NYPD,Blocked Driveway,QUEENS,Closed
63590563,2025-01-01T11:05:16.000,2025-01-01T11:23:16.000,NYPD,Illegal Parking,QUEENS,Closed
63588569,2025-01-01T11:05:17.000,2025-01-02T17:02:52.000,NYPD,Noise - Residential,BRONX,Closed
63588165,2025-01-01T11:05:30.000,2025-01-02T17:07:45.000,NYPD,Noise - Residential,BRONX,Closed
63590390,2025-01-01T11:05:32.000,2025-01-07T09:10:11.000,DOT,Outdoor Dining,QUEENS,Closed
63593137,2025-01-01T11:06:01.000,2025-01-02T07:50:00.000,DOT,Street Condition,MANHATTAN,Pending
63588266,2025-01-01T11:06:05.000,2025-01-02T17:07:44.000,NYPD,Noise - Residential,BRONX,Closed
63587278,2025-01-01T11:06:08.000,2025-01-02T17:06:12.000,NYPD,Noise - Residential,BRONX,Closed
63595099,2025-01-01T11:06:21.000,2025-01-02T19:46:24.000,HPD,HEAT/HOT WATER,BROOKLYN,Closed
63588195,2025-01-01T11:06:22.000,2025-02-19T15:23:04.000,DPR,Root/Sewer/Sidewalk Condition,QUEENS,Closed
63587272,2025-01-01T11:06:46.000,2025-01-02T17:02:51.000,NYPD,Noise - Residential,BRONX,Closed
63594248,2025-01-01T11:06:47.000,2025-01-01T11:35:52.000,NYPD,Illegal Parking,BROOKLYN,Closed
63591915,2025-01-01T11:06:50.000,2025-01-02T12:24:02.000,DSNY,Dirty Condition,MANHATTAN,Closed
63593415,2025-01-01T11:06:52.000,2025-01-02T17:02:51.000,NYPD,Noise - Residential,BRONX,Closed
63591647,2025-01-01T11:06:57.000,2025-01-01T11:17:50.000,NYPD,Illegal Parking,BROOKLYN,Closed
63618260,2025-01-01T11:06:58.000,2025-01-02T02:24:00.000,DOT,Street Condition,QUEENS,Closed
63592193,2025-01-01T11:07:00.000,2025-04-15T09:39:00.000,DOT,Street Light Condition,MANHATTAN,Closed
63589176,2025-01-01T11:07:10.000,2025-01-01T11:42:00.000,NYPD,Non-Emergency Police Matter,BROOKLYN,Closed
63592942,2025-01-01T11:07:19.000,2025-01-01T17:46:27.000,NYPD,Illegal Parking,QUEENS,Closed
63588303,2025-01-01T11:07:25.000,2025-01-02T17:06:15.000,NYPD,Noise - Residential,BRONX,Closed
63592445,2025-01-01T11:07:31.000,2025-01-01T19:14:18.000,NYPD,Noise - Residential,BRONX,Closed
63592076,2025-01-01T11:07:40.000,2025-01-02T17:02:53.000,NYPD,Noise - Residential,BRONX,Closed
63588393,2025-01-01T11:07:55.000,2025-01-02T13:12:36.000,DSNY,Illegal Dumping,BROOKLYN,Closed
63593155,2025-01-01T11:08:00.000,2025-01-02T06:22:40.000,DSNY,Dirty Condition,BROOKLYN,Closed
63591515,2025-01-01T11:08:01.000,2025-01-01T20:04:35.000,NYPD,Abandoned Vehicle,BROOKLYN,Closed
63587271,2025-01-01T11:08:03.000,2025-01-02T17:02:57.000,NYPD,Noise - Residential,BRONX,Closed
63586097,2025-01-01T11:08:28.000,2025-01-02T17:10:25.000,NYPD,Noise - Residential,BRONX,Closed
63590437,2025-01-01T11:08:35.000,2025-01-01T11:35:32.000,NYPD,Illegal Parking,BROOKLYN,Closed
63586971,2025-01-01T11:08:41.000,2025-01-02T17:02:51.000,NYPD,Noise - Residential,BRONX,Closed
63591452,2025-01-01T11:08:51.000,2025-01-02T15:00:10.000,HPD,HEAT/HOT WATER,BRONX,Closed
63592764,2025-01-01T11:08:51.000,2025-01-02T15:00:10.000,HPD,HEAT/HOT WATER,BRONX,Closed
63587883,2025-01-01T11:08:57.000,2025-02-16T03:50:37.000,DOHMH,Smoking or Vaping,BROOKLYN,Closed
63590462,2025-01-01T11:09:01.000,2025-01-01T11:23:11.000,NYPD,Illegal Parking,BROOKLYN,Closed
63589021,2025-01-01T11:09:05.000,2025-01-02T14:10:42.000,HPD,HEAT/HOT WATER,BRONX,Closed
63592032,2025-01-01T11:09:15.000,2025-01-02T17:08:30.000,NYPD,Noise - Residential,BRONX,Closed
63587339,2025-01-01T11:09:19.000,2025-01-02T17:10:25.000,NYPD,Noise - Residential,BRONX,Closed
63589232,2025-01-01T11:09:20.000,2025-01-01T12:35:24.000,NYPD,Illegal Parking,BRONX,Closed
63586641,2025-01-01T11:09:23.000,2025-01-02T19:57:51.000,HPD,HEAT/HOT WATER,BROOKLYN,Closed
63586473,2025-01-01T11:09:50.000,2025-01-01T11:37:16.000,NYPD,Blocked Driveway,BROOKLYN,Closed
63586179,2025-01-01T11:09:57.000,2025-01-02T17:07:51.000,NYPD,Noise - Residential,BRONX,Closed
63588178,2025-01-01T11:10:03.000,2025-01-02T17:08:33.000,NYPD,Noise - Residential,BRONX,Closed
63589050,2025-01-01T11:10:06.000,2025-01-01T12:28:33.000,NYPD,Abandoned Vehicle,BROOKLYN,Closed
63591629,2025-01-01T11:10:18.000,2025-01-01T11:35:11.000,NYPD,Illegal Parking,BROOKLYN,Closed
63592979,2025-01-01T11:10:33.000,2025-01-01T14:24:24.000,NYPD,Illegal Parking,BRONX,Closed
63589807,2025-01-01T11:10:35.000,2025-01-02T17:07:46.000,NYPD,Noise - Residential,BRONX,Closed
63592631,2025-01-01T11:10:38.000,2025-01-01T21:29:15.000,NYPD,Noise - Street/Sidewalk,MANHATTAN,Closed
63591023,2025-01-01T11:10:50.000,2025-01-02T17:08:36.000,NYPD,Noise - Residential,BRONX,Closed
63593130,2025-01-01T11:11:00.000,2025-01-03T10:30:00.000,DEP,Noise,BROOKLYN,Closed
63585631,2025-01-01T11:11:00.000,2025-01-23T10:00:00.000,DEP,Water System,BROOKLYN,Closed
63587205,2025-01-01T11:11:13.000,2025-01-02T17:08:29.000,NYPD,Noise - Residential,BRONX,Closed
63586208,2025-01-01T11:11:21.000,2025-01-10T12:07:56.000,DOT,Bus Stop Shelter Complaint,QUEENS,Closed
63587505,2025-01-01T11:11:25.000,2025-01-01T11:53:05.000,NYPD,Noise - Residential,BROOKLYN,Closed
63595047,2025-01-01T11:11:32.000,2025-01-01T11:23:12.000,NYPD,Non-Emergency Police Matter,QUEENS,Closed
63593547,2025-01-01T11:11:37.000,2025-01-06T09:41:09.000,DOT,Sidewalk Condition,MANHATTAN,Closed
63588384,2025-01-01T11:11:37.000,2025-01-02T17:04:35.000,NYPD,Noise - Residential,BRONX,Closed
63588576,2025-01-01T11:11:45.000,2025-01-01T16:51:30.000,NYPD,Noise - Residential,BROOKLYN,Closed
63594473,2025-01-01T11:11:48.000,2025-01-01T13:39:28.000,NYPD,Encampment,MANHATTAN,Closed
63593353,2025-01-01T11:11:51.000,2025-01-02T17:08:33.000,NYPD,Noise - Residential,BRONX,Closed
63589018,2025-01-01T11:12:06.000,2025-01-02T14:10:42.000,HPD,HEAT/HOT WATER,BRONX,Closed
63591393,2025-01-01T11:12:11.000,2025-01-02T13:09:34.000,HPD,HEAT/HOT WATER,BROOKLYN,Closed
63591451,2025-01-01T11:12:13.000,2025-01-03T16:04:43.000,HPD,HEAT/HOT WATER,MANHATTAN,Closed
63589849,2025-01-01T11:12:14.000,2025-01-01T12:05:55.000,NYPD,Noise - Residential,BROOKLYN,Closed
63590256,2025-01-01T11:12:18.000,2025-01-02T17:42:08.000,HPD,HEAT/HOT WATER,QUEENS,Closed
63586922,2025-01-01T11:12:25.000,2025-01-02T17:08:33.000,NYPD,Noise - Residential,BRONX,Closed
63587373,2025-01-01T11:12:30.000,2025-01-02T17:07:43.000,NYPD,Noise - Residential,BRONX,Closed
63592990,2025-01-01T11:12:39.000,2025-01-01T17:23:04.000,NYPD,Illegal Parking,QUEENS,Closed
63590216,2025-01-01T11:12:46.000,2025-01-03T13:03:05.000,HPD,HEAT/HOT WATER,MANHATTAN,Closed
63591359,2025-01-01T11:12:48.000,2025-01-22T18:19:55.000,HPD,DOOR/WINDOW,BROOKLYN,Closed
63592783,2025-01-01T11:12:50.000,2025-01-02T14:10:42.000,HPD,HEAT/HOT WATER,BRONX,Closed
63594860,2025-01-01T11:13:08.000,2025-01-02T17:10:25.000,NYPD,Noise - Residential,BRONX,Closed
63591973,2025-01-01T11:13:13.000,2025-01-02T17:02:52.000,NYPD,Noise - Residential,BRONX,Closed
63592378,2025-01-01T11:13:46.000,2025-01-02T17:10:25.000,NYPD,Noise - Residential,BRONX,Closed
63593068,2025-01-01T11:13:47.000,2025-01-01T13:01:33.000,DSNY,Vendor Enforcement,MANHATTAN,Closed
63589175,2025-01-01T11:14:00.000,2025-01-01T14:12:41.000,NYPD,Blocked Driveway,BROOKLYN,Closed
63593139,2025-01-01T11:14:00.000,2025-01-01T14:10:00.000,DEP,Water System,MANHATTAN,Closed
63593506,2025-01-01T11:14:00.000,2025-01-02T17:07:44.000,NYPD,Noise - Residential,BRONX,Closed
63605223,2025-01-01T11:14:00.000,2025-01-02T07:48:00.000,DSNY,Derelict Vehicles,BRONX,Closed
63593342,2025-01-01T11:14:24.000,2025-01-02T17:12:11.000,NYPD,Noise - Residential,BRONX,Closed
63590958,2025-01-01T11:14:48.000,2025-01-02T17:06:16.000,NYPD,Noise - Residential,BRONX,Closed
63603087,2025-01-01T11:15:00.000,2025-05-16T11:40:00.000,DOT,Traffic Signal Condition,BRONX,Closed
63593244,2025-01-01T11:15:02.000,2025-01-02T17:12:07.000,NYPD,Noise - Residential,BRONX,Closed
63591280,2025-01-01T11:15:18.000,2025-01-01T21:56:54.000,NYPD,Noise - Residential,QUEENS,Closed
63593511,2025-01-01T11:15:35.000,2025-01-02T17:04:36.000,NYPD,Noise - Residential,BRONX,Closed
63589620,2025-01-01T11:15:40.000,2025-01-02T17:02:52.000,NYPD,Noise - Residential,BRONX,Closed
63595157,2025-01-01T11:15:43.000,2025-01-02T08:44:54.000,HPD,HEAT/HOT WATER,BROOKLYN,Closed
63589008,2025-01-01T11:15:44.000,2025-01-02T14:10:42.000,HPD,HEAT/HOT WATER,BRONX,Closed
63594037,2025-01-01T11:15:45.000,2025-08-20T22:24:53.000,HPD,UNSANITARY CONDITION,MANHATTAN,Closed
63592752,2025-01-01T11:15:45.000,2025-01-05T10:57:54.000,HPD,HEAT/HOT WATER,MANHATTAN,Closed
63591871,2025-01-01T11:15:52.000,2025-03-21T08:03:51.000,TLC,For Hire Vehicle Complaint,MANHATTAN,Closed
63586782,2025-01-01T11:16:07.000,2025-01-01T12:02:53.000,NYPD,Illegal Parking,BROOKLYN,Closed
63587039,2025-01-01T11:16:17.000,2025-01-02T04:35:28.000,NYPD,Noise - Residential,QUEENS,Closed
63587194,2025-01-01T11:16:18.000,2025-01-02T17:04:36.000,NYPD,Noise - Residential,BRONX,Closed
63588601,2025-01-01T11:16:23.000,2025-01-02T17:04:34.000,NYPD,Noise - Residential,BRONX,Closed
63592789,2025-01-01T11:16:42.000,2025-01-02T13:49:04.000,HPD,HEAT/HOT WATER,BRONX,Closed
63591583,2025-01-01T11:16:46.000,2025-01-01T13:13:19.000,NYPD,Non-Emergency Police Matter,QUEENS,Closed
63589054,2025-01-01T11:16:53.000,2025-01-02T13:49:04.000,HPD,HEAT/HOT WATER,BRONX,Closed
63593930,2025-01-01T11:16:54.000,2025-01-03T16:20:43.000,HPD,HEAT/HOT WATER,MANHATTAN,Closed
63591516,2025-01-01T11:16:55.000,2025-01-01T18:30:58.000,NYPD,Abandoned Vehicle,BROOKLYN,Closed
63588568,2025-01-01T11:16:56.000,2025-01-02T17:02:51.000,NYPD,Noise - Residential,BRONX,Closed
63591557,2025-01-01T11:17:00.000,2025-01-01T13:39:26.000,NYPD,Blocked Driveway,BRONX,Closed
63591394,2025-01-01T11:17:10.000,2025-01-02T10:28:18.000,HPD,HEAT/HOT WATER,BRONX,Closed
63594883,2025-01-01T11:17:11.000,2025-01-02T17:07:51.000,NYPD,Noise - Residential,BRONX,Closed
63587474,2025-01-01T11:17:22.000,2025-01-01T11:59:24.000,NYPD,Noise - Residential,MANHATTAN,Closed
63590523,2025-01-01T11:17:27.000,2025-01-01T14:49:53.000,NYPD,Illegal Parking,BRONX,Closed
63588808,2025-01-01T11:17:32.000,2025-01-01T17:27:19.000,NYPD,Noise - Vehicle,BRONX,Closed
63588593,2025-01-01T11:17:35.000,2025-01-02T17:04:38.000,NYPD,Noise - Residential,BRONX,Closed
63589889,2025-01-01T11:17:58.000,2025-01-02T17:04:39.000,NYPD,Noise - Residential,BRONX,Closed
63592048,2025-01-01T11:18:05.000,2025-01-02T10:30:19.000,DOHMH,Rodent,BROOKLYN,Closed
63595411,2025-01-01T11:18:13.000,2025-01-01T13:52:18.000,NYPD,Blocked Driveway,STATEN ISLAND,Closed
63589577,2025-01-01T11:18:13.000,2025-01-02T17:08:36.000,NYPD,Noise - Residential,BRONX,Closed
63585604,2025-01-01T11:18:14.000,2025-01-02T23:24:49.000,DSNY,Dirty Condition,BROOKLYN,Closed
63590537,2025-01-01T11:18:17.000,2025-01-02T13:09:14.000,DSNY,Residential Disposal Complaint,MANHATTAN,Closed
63589345,2025-01-01T11:18:43.000,2025-01-01T18:00:57.000,NYPD,Illegal Parking,QUEENS,Closed
63591204,2025-01-01T11:18:46.000,2025-01-02T17:07:44.000,NYPD,Noise - Residential,BRONX,Closed
63593070,2025-01-01T11:18:47.000,2025-01-01T13:01:28.000,DSNY,Vendor Enforcement,BROOKLYN,Closed
63585960,2025-01-01T11:18:51.000,2025-01-02T17:06:14.000,NYPD,Noise - Residential,BRONX,Closed
63587769,2025-01-01T11:19:24.000,2025-01-02T20:34:05.000,HPD,HEAT/HOT WATER,BRONX,Closed
63595191,2025-01-01T11:19:24.000,2025-01-02T20:34:05.000,HPD,HEAT/HOT WATER,BRONX,Closed
63589696,2025-01-01T11:19:25.000,2025-01-07T15:09:48.000,DSNY,Litter Basket Request,MANHATTAN,Closed
63585797,2025-01-01T11:19:29.000,2025-01-02T17:12:08.000,NYPD,Noise - Residential,BRONX,Closed
63592216,2025-01-01T11:19:33.000,2025-01-02T17:02:54.000,NYPD,Noise - Residential,BRONX,Closed
63592757,2025-01-01T11:19:46.000,2025-01-02T15:00:10.000,HPD,HEAT/HOT WATER,BRONX,Closed
63595093,2025-01-01T11:19:49.000,2025-01-02T20:27:35.000,HPD,HEAT/HOT WATER,BRONX,Closed
63592767,2025-01-01T11:19:51.000,2025-01-02T14:10:42.000,HPD,HEAT/HOT WATER,BRONX,Closed
63590419,2025-01-01T11:19:52.000,2025-01-01T13:01:26.000,DSNY,Vendor Enforcement,MANHATTAN,Closed
63590482,2025-01-01T11:20:00.000,2025-01-01T12:40:00.000,DOT,Traffic Signal Condition,QUEENS,Closed
63594334,2025-01-01T11:20:00.000,2025-01-03T15:00:00.000,DEP,Noise,QUEENS,Closed
63590749,2025-01-01T11:20:07.000,2025-01-02T17:02:51.000,NYPD,Noise - Residential,BRONX,Closed
63593463,2025-01-01T11:20:21.000,2025-01-02T17:10:26.000,NYPD,Noise - Residential,BRONX,Closed
63591636,2025-01-01T11:20:21.000,2025-01-01T13:51:46.000,NYPD,Illegal Parking,BROOKLYN,Closed
63590540,2025-01-01T11:20:35.000,2025-01-01T14:34:55.000,NYPD,Illegal Parking,BRONX,Closed
63590977,2025-01-01T11:20:45.000,2025-01-02T17:04:38.000,NYPD,Noise - Residential,BRONX,Closed
63591603,2025-01-01T11:21:03.000,2025-01-01T14:40:58.000,NYPD,Animal-Abuse,BROOKLYN,Closed
63588544,2025-01-01T11:21:08.000,2025-01-02T17:07:49.000,NYPD,Noise - Residential,BRONX,Closed
63593011,2025-01-01T11:21:22.000,2025-01-01T17:02:44.000,NYPD,Illegal Parking,BRONX,Closed
63591198,2025-01-01T11:21:23.000,2025-01-02T17:10:27.000,NYPD,Noise - Residential,BRONX,Closed
63590333,2025-01-01T11:21:41.000,2025-01-01T19:01:36.000,NYPD,Abandoned Vehicle,BROOKLYN,Closed
63593231,2025-01-01T11:21:56.000,2025-01-02T17:12:07.000,NYPD,Noise - Residential,BRONX,Closed
63588682,2025-01-01T11:22:01.000,2025-01-02T17:10:26.000,NYPD,Noise - Residential,BRONX,Closed
63594090,2025-01-01T11:22:01.000,2025-01-01T16:51:48.000,NYPD,Blocked Driveway,BROOKLYN,Closed
63592050,2025-01-01T11:22:34.000,2025-10-24T12:52:37.000,TLC,Taxi Complaint,MANHATTAN,Closed
63593455,2025-01-01T11:22:40.000,2025-01-02T17:06:12.000,NYPD,Noise - Residential,BRONX,Closed
63593516,2025-01-01T11:22:43.000,2025-01-02T17:04:36.000,NYPD,Noise - Residential,BRONX,Closed
63592648,2025-01-01T11:22:44.000,2025-02-18T08:10:43.000,HPD,DOOR/WINDOW,BRONX,Closed
63591811,2025-01-01T11:22:44.000,2025-01-06T17:43:29.000,HPD,UNSANITARY CONDITION,BRONX,Closed
63592655,2025-01-01T11:22:44.000,2025-02-18T08:10:43.000,HPD,ELECTRIC,BRONX,Closed
63592660,2025-01-01T11:22:44.000,2025-02-18T08:10:43.000,HPD,GENERAL,BRONX,Closed
63589640,2025-01-01T11:22:45.000,2025-01-01T12:01:07.000,NYPD,Panhandling,MANHATTAN,Closed
63588777,2025-01-01T11:22:46.000,2025-01-01T11:44:57.000,NYPD,Encampment,MANHATTAN,Closed
63594761,2025-01-01T11:22:46.000,2025-03-25T06:48:14.000,DHS,Encampment,MANHATTAN,Closed
63590225,2025-01-01T11:22:47.000,2025-01-02T14:10:42.000,HPD,HEAT/HOT WATER,BRONX,Closed
63595175,2025-01-01T11:22:57.000,2025-01-29T20:23:04.000,HPD,PLUMBING,MANHATTAN,Closed
63595144,2025-01-01T11:22:58.000,2025-01-02T14:10:42.000,HPD,HEAT/HOT WATER,BRONX,Closed
63590670,2025-01-01T11:23:00.000,2025-01-06T13:30:00.000,DEP,Water System,MANHATTAN,Closed
63590999,2025-01-01T11:23:00.000,2025-01-02T06:18:00.000,DEP,Water System,STATEN ISLAND,Closed
63589162,2025-01-01T11:23:02.000,2025-01-01T13:01:26.000,DSNY,Vendor Enforcement,MANHATTAN,Closed
63586263,2025-01-01T11:23:08.000,2025-01-01T11:50:20.000,NYPD,Noise - Residential,BROOKLYN,Closed
63589806,2025-01-01T11:23:18.000,2025-01-02T17:07:49.000,NYPD,Noise - Residential,BRONX,Closed
63591354,2025-01-01T11:23:20.000,2025-02-20T17:32:16.000,HPD,FLOORING/STAIRS,QUEENS,Closed
63592656,2025-01-01T11:23:20.000,2025-02-20T17:32:15.000,HPD,ELECTRIC,QUEENS,Closed
63594027,2025-01-01T11:23:20.000,2025-02-20T17:32:15.000,HPD,PLUMBING,QUEENS,Closed
63593876,2025-01-01T11:23:20.000,2025-02-20T17:32:16.000,HPD,ELECTRIC,QUEENS,Closed
63592680,2025-01-01T11:23:26.000,2025-01-02T20:27:35.000,HPD,HEAT/HOT WATER,BRONX,Closed
63587021,2025-01-01T11:23:29.000,2025-01-02T00:38:29.000,NYPD,Illegal Parking,BROOKLYN,Closed
63593681,2025-01-01T11:23:31.000,2025-01-02T17:07:45.000,NYPD,Noise - Residential,BRONX,Closed
63591021,2025-01-01T11:23:56.000,2025-01-02T17:08:31.000,NYPD,Noise - Residential,BRONX,Closed
63589291,2025-01-01T11:24:01.000,2025-01-01T12:49:04.000,NYPD,Illegal Parking,BROOKLYN,Closed
63591203,2025-01-01T11:24:19.000,2025-01-02T17:07:47.000,NYPD,Noise - Residential,BRONX,Closed
63585749,2025-01-01T11:24:34.000,2025-01-02T17:12:06.000,NYPD,Noise - Residential,BRONX,Closed
63591725,2025-01-01T11:25:01.000,2025-01-01T11:27:27.000,NYPD,Illegal Parking,BROOKLYN,Closed
63593609,2025-01-01T11:25:06.000,2025-01-02T17:10:26.000,NYPD,Noise - Residential,BRONX,Closed
63586096,2025-01-01T11:25:12.000,2025-01-02T17:10:26.000,NYPD,Noise - Residential,BRONX,Closed
63587369,2025-01-01T11:25:50.000,2025-01-02T17:10:26.000,NYPD,Noise - Residential,BRONX,Closed
63588695,2025-01-01T11:25:54.000,2025-01-02T17:07:47.000,NYPD,Noise - Residential,BRONX,Closed
63591737,2025-01-01T11:26:03.000,2025-01-01T13:12:48.000,NYPD,Illegal Parking,BROOKLYN,Closed
63594782,2025-01-01T11:26:04.000,2025-01-01T12:00:26.000,NYPD,Noise - Residential,BRONX,Closed
63590186,2025-01-01T11:26:17.000,2025-01-02T16:27:04.000,HPD,HEAT/HOT WATER,BROOKLYN,Closed
63588999,2025-01-01T11:26:19.000,2025-01-01T11:51:24.000,NYPD,Abandoned Vehicle,BROOKLYN,Closed
63592590,2025-01-01T11:26:21.000,2025-01-01T12:14:51.000,NYPD,Non-Emergency Police Matter,QUEENS,Closed
63591432,2025-01-01T11:26:23.000,2025-01-02T16:48:27.000,HPD,HEAT/HOT WATER,BROOKLYN,Closed
63594484,2025-01-01T11:26:28.000,2025-01-02T17:04:35.000,NYPD,Noise - Residential,BRONX,Closed
63595166,2025-01-01T11:26:33.000,2025-01-02T15:18:20.000,HPD,HEAT/HOT WATER,BROOKLYN,Closed
63594306,2025-01-01T11:26:37.000,2025-01-07T04:33:36.000,DSNY,Illegal Dumping,BROOKLYN,Closed
63589058,2025-01-01T11:26:38.000,2025-01-02T01:33:40.000,NYPD,Blocked Driveway,QUEENS,Closed
63589612,2025-01-01T11:26:41.000,2025-01-02T17:02:51.000,NYPD,Noise - Residential,BRONX,Closed
63591395,2025-01-01T11:26:43.000,2025-01-02T20:27:35.000,HPD,HEAT/HOT WATER,BRONX,Closed
63591747,2025-01-01T11:26:58.000,2025-01-01T13:01:27.000,DSNY,Vendor Enforcement,MANHATTAN,Closed
63593230,2025-01-01T11:27:06.000,2025-01-02T17:12:07.000,NYPD,Noise - Residential,BRONX,Closed
63592694,2025-01-01T11:27:11.000,2025-01-02T10:18:42.000,HPD,HEAT/HOT WATER,BRONX,Closed
63595394,2025-01-01T11:27:16.000,2025-01-10T12:08:15.000,DOT,Bus Stop Shelter Complaint,QUEENS,Closed
63592134,2025-01-01T11:27:29.000,2025-01-02T17:04:36.000,NYPD,Noise - Residential,BRONX,Closed
63593166,2025-01-01T11:27:30.000,2025-01-02T00:00:00.000,DOB,Real Time Enforcement,MANHATTAN,Closed
63593236,2025-01-01T11:27:45.000,2025-01-02T17:08:33.000,NYPD,Noise - Residential,BRONX,Closed
63592491,2025-01-01T11:27:48.000,2025-01-01T13:39:09.000,NYPD,Encampment,MANHATTAN,Closed
63601665,2025-01-01T11:28:00.000,2025-01-02T04:04:00.000,DSNY,Derelict Vehicles,QUEENS,Closed
63589266,2025-01-01T11:28:15.000,2025-01-01T12:17:54.000,NYPD,Illegal Parking,MANHATTAN,Closed
63586176,2025-01-01T11:28:16.000,2025-01-02T17:07:49.000,NYPD,Noise - Residential,BRONX,Closed
63593652,2025-01-01T11:28:23.000,2025-01-02T17:10:27.000,NYPD,Noise - Residential,BRONX,Closed
63589199,2025-01-01T11:28:44.000,2025-01-01T16:16:19.000,NYPD,Illegal Parking,BRONX,Closed
63585638,2025-01-01T11:28:58.000,2025-01-01T11:52:20.000,NYPD,Illegal Parking,BROOKLYN,Closed
63585742,2025-01-01T11:29:00.000,2025-01-03T12:45:00.000,DEP,Noise,MANHATTAN,Closed
63591108,2025-01-01T11:29:01.000,2025-01-02T17:07:45.000,NYPD,Noise - Residential,BRONX,Closed
63592383,2025-01-01T11:29:04.000,2025-01-02T17:07:49.000,NYPD,Noise - Residential,BRONX,Closed
63589004,2025-01-01T11:29:34.000,2025-01-03T21:02:38.000,HPD,HEAT/HOT WATER,BRONX,Closed
63591066,2025-01-01T11:29:39.000,2025-01-02T17:02:52.000,NYPD,Noise - Residential,BRONX,Closed
63589036,2025-01-01T11:29:41.000,2025-01-06T21:01:22.000,HPD,PAINT/PLASTER,BRONX,Closed
63587789,2025-01-01T11:29:41.000,2025-01-06T21:01:22.000,HPD,PAINT/PLASTER,BRONX,Closed
63595053,2025-01-01T11:29:41.000,2025-01-06T21:01:23.000,HPD,FLOORING/STAIRS,BRONX,Closed
63594035,2025-01-01T11:29:41.000,2025-01-06T21:01:23.000,HPD,PLUMBING,BRONX,Closed
63586878,2025-01-01T11:29:41.000,2025-01-06T21:01:24.000,HPD,APPLIANCE,BRONX,Closed
63591548,2025-01-01T11:29:41.000,2025-01-06T21:01:25.000,HPD,PLUMBING,BRONX,Closed
63587658,2025-01-01T11:29:41.000,2025-01-06T21:01:26.000,HPD,APPLIANCE,BRONX,Closed
63588103,2025-01-01T11:29:41.000,2025-01-06T21:01:25.000,HPD,PAINT/PLASTER,BRONX,Closed
63594972,2025-01-01T11:29:42.000,2025-01-01T12:58:15.000,NYPD,Noise - Residential,BROOKLYN,Closed
63589020,2025-01-01T11:29:43.000,2025-01-01T22:50:30.000,HPD,HEAT/HOT WATER,MANHATTAN,Closed
63588301,2025-01-01T11:29:51.000,2025-01-02T17:02:52.000,NYPD,Noise - Residential,BRONX,Closed
63590402,2025-01-01T11:29:52.000,2025-01-01T13:04:09.000,NYPD,Illegal Parking,MANHATTAN,Closed
63594966,2025-01-01T11:30:00.000,2025-01-01T16:17:05.000,NYPD,Noise - Residential,BRONX,Closed
63586094,2025-01-01T11:30:17.000,2025-01-02T17:10:26.000,NYPD,Noise - Residential,BRONX,Closed
63594137,2025-01-01T11:30:21.000,2025-01-01T17:41:58.000,NYPD,Illegal Parking,QUEENS,Closed
63594295,2025-01-01T11:30:23.000,2025-01-01T17:41:34.000,NYPD,Noise - Vehicle,QUEENS,Closed
63590957,2025-01-01T11:30:39.000,2025-01-02T17:06:11.000,NYPD,Noise - Residential,BRONX,Closed
63591005,2025-01-01T11:30:55.000,2025-01-02T17:07:44.000,NYPD,Noise - Residential,BRONX,Closed
63585625,2025-01-01T11:30:55.000,2025-01-06T08:39:26.000,DSNY,Illegal Dumping,QUEENS,Closed
63591520,2025-01-01T11:31:27.000,2025-01-01T14:20:33.000,NYPD,Illegal Parking,QUEENS,Closed
63590881,2025-01-01T11:31:27.000,2025-01-02T17:10:26.000,NYPD,Noise - Residential,BRONX,Closed
63585785,2025-01-01T11:31:33.000,2025-01-02T17:12:12.000,NYPD,Noise - Residential,BRONX,Closed
63586679,2025-01-01T11:31:52.000,2025-01-01T12:44:57.000,NYPD,Illegal Parking,BROOKLYN,Closed
63591643,2025-01-01T11:32:08.000,2025-01-01T13:36:17.000,NYPD,Blocked Driveway,QUEENS,Closed
63588991,2025-01-01T11:32:09.000,2025-01-10T22:58:45.000,DOHMH,Mobile Food Vendor,MANHATTAN,Closed
63588340,2025-01-01T11:32:11.000,2025-01-02T17:04:39.000,NYPD,Noise - Residential,BRONX,Closed
63590994,2025-01-01T11:32:14.000,2025-01-02T17:12:08.000,NYPD,Noise - Residential,BRONX,Closed
63590597,2025-01-01T11:32:43.000,2025-01-06T11:55:24.000,HPD,WATER LEAK,BROOKLYN,Closed
63586959,2025-01-01T11:32:44.000,2025-01-01T12:10:41.000,NYPD,Illegal Parking,MANHATTAN,Closed
63590788,2025-01-01T11:32:50.000,2025-01-02T17:08:31.000,NYPD,Noise - Residential,BRONX,Closed
63595207,2025-01-01T11:32:57.000,2025-01-02T14:10:42.000,HPD,HEAT/HOT WATER,BRONX,Closed
63587662,2025-01-01T11:33:01.000,2025-01-04T11:05:18.000,HPD,HEAT/HOT WATER,MANHATTAN,Closed
63586339,2025-01-01T11:33:02.000,2025-01-01T12:23:13.000,NYPD,Noise - Residential,BRONX,Closed
63594857,2025-01-01T11:33:02.000,2025-01-02T17:10:27.000,NYPD,Noise - Residential,BRONX,Closed
63587027,2025-01-01T11:33:28.000,2025-01-02T17:04:36.000,NYPD,Noise - Residential,BRONX,Closed
63587637,2025-01-01T11:33:38.000,2025-01-13T00:00:00.000,DOB,Elevator,BROOKLYN,Closed
63594483,2025-01-01T11:33:49.000,2025-01-02T17:04:36.000,NYPD,Noise - Residential,BRONX,Closed
63586781,2025-01-01T11:33:52.000,2025-01-01T18:40:14.000,NYPD,Illegal Parking,QUEENS,Closed
63590500,2025-01-01T11:33:58.000,2025-01-01T13:01:25.000,DSNY,Vendor Enforcement,MANHATTAN,Closed
63589415,2025-01-01T11:34:06.000,2025-01-02T17:02:52.000,NYPD,Noise - Residential,BRONX,Closed
63588841,2025-01-01T11:34:25.000,2025-01-01T13:13:22.000,NYPD,Noise - Residential,BRONX,Closed
63593790,2025-01-01T11:34:35.000,2025-01-01T12:58:20.000,NYPD,Noise - Residential,BROOKLYN,Closed
63590975,2025-01-01T11:34:37.000,2025-01-02T17:04:34.000,NYPD,Noise - Residential,BRONX,Closed
63595442,2025-01-01T11:34:38.000,2025-01-01T13:06:07.000,NYPD,Illegal Parking,BROOKLYN,Closed
63594724,2025-01-01T11:34:44.000,2025-01-02T17:06:15.000,NYPD,Noise - Residential,BRONX,Closed
63595281,2025-01-01T11:34:46.000,2025-01-01T11:46:03.000,NYPD,Illegal Parking,QUEENS,Closed
63592539,2025-01-01T11:34:54.000,2025-01-01T12:33:00.000,NYPD,Noise - Residential,QUEENS,Closed
63588221,2025-01-01T11:35:00.000,2025-05-07T10:30:00.000,DEP,Sewer,BRONX,Closed
63585912,2025-01-01T11:35:00.000,2025-01-02T11:12:00.000,DEP,Water Conservation,STATEN ISLAND,Closed
63589760,2025-01-01T11:35:00.000,2025-01-02T06:19:00.000,DEP,Water System,STATEN ISLAND,Closed
63595342,2025-01-01T11:35:02.000,2025-01-01T13:08:44.000,NYPD,Illegal Parking,QUEENS,Closed
63587846,2025-01-01T11:35:17.000,2025-01-01T12:20:39.000,NYPD,Blocked Driveway,QUEENS,Closed
63586771,2025-01-01T11:35:20.000,2025-01-01T17:14:16.000,NYPD,Illegal Parking,STATEN ISLAND,Closed
63589565,2025-01-01T11:35:23.000,2025-01-02T17:07:48.000,NYPD,Noise - Residential,BRONX,Closed
63589790,2025-01-01T11:35:24.000,2025-01-02T17:10:25.000,NYPD,Noise - Residential,BRONX,Closed
63591742,2025-01-01T11:35:26.000,2025-01-01T13:01:34.000,DSNY,Vendor Enforcement,MANHATTAN,Closed
63590409,2025-01-01T11:35:29.000,2025-01-02T12:17:36.000,NYPD,Blocked Driveway,BROOKLYN,Closed
63595148,2025-01-01T11:35:45.000,2025-01-02T14:10:42.000,HPD,HEAT/HOT WATER,BRONX,Closed
63593957,2025-01-01T11:35:46.000,2025-01-02T10:51:43.000,HPD,HEAT/HOT WATER,BRONX,Closed
63592780,2025-01-01T11:35:47.000,2025-01-02T14:10:42.000,HPD,HEAT/HOT WATER,BRONX,Closed
63590152,2025-01-01T11:35:49.000,2025-01-01T19:19:55.000,HPD,HEAT/HOT WATER,QUEENS,Closed
63589314,2025-01-01T11:35:49.000,2025-01-01T19:19:55.000,HPD,PLUMBING,QUEENS,Closed
63593859,2025-01-01T11:35:56.000,2025-01-01T12:11:34.000,NYPD,Noise - Street/Sidewalk,MANHATTAN,Closed
63587059,2025-01-01T11:36:00.000,2025-01-02T17:12:07.000,NYPD,Noise - Residential,BRONX,Closed
63593206,2025-01-01T11:36:00.000,2025-01-02T15:06:05.000,TLC,Lost Property,MANHATTAN,Closed
63593043,2025-01-01T11:36:05.000,2025-01-01T11:55:49.000,NYPD,Illegal Parking,BROOKLYN,Closed
63586151,2025-01-01T11:36:12.000,2025-01-02T17:10:26.000,NYPD,Noise - Residential,BRONX,Closed
63594748,2025-01-01T11:36:16.000,2025-01-01T11:53:47.000,NYPD,Noise - Residential,BROOKLYN,Closed
63589182,2025-01-01T11:36:25.000,2025-01-02T12:55:52.000,DSNY,Dirty Condition,BROOKLYN,Closed
63594400,2025-01-01T11:36:38.000,2025-01-02T17:12:09.000,NYPD,Noise - Residential,BRONX,Closed
63590395,2025-01-01T11:36:39.000,2025-01-01T13:01:37.000,DSNY,Commercial Disposal Complaint,MANHATTAN,Closed
63591562,2025-01-01T11:36:52.000,2025-01-01T12:25:37.000,NYPD,Blocked Driveway,BRONX,Closed
63591750,2025-01-01T11:36:56.000,2025-01-01T16:33:18.000,NYPD,Illegal Parking,BROOKLYN,Closed
63594610,2025-01-01T11:37:00.000,2025-01-02T17:12:11.000,NYPD,Noise - Residential,BRONX,Closed
63592001,2025-01-01T11:37:17.000,2025-01-02T17:06:12.000,NYPD,Noise - Residential,BRONX,Closed
63591194,2025-01-01T11:37:40.000,2025-01-01T16:49:05.000,NYPD,Noise - Residential,BRONX,Closed
63591065,2025-01-01T11:37:47.000,2025-01-02T17:02:54.000,NYPD,Noise - Residential,BRONX,Closed
63589526,2025-01-01T11:37:55.000,2025-01-02T17:12:10.000,NYPD,Noise - Residential,BRONX,Closed
63595288,2025-01-01T11:37:57.000,2025-01-01T13:08:29.000,NYPD,Illegal Parking,QUEENS,Closed
63591593,2025-01-01T11:37:58.000,2025-01-02T11:14:52.000,DOT,Street Condition,QUEENS,Closed
63588306,2025-01-01T11:38:00.000,2025-01-01T12:40:00.000,DEP,Sewer,QUEENS,Closed
63586024,2025-01-01T11:38:00.000,2025-01-06T13:45:00.000,DEP,Water System,BROOKLYN,Closed
63586232,2025-01-01T11:38:00.000,2025-01-02T03:15:00.000,DOT,Traffic Signal Condition,BROOKLYN,Closed
63595473,2025-01-01T11:38:18.000,2025-01-01T12:39:54.000,NYPD,Illegal Parking,QUEENS,Closed
63592953,2025-01-01T11:38:19.000,2025-01-01T12:09:20.000,NYPD,Illegal Parking,QUEENS,Closed
63591058,2025-01-01T11:38:20.000,2025-01-03T08:12:14.000,DOT,Street Sign - Damaged,BROOKLYN,Closed
63594492,2025-01-01T11:38:33.000,2025-01-02T17:04:37.000,NYPD,Noise - Residential,BRONX,Closed
63588146,2025-01-01T11:38:35.000,2025-01-02T17:12:07.000,NYPD,Noise - Residential,BRONX,Closed
63588880,2025-01-01T11:38:45.000,2025-01-03T20:34:49.000,HPD,ELECTRIC,BROOKLYN,Closed
63590154,2025-01-01T11:38:45.000,2025-04-02T17:10:50.000,HPD,ELECTRIC,QUEENS,Closed
63595135,2025-01-01T11:38:45.000,2025-01-02T17:24:41.000,HPD,HEAT/HOT WATER,BROOKLYN,Closed
63591347,2025-01-01T11:38:50.000,2025-02-20T17:32:16.000,HPD,APPLIANCE,QUEENS,Closed
63595062,2025-01-01T11:38:50.000,2025-02-20T17:32:16.000,HPD,DOOR/WINDOW,QUEENS,Closed
63590656,2025-01-01T11:38:50.000,2025-02-20T17:32:16.000,HPD,DOOR/WINDOW,QUEENS,Closed
63588020,2025-01-01T11:38:52.000,2025-01-01T12:23:46.000,NYPD,Illegal Parking,BRONX,Closed
63594062,2025-01-01T11:38:54.000,2025-02-28T16:23:56.000,HPD,UNSANITARY CONDITION,BRONX,Closed
63593994,2025-01-01T11:38:56.000,2025-01-02T14:10:42.000,HPD,HEAT/HOT WATER,BRONX,Closed
63586689,2025-01-01T11:39:06.000,2025-01-01T21:57:48.000,NYPD,Illegal Parking,QUEENS,Closed
63594429,2025-01-01T11:39:11.000,2025-01-02T17:08:38.000,NYPD,Noise - Residential,BRONX,Closed
63594238,2025-01-01T11:39:15.000,2025-01-01T12:03:23.000,NYPD,Non-Emergency Police Matter,BROOKLYN,Closed
63586869,2025-01-01T11:39:19.000,2025-01-03T13:13:25.000,DSNY,Dirty Condition,BROOKLYN,Closed
63591202,2025-01-01T11:39:22.000,2025-01-02T17:07:51.000,NYPD,Noise - Residential,BRONX,Closed
63587785,2025-01-01T11:39:30.000,2025-01-01T12:01:43.000,NYPD,Noise - Vehicle,BROOKLYN,Closed
63595090,2025-01-01T11:39:34.000,2025-01-02T13:09:28.000,HPD,HEAT/HOT WATER,MANHATTAN,Closed
63587810,2025-01-01T11:39:38.000,2025-01-01T13:01:42.000,DSNY,Commercial Disposal Complaint,MANHATTAN,Closed
63587793,2025-01-01T11:39:39.000,2025-01-02T00:00:00.000,DOB,Special Projects Inspection Team (SPIT),MANHATTAN,Closed
63590474,2025-01-01T11:39:48.000,2025-01-01T11:44:39.000,NYPD,Illegal Parking,MANHATTAN,Closed
63587270,2025-01-01T11:39:49.000,2025-01-02T17:02:53.000,NYPD,Noise - Residential,BRONX,Closed
63593219,2025-01-01T11:39:53.000,2025-01-02T10:13:40.000,DSNY,Dirty Condition,MANHATTAN,Closed
63591769,2025-01-01T11:39:57.000,2025-01-01T21:58:16.000,NYPD,Illegal Parking,QUEENS,Closed
63588114,2025-01-01T11:40:01.000,2025-01-01T12:08:35.000,NYPD,Illegal Parking,BROOKLYN,Closed
63594747,2025-01-01T11:40:07.000,2025-01-01T14:17:36.000,NYPD,Noise - Park,MANHATTAN,Closed
63593469,2025-01-01T11:40:10.000,2025-01-02T17:10:26.000,NYPD,Noise - Residential,BRONX,Closed
63587857,2025-01-01T11:40:15.000,2025-01-01T13:36:36.000,NYPD,Blocked Driveway,QUEENS,Closed
63591763,2025-01-01T11:40:18.000,2025-01-01T12:40:24.000,NYPD,Illegal Parking,QUEENS,Closed
63588464,2025-01-01T11:40:27.000,2025-01-02T17:07:44.000,NYPD,Noise - Residential,BRONX,Closed
63594367,2025-01-01T11:40:29.000,2025-06-02T11:45:20.000,DPR,Damaged Tree,STATEN ISLAND,Closed
63594082,2025-01-01T11:40:35.000,2025-01-01T17:03:23.000,NYPD,Blocked Driveway,BRONX,Closed
63589180,2025-01-01T11:40:56.000,2025-01-09T15:37:25.000,DCWP,Consumer Complaint,STATEN ISLAND,Closed
63585894,2025-01-01T11:40:57.000,2025-01-02T17:06:15.000,NYPD,Noise - Residential,BRONX,Closed
63589787,2025-01-01T11:41:05.000,2025-01-02T17:10:26.000,NYPD,Noise - Residential,BRONX,Closed
63588798,2025-01-01T11:41:07.000,2025-01-01T21:49:14.000,NYPD,Noise - Street/Sidewalk,QUEENS,Closed
63591588,2025-01-01T11:41:11.000,2025-01-01T12:02:25.000,NYPD,Noise - Vehicle,BROOKLYN,Closed
63591214,2025-01-01T11:41:24.000,2025-01-01T22:59:53.000,NYPD,Noise - Street/Sidewalk,QUEENS,Closed
63594072,2025-01-01T11:41:40.000,2025-01-04T15:23:06.000,DSNY,Obstruction,BROOKLYN,Closed
63591926,2025-01-01T11:41:44.000,2025-01-02T17:08:30.000,NYPD,Noise - Residential,BRONX,Closed
63586656,2025-01-01T11:41:45.000,2025-01-02T13:56:17.000,HPD,HEAT/HOT WATER,BRONX,Closed
63587053,2025-01-01T11:41:45.000,2025-01-02T17:12:06.000,NYPD,Noise - Residential,BRONX,Closed
63592772,2025-01-01T11:41:46.000,2025-01-02T14:10:42.000,HPD,HEAT/HOT WATER,BRONX,Closed
63595143,2025-01-01T11:41:46.000,2025-01-02T14:10:42.000,HPD,HEAT/HOT WATER,BRONX,Closed
63594178,2025-01-01T11:41:48.000,2025-01-10T12:08:57.000,DOT,Bus Stop Shelter Complaint,QUEENS,Closed
63593020,2025-01-01T11:42:21.000,2025-01-01T12:16:50.000,NYPD,Illegal Parking,MANHATTAN,Closed
63585773,2025-01-01T11:42:22.000,2025-01-02T17:08:41.000,NYPD,Noise - Residential,BRONX,Closed
63594851,2025-01-01T11:42:32.000,2025-01-02T17:10:27.000,NYPD,Noise - Residential,BRONX,Closed
63589455,2025-01-01T11:42:37.000,2025-01-13T09:02:06.000,DSNY,Illegal Dumping,MANHATTAN,Closed
63589946,2025-01-01T11:42:42.000,2025-01-01T11:56:26.000,NYPD,Noise - Residential,MANHATTAN,Closed
63586245,2025-01-01T11:42:58.000,2025-01-01T12:02:47.000,NYPD,Noise - Vehicle,BROOKLYN,Closed
63587218,2025-01-01T11:43:00.000,2025-01-02T17:04:37.000,NYPD,Noise - Residential,BRONX,Closed
63592489,2025-01-01T11:43:03.000,2025-01-01T12:59:18.000,NYPD,Noise - Residential,BROOKLYN,Closed
63588675,2025-01-01T11:43:20.000,2025-01-02T17:10:26.000,NYPD,Noise - Residential,BRONX,Closed
63588177,2025-01-01T11:43:28.000,2025-01-08T14:44:59.000,DOT,Curb Condition,BROOKLYN,Closed
63594428,2025-01-01T11:43:38.000,2025-01-02T17:08:36.000,NYPD,Noise - Residential,BRONX,Closed
63588000,2025-01-01T11:43:40.000,2025-01-01T11:46:04.000,NYPD,Illegal Parking,MANHATTAN,Closed
63595206,2025-01-01T11:43:53.000,2025-01-02T16:43:09.000,HPD,HEAT/HOT WATER,MANHATTAN,Closed
63586011,2025-01-01T11:44:00.000,2025-02-23T13:35:00.000,DEP,Water System,QUEENS,Closed
63591922,2025-01-01T11:44:00.000,2025-01-02T12:00:00.000,DEP,Noise,BROOKLYN,Closed
63587241,2025-01-01T11:44:08.000,2025-01-02T17:02:52.000,NYPD,Noise - Residential,BRONX,Closed
63593414,2025-01-01T11:44:16.000,2025-01-02T17:02:53.000,NYPD,Noise - Residential,BRONX,Closed
63586706,2025-01-01T11:44:25.000,2025-01-01T12:08:20.000,NYPD,Illegal Parking,BROOKLYN,Closed
63586957,2025-01-01T11:44:29.000,2025-01-13T14:19:18.000,DSNY,Illegal Dumping,MANHATTAN,Closed
63589052,2025-01-01T11:44:34.000,2025-03-02T11:52:32.000,DOHMH,Smoking or Vaping,BROOKLYN,Closed
63592531,2025-01-01T11:44:44.000,2025-01-01T12:18:21.000,NYPD,Noise - Residential,BROOKLYN,Closed
63589041,2025-01-01T11:44:46.000,2025-01-02T14:10:42.000,HPD,HEAT/HOT WATER,BRONX,Closed
63586586,2025-01-01T11:44:46.000,2025-01-02T18:20:24.000,HPD,HEAT/HOT WATER,QUEENS,Closed
63593964,2025-01-01T11:44:53.000,2025-01-03T18:30:14.000,HPD,HEAT/HOT WATER,BRONX,Closed
63594850,2025-01-01T11:44:54.000,2025-01-02T17:10:26.000,NYPD,Noise - Residential,BRONX,Closed
63589317,2025-01-01T11:44:54.000,2025-04-30T18:50:45.000,HPD,UNSANITARY CONDITION,QUEENS,Closed
63588694,2025-01-01T11:44:56.000,2025-01-02T17:07:47.000,NYPD,Noise - Residential,BRONX,Closed
63586616,2025-01-01T11:45:00.000,2025-01-01T12:30:00.000,DOT,Traffic Signal Condition,MANHATTAN,Closed
63592708,2025-01-01T11:45:17.000,2025-01-04T10:59:02.000,HPD,HEAT/HOT WATER,MANHATTAN,Closed
63589840,2025-01-01T11:45:32.000,2025-01-02T17:12:07.000,NYPD,Noise - Residential,BRONX,Closed
63590289,2025-01-01T11:45:40.000,2025-01-02T00:00:00.000,DOB,General Construction/Plumbing,BROOKLYN,Closed
63593589,2025-01-01T11:45:43.000,2025-01-02T17:10:26.000,NYPD,Noise - Residential,BRONX,Closed
63593642,2025-01-01T11:45:44.000,2025-01-01T12:17:28.000,NYPD,Encampment,MANHATTAN,Closed
63592949,2025-01-01T11:45:47.000,2025-01-01T22:02:12.000,NYPD,Illegal Parking,QUEENS,Closed
63589965,2025-01-01T11:45:55.000,2025-01-01T12:17:15.000,NYPD,Noise - Residential,BROOKLYN,Closed
63591290,2025-01-01T11:45:56.000,2025-01-01T12:59:48.000,NYPD,Noise - Residential,BROOKLYN,Closed
63591744,2025-01-01T11:46:07.000,2025-01-01T13:01:25.000,DSNY,Vendor Enforcement,MANHATTAN,Closed
63593461,2025-01-01T11:46:10.000,2025-01-02T17:02:54.000,NYPD,Noise - Residential,BRONX,Closed
63590643,2025-01-01T11:46:15.000,2025-01-01T11:55:52.000,NYPD,Illegal Parking,MANHATTAN,Closed
63588537,2025-01-01T11:46:30.000,2025-01-02T17:08:37.000,NYPD,Noise - Residential,BRONX,Closed
63589834,2025-01-01T11:46:48.000,2025-01-02T17:12:10.000,NYPD,Noise - Residential,BRONX,Closed
63594285,2025-01-01T11:47:03.000,2025-01-01T13:11:16.000,NYPD,Illegal Parking,BROOKLYN,Closed
63594718,2025-01-01T11:47:18.000,2025-01-02T17:02:54.000,NYPD,Noise - Residential,BRONX,Closed
63590686,2025-01-01T11:47:22.000,2025-01-02T11:37:43.000,DPR,Maintenance or Facility,STATEN ISLAND,Closed
63587452,2025-01-01T11:47:27.000,2025-01-02T17:10:27.000,NYPD,Noise - Residential,BRONX,Closed
63587849,2025-01-01T11:47:35.000,2025-01-01T11:55:29.000,NYPD,Blocked Driveway,QUEENS,Closed
63594365,2025-01-01T11:47:46.000,2025-01-03T15:51:46.000,DOHMH,Rodent,QUEENS,Closed
63591963,2025-01-01T11:48:05.000,2025-01-02T17:10:26.000,NYPD,Noise - Residential,BRONX,Closed
63591971,2025-01-01T11:48:05.000,2025-01-02T17:02:52.000,NYPD,Noise - Residential,BRONX,Closed
63589208,2025-01-01T11:48:12.000,2025-01-01T14:25:01.000,NYPD,Illegal Parking,BRONX,Closed
63586626,2025-01-01T11:48:18.000,2025-01-02T14:10:42.000,HPD,HEAT/HOT WATER,BRONX,Closed
63587736,2025-01-01T11:48:20.000,2025-01-02T14:10:42.000,HPD,HEAT/HOT WATER,BRONX,Closed
63593992,2025-01-01T11:48:22.000,2025-01-02T14:31:47.000,HPD,HEAT/HOT WATER,MANHATTAN,Closed
63594214,2025-01-01T11:48:30.000,2025-01-03T20:30:25.000,DSNY,Residential Disposal Complaint,BROOKLYN,Closed
63595217,2025-01-01T11:48:38.000,2025-01-02T10:11:37.000,DCWP,Consumer Complaint,BRONX,Closed
63594677,2025-01-01T11:48:43.000,2025-01-02T17:08:35.000,NYPD,Noise - Residential,BRONX,Closed
63592604,2025-01-01T11:48:49.000,2025-01-01T11:50:26.000,NYPD,Noise - Street/Sidewalk,BROOKLYN,Closed
63587274,2025-01-01T11:48:53.000,2025-01-02T17:06:11.000,NYPD,Noise - Residential,BRONX,Closed
63587818,2025-01-01T11:49:20.000,2025-01-01T12:31:59.000,NYPD,Illegal Parking,MANHATTAN,Closed
63587286,2025-01-01T11:49:21.000,2025-01-02T17:12:09.000,NYPD,Noise - Residential,BRONX,Closed
63592924,2025-01-01T11:49:27.000,2025-01-01T12:47:27.000,NYPD,Blocked Driveway,QUEENS,Closed
63591064,2025-01-01T11:49:41.000,2025-01-02T17:02:54.000,NYPD,Noise - Residential,BRONX,Closed
63592215,2025-01-01T11:49:59.000,2025-01-02T17:02:54.000,NYPD,Noise - Residential,BRONX,Closed
63594322,2025-01-01T11:50:02.000,2025-01-01T12:32:17.000,NYPD,Illegal Parking,MANHATTAN,Closed
63586658,2025-01-01T11:50:18.000,2025-01-01T12:01:32.000,DSNY,Vendor Enforcement,MANHATTAN,Closed
63593224,2025-01-01T11:50:27.000,2025-01-01T12:30:43.000,NYPD,Illegal Parking,BROOKLYN,Closed
63588230,2025-01-01T11:50:28.000,2025-01-02T17:10:27.000,NYPD,Noise - Residential,BRONX,Closed
63587022,2025-01-01T11:50:31.000,2025-01-01T21:12:09.000,NYPD,Illegal Parking,MANHATTAN,Closed
63592281,2025-01-01T11:50:37.000,2025-01-02T17:07:45.000,NYPD,Noise - Residential,BRONX,Closed
63588548,2025-01-01T11:51:15.000,2025-01-02T17:12:10.000,NYPD,Noise - Residential,BRONX,Closed
63590768,2025-01-01T11:51:16.000,2025-01-02T17:06:14.000,NYPD,Noise - Residential,BRONX,Closed
63592703,2025-01-01T11:51:18.000,2025-01-03T09:10:46.000,HPD,HEAT/HOT WATER,BROOKLYN,Closed
63592782,2025-01-01T11:51:19.000,2025-01-02T14:10:42.000,HPD,HEAT/HOT WATER,BRONX,Closed
63588996,2025-01-01T11:51:20.000,2025-01-04T14:07:00.000,HPD,HEAT/HOT WATER,MANHATTAN,Closed
63590107,2025-01-01T11:51:20.000,2025-01-06T21:29:22.000,HPD,DOOR/WINDOW,BRONX,Closed
63588101,2025-01-01T11:51:20.000,2025-01-06T21:29:22.000,HPD,WATER LEAK,BRONX,Closed
63591614,2025-01-01T11:51:21.000,2025-01-01T16:50:00.000,NYPD,Blocked Driveway,BROOKLYN,Closed
63594190,2025-01-01T11:51:30.000,2025-01-01T11:51:30.000,DOT,Street Condition,BROOKLYN,Closed
63592889,2025-01-01T11:51:35.000,2025-01-01T13:49:26.000,NYPD,Blocked Driveway,BROOKLYN,Closed
63589295,2025-01-01T11:51:39.000,2025-03-04T21:02:56.000,HPD,UNSANITARY CONDITION,BRONX,Closed
63592821,2025-01-01T11:51:39.000,2025-03-04T21:02:56.000,HPD,UNSANITARY CONDITION,BRONX,Closed
63595052,2025-01-01T11:51:39.000,2025-03-04T21:02:56.000,HPD,ELEVATOR,BRONX,Closed
63595151,2025-01-01T11:51:41.000,2025-01-02T15:02:59.000,HPD,HEAT/HOT WATER,BRONX,Closed
63592014,2025-01-01T11:51:46.000,2025-01-01T11:51:46.000,DOHMH,Unsanitary Animal Pvt Property,STATEN ISLAND,Closed
63593352,2025-01-01T11:51:53.000,2025-01-02T17:08:33.000,NYPD,Noise - Residential,BRONX,Closed
63594143,2025-01-01T11:52:00.000,2025-01-01T20:33:00.000,DOT,Traffic Signal Condition,BROOKLYN,Closed
63593519,2025-01-01T11:52:03.000,2025-01-02T17:12:09.000,NYPD,Noise - Residential,BRONX,Closed
63589618,2025-01-01T11:52:32.000,2025-01-02T17:02:59.000,NYPD,Noise - Residential,BRONX,Closed
63593505,2025-01-01T11:52:51.000,2025-01-02T17:07:52.000,NYPD,Noise - Residential,BRONX,Closed
63590974,2025-01-01T11:53:10.000,2025-01-02T17:04:35.000,NYPD,Noise - Residential,BRONX,Closed
63592835,2025-01-01T11:53:19.000,2025-01-01T12:32:03.000,NYPD,Illegal Parking,MANHATTAN,Closed
63594767,2025-01-01T11:53:38.000,2025-01-02T17:04:35.000,NYPD,Noise - Residential,BRONX,Closed
63588252,2025-01-01T11:53:48.000,2025-01-02T17:07:47.000,NYPD,Noise - Residential,BRONX,Closed
63591415,2025-01-01T11:54:20.000,2025-01-02T00:11:05.000,HPD,HEAT/HOT WATER,MANHATTAN,Closed
63591249,2025-01-01T11:54:25.000,2025-01-01T12:22:07.000,NYPD,Noise - Street/Sidewalk,MANHATTAN,Closed
63587165,2025-01-01T11:54:26.000,2025-01-02T17:06:14.000,NYPD,Noise - Residential,BRONX,Closed
63594695,2025-01-01T11:54:26.000,2025-01-02T17:02:53.000,NYPD,Noise - Residential,BRONX,Closed
63589304,2025-01-01T11:54:28.000,2025-01-01T12:32:22.000,NYPD,Illegal Parking,MANHATTAN,Closed
63589133,2025-01-01T11:54:53.000,2025-01-01T12:16:04.000,NYPD,Illegal Parking,BROOKLYN,Closed
63587200,2025-01-01T11:55:04.000,2025-01-02T17:04:36.000,NYPD,Noise - Residential,BRONX,Closed
63590195,2025-01-01T11:55:06.000,2025-01-03T13:15:47.000,HPD,HEAT/HOT WATER,BROOKLYN,Closed
63585743,2025-01-01T11:55:13.000,2025-01-02T17:10:28.000,NYPD,Noise - Residential,BRONX,Closed
63585893,2025-01-01T11:55:42.000,2025-01-02T17:06:11.000,NYPD,Noise - Residential,BRONX,Closed
63586474,2025-01-01T11:55:58.000,2025-01-01T21:50:51.000,NYPD,Blocked Driveway,QUEENS,Closed
63595317,2025-01-01T11:56:00.000,2025-01-01T12:00:00.000,DOT,Traffic Signal Condition,QUEENS,Closed
63588510,2025-01-01T11:56:01.000,2025-01-02T17:12:09.000,NYPD,Noise - Residential,BRONX,Closed
63593332,2025-01-01T11:56:20.000,2025-01-02T17:04:38.000,NYPD,Noise - Residential,BRONX,Closed
63592157,2025-01-01T11:56:49.000,2025-01-02T17:07:44.000,NYPD,Noise - Residential,BRONX,Closed
63593285,2025-01-01T11:56:58.000,2025-01-02T17:06:12.000,NYPD,Noise - Residential,BRONX,Closed
63587520,2025-01-01T11:56:58.000,2025-01-01T12:59:52.000,NYPD,Noise - Residential,BROOKLYN,Closed
63594936,2025-01-01T11:57:17.000,2025-01-01T12:14:10.000,NYPD,Non-Emergency Police Matter,QUEENS,Closed
63591506,2025-01-01T11:57:27.000,2025-01-02T15:53:14.000,HPD,HEAT/HOT WATER,MANHATTAN,Closed
63587646,2025-01-01T11:57:32.000,2025-01-21T08:06:02.000,HPD,ELECTRIC,MANHATTAN,Closed
63589308,2025-01-01T11:57:32.000,2025-01-21T08:06:02.000,HPD,PLUMBING,MANHATTAN,Closed
63586842,2025-01-01T11:57:32.000,2025-01-21T08:06:02.000,HPD,UNSANITARY CONDITION,MANHATTAN,Closed
63591809,2025-01-01T11:57:32.000,2025-01-21T08:06:02.000,HPD,UNSANITARY CONDITION,MANHATTAN,Closed
63590099,2025-01-01T11:57:32.000,2025-01-21T08:06:02.000,HPD,DOOR/WINDOW,MANHATTAN,Closed
63588264,2025-01-01T11:57:36.000,2025-01-02T17:07:45.000,NYPD,Noise - Residential,BRONX,Closed
63593483,2025-01-01T11:57:37.000,2025-01-02T17:06:16.000,NYPD,Noise - Residential,BRONX,Closed
63594245,2025-01-01T11:58:05.000,2025-01-01T17:23:10.000,NYPD,Illegal Parking,BRONX,Closed
63586568,2025-01-01T11:58:13.000,2025-01-02T00:11:05.000,HPD,HEAT/HOT WATER,MANHATTAN,Closed
63585875,2025-01-01T11:58:15.000,2025-01-02T17:02:54.000,NYPD,Noise - Residential,BRONX,Closed
63589414,2025-01-01T11:58:24.000,2025-01-02T17:02:54.000,NYPD,Noise - Residential,BRONX,Closed
63587575,2025-01-01T11:58:38.000,2025-01-01T12:13:50.000,NYPD,Encampment,MANHATTAN,Closed
63589661,2025-01-01T11:58:53.000,2025-01-02T17:04:36.000,NYPD,Noise - Residential,BRONX,Closed
63593164,2025-01-01T11:59:00.000,2025-01-02T09:10:00.000,DEP,Sewer,BROOKLYN,Closed
63589814,2025-01-01T11:59:11.000,2025-01-02T17:10:28.000,NYPD,Noise - Residential,BRONX,Closed
63590534,2025-01-01T11:59:22.000,2025-01-01T13:01:34.000,DSNY,Vendor Enforcement,MANHATTAN,Closed
63590997,2025-01-01T11:59:31.000,2025-01-02T17:07:52.000,NYPD,Noise - Residential,BRONX,Closed
63595510,2025-01-01T11:59:36.000,2025-01-01T13:41:55.000,NYPD,Illegal Parking,BROOKLYN,Closed
63587974,2025-01-01T11:59:47.000,2025-01-01T18:23:45.000,NYPD,Illegal Parking,QUEENS,Closed
63593007,2025-01-01T11:59:50.000,2025-01-24T12:07:33.000,DSNY,Dead Animal,BRONX,Closed
63595485,2025-01-01T11:59:50.000,2025-01-02T15:47:38.000,DSNY,Dead Animal,MANHATTAN,Closed
63592027,2025-01-01T11:59:59.000,2025-01-02T17:08:35.000,NYPD,Noise - Residential,BRONX,Closed
63593514,2025-01-01T12:00:10.000,2025-01-02T17:04:38.000,NYPD,Noise - Residential,BRONX,Closed
63594142,2025-01-01T12:00:11.000,2025-01-01T12:22:43.000,NYPD,Illegal Parking,BROOKLYN,Closed
63588411,2025-01-01T12:00:17.000,2025-01-01T12:24:19.000,NYPD,Illegal Parking,BRONX,Closed
63589145,2025-01-01T12:00:42.000,2025-01-16T00:00:00.000,DOB,Special Projects Inspection Team (SPIT),BROOKLYN,Closed
63593417,2025-01-01T12:00:47.000,2025-01-02T17:06:14.000,NYPD,Noise - Residential,BRONX,Closed
63592249,2025-01-01T12:00:47.000,2025-01-02T17:12:12.000,NYPD,Noise - Residential,BRONX,Closed
63586787,2025-01-01T12:00:59.000,2025-01-01T13:09:17.000,NYPD,Illegal Parking,BROOKLYN,Closed
63586765,2025-01-01T12:01:20.000,2025-01-01T13:52:47.000,NYPD,Illegal Parking,STATEN ISLAND,Closed
63588263,2025-01-01T12:01:25.000,2025-01-02T17:07:46.000,NYPD,Noise - Residential,BRONX,Closed
63585623,2025-01-01T12:01:26.000,2025-01-02T06:41:44.000,DSNY,Dirty Condition,BRONX,Closed
63591267,2025-01-01T12:01:32.000,2025-01-01T12:59:53.000,NYPD,Noise - Residential,MANHATTAN,Closed
63590851,2025-01-01T12:01:34.000,2025-01-02T17:10:27.000,NYPD,Noise - Residential,BRONX,Closed
63593331,2025-01-01T12:02:03.000,2025-01-02T17:04:37.000,NYPD,Noise - Residential,BRONX,Closed
63591289,2025-01-01T12:02:20.000,2025-01-01T12:59:21.000,NYPD,Noise - Residential,BROOKLYN,Closed
63589802,2025-01-01T12:02:22.000,2025-01-02T17:10:27.000,NYPD,Noise - Residential,BRONX,Closed
63586204,2025-01-01T12:02:42.000,2025-01-02T17:12:09.000,NYPD,Noise - Residential,BRONX,Closed
63595385,2025-01-01T12:02:43.000,2025-01-02T16:44:17.000,DOT,Street Condition,MANHATTAN,Closed
63590466,2025-01-01T12:02:45.000,2025-01-01T16:49:37.000,NYPD,Blocked Driveway,BROOKLYN,Closed
63587992,2025-01-01T12:02:49.000,2025-01-01T21:15:26.000,NYPD,Illegal Parking,QUEENS,Closed
63589647,2025-01-01T12:03:09.000,2025-01-02T17:04:36.000,NYPD,Noise - Residential,BRONX,Closed
63589083,2025-01-01T12:03:13.000,2025-01-01T18:27:15.000,NYPD,Illegal Parking,QUEENS,Closed
63592219,2025-01-01T12:03:20.000,2025-01-02T17:06:13.000,NYPD,Noise - Residential,BRONX,Closed
63586544,2025-01-01T12:03:25.000,2025-01-03T17:57:35.000,HPD,HEAT/HOT WATER,MANHATTAN,Closed
63591217,2025-01-01T12:03:29.000,2025-01-01T15:28:06.000,NYPD,Noise - Street/Sidewalk,BRONX,Closed
63593752,2025-01-01T12:03:32.000,2025-01-01T18:25:53.000,NYPD,Noise - Residential,QUEENS,Closed
63592019,2025-01-01T12:03:46.000,2025-01-02T03:03:27.000,NYPD,Illegal Parking,QUEENS,Closed
63591084,2025-01-01T12:03:57.000,2025-01-02T17:06:14.000,NYPD,Noise - Residential,BRONX,Closed
63590714,2025-01-01T12:03:58.000,2025-01-02T17:10:28.000,NYPD,Noise - Residential,BRONX,Closed
63590077,2025-01-01T12:04:18.000,2025-01-01T12:58:57.000,NYPD,Noise - Residential,BROOKLYN,Closed
63594342,2025-01-01T12:04:29.000,2025-01-02T14:52:32.000,DSNY,Abandoned Bike,BROOKLYN,Closed
63589096,2025-01-01T12:04:31.000,2025-01-01T13:54:51.000,NYPD,Blocked Driveway,BROOKLYN,Closed
63592148,2025-01-01T12:04:36.000,2025-01-02T17:06:15.000,NYPD,Noise - Residential,BRONX,Closed
63586165,2025-01-01T12:04:44.000,2025-01-02T17:12:09.000,NYPD,Noise - Residential,BRONX,Closed
63588630,2025-01-01T12:05:00.000,2025-01-03T16:20:00.000,DEP,Water System,BRONX,Closed
63588271,2025-01-01T12:05:14.000,2025-01-02T17:06:12.000,NYPD,Noise - Residential,BRONX,Closed
63588268,2025-01-01T12:05:32.000,2025-01-02T17:08:29.000,NYPD,Noise - Residential,BRONX,Closed
63592044,2025-01-01T12:05:52.000,2025-01-02T17:10:28.000,NYPD,Noise - Residential,BRONX,Closed
63592146,2025-01-01T12:06:19.000,2025-01-02T17:02:52.000,NYPD,Noise - Residential,BRONX,Closed
63590727,2025-01-01T12:06:30.000,2025-01-02T17:10:27.000,NYPD,Noise - Residential,BRONX,Closed
63586987,2025-01-01T12:06:33.000,2025-01-02T06:41:48.000,DSNY,Dirty Condition,BRONX,Closed
63590358,2025-01-01T12:07:00.000,2025-01-01T12:10:00.000,DOT,Traffic Signal Condition,QUEENS,Closed
63588803,2025-01-01T12:07:04.000,2025-01-06T00:00:00.000,DOB,Elevator,BRONX,Closed
63586154,2025-01-01T12:07:07.000,2025-01-02T17:12:08.000,NYPD,Noise - Residential,BRONX,Closed
63590926,2025-01-01T12:07:08.000,2025-01-02T17:10:27.000,NYPD,Noise - Residential,BRONX,Closed
63592021,2025-01-01T12:07:34.000,2025-01-02T02:24:22.000,NYPD,Illegal Parking,QUEENS,Closed
63589599,2025-01-01T12:07:47.000,2025-01-02T17:10:28.000,NYPD,Noise - Residential,BRONX,Closed
63592335,2025-01-01T12:07:55.000,2025-01-02T17:12:07.000,NYPD,Noise - Residential,BRONX,Closed
63587912,2025-01-01T12:08:06.000,2025-01-01T18:56:33.000,NYPD,Illegal Parking,QUEENS,Closed
63595396,2025-01-01T12:08:16.000,2025-01-01T16:18:21.000,NYPD,Blocked Driveway,BROOKLYN,Closed
63592000,2025-01-01T12:08:25.000,2025-01-02T17:06:13.000,NYPD,Noise - Residential,BRONX,Closed
63587360,2025-01-01T12:08:42.000,2025-01-02T17:12:09.000,NYPD,Noise - Residential,BRONX,Closed
63591990,2025-01-01T12:08:54.000,2025-01-01T14:11:20.000,NYPD,Illegal Parking,BROOKLYN,Closed
63605286,2025-01-01T12:09:00.000,2025-01-03T02:55:00.000,DSNY,Derelict Vehicles,QUEENS,Closed
63594284,2025-01-01T12:09:01.000,2025-01-01T13:13:37.000,NYPD,Illegal Parking,BRONX,Closed
63589630,2025-01-01T12:09:03.000,2025-01-02T17:06:16.000,NYPD,Noise - Residential,BRONX,Closed
63593297,2025-01-01T12:09:10.000,2025-05-16T07:25:16.000,DPR,Dead/Dying Tree,STATEN ISLAND,Closed
63588696,2025-01-01T12:09:30.000,2025-01-02T17:12:13.000,NYPD,Noise - Residential,BRONX,Closed
63588155,2025-01-01T12:09:32.000,2025-01-01T16:48:18.000,NYPD,Illegal Parking,QUEENS,Closed
63588081,2025-01-01T12:09:37.000,2025-02-10T06:55:56.000,HPD,WATER LEAK,BROOKLYN,Closed
63591348,2025-01-01T12:09:39.000,2025-01-31T06:03:25.000,HPD,DOOR/WINDOW,BROOKLYN,Closed
63592805,2025-01-01T12:09:39.000,2025-01-31T06:03:25.000,HPD,PLUMBING,BROOKLYN,Closed
63587790,2025-01-01T12:09:39.000,2025-01-31T06:03:25.000,HPD,PAINT/PLASTER,BROOKLYN,Closed
63591368,2025-01-01T12:09:39.000,2025-01-31T06:03:25.000,HPD,FLOORING/STAIRS,BROOKLYN,Closed
63589301,2025-01-01T12:09:39.000,2025-01-31T06:03:25.000,HPD,UNSANITARY CONDITION,BROOKLYN,Closed
63594028,2025-01-01T12:09:39.000,2025-01-31T06:03:25.000,HPD,UNSANITARY CONDITION,BROOKLYN,Closed
63595505,2025-01-01T12:09:39.000,2025-01-31T06:03:25.000,HPD,DOOR/WINDOW,BROOKLYN,Closed
63593990,2025-01-01T12:09:40.000,2025-01-04T17:13:53.000,HPD,HEAT/HOT WATER,MANHATTAN,Closed
63589417,2025-01-01T12:09:41.000,2025-01-02T17:06:18.000,NYPD,Noise - Residential,BRONX,Closed
63590548,2025-01-01T12:10:13.000,2025-01-01T18:58:46.000,NYPD,Illegal Parking,QUEENS,Closed
63594698,2025-01-01T12:10:17.000,2025-01-02T17:06:16.000,NYPD,Noise - Residential,BRONX,Closed
63589394,2025-01-01T12:10:19.000,2025-01-02T17:08:39.000,NYPD,Noise - Residential,BRONX,Closed
63592434,2025-01-01T12:10:21.000,2025-01-07T00:00:00.000,DOB,Elevator,MANHATTAN,Closed
63586449,2025-01-01T12:10:21.000,2025-06-30T00:00:00.000,DOB,Elevator,MANHATTAN,Closed
63594973,2025-01-01T12:10:22.000,2025-01-01T12:58:19.000,NYPD,Noise - Residential,BROOKLYN,Closed
63595489,2025-01-01T12:10:28.000,2025-01-01T14:01:29.000,DSNY,Vendor Enforcement,MANHATTAN,Closed
63590338,2025-01-01T12:10:38.000,2025-01-01T13:49:54.000,NYPD,Blocked Driveway,STATEN ISLAND,Closed
63588394,2025-01-01T12:10:45.000,2025-01-02T13:28:26.000,DSNY,Illegal Dumping,QUEENS,Closed
63587755,2025-01-01T12:10:54.000,2025-01-02T19:57:51.000,HPD,HEAT/HOT WATER,BROOKLYN,Closed
63594010,2025-01-01T12:10:55.000,2025-01-03T12:21:31.000,HPD,HEAT/HOT WATER,BRONX,Closed
63591658,2025-01-01T12:10:56.000,2025-01-03T12:04:32.000,DSNY,Dead Animal,QUEENS,Closed
63585866,2025-01-01T12:10:57.000,2025-01-02T17:02:55.000,NYPD,Noise - Residential,BRONX,Closed
63595347,2025-01-01T12:11:03.000,2025-01-01T13:05:59.000,NYPD,Illegal Parking,BROOKLYN,Closed
63590791,2025-01-01T12:11:05.000,2025-01-02T17:04:39.000,NYPD,Noise - Residential,BRONX,Closed
63588662,2025-01-01T12:11:35.000,2025-01-02T17:02:53.000,NYPD,Noise - Residential,BRONX,Closed
63586961,2025-01-01T12:11:53.000,2025-01-02T13:18:43.000,DPR,Damaged Tree,STATEN ISLAND,Closed
63594669,2025-01-01T12:11:53.000,2025-01-02T17:07:51.000,NYPD,Noise - Residential,BRONX,Closed
63593278,2025-01-01T12:12:13.000,2025-01-02T17:10:26.000,NYPD,Noise - Residential,BRONX,Closed
63593781,2025-01-01T12:12:19.000,2025-01-01T12:59:02.000,NYPD,Noise - Residential,BROOKLYN,Closed
63592823,2025-01-01T12:12:26.000,2025-01-02T19:57:52.000,HPD,UNSANITARY CONDITION,BROOKLYN,Closed
63587772,2025-01-01T12:12:30.000,2025-01-02T19:53:06.000,HPD,HEAT/HOT WATER,BRONX,Closed
63592167,2025-01-01T12:12:40.000,2025-01-02T17:10:28.000,NYPD,Noise - Residential,BRONX,Closed
63590820,2025-01-01T12:12:52.000,2025-01-02T17:10:28.000,NYPD,Noise - Residential,BRONX,Closed
63595154,2025-01-01T12:13:12.000,2025-01-02T10:45:34.000,HPD,HEAT/HOT WATER,BRONX,Closed
63592693,2025-01-01T12:13:17.000,2025-01-03T13:42:35.000,HPD,HEAT/HOT WATER,BRONX,Closed
63588185,2025-01-01T12:13:28.000,2025-01-02T17:10:27.000,NYPD,Noise - Residential,BRONX,Closed
63587247,2025-01-01T12:13:30.000,2025-01-02T17:12:10.000,NYPD,Noise - Residential,BRONX,Closed
63589933,2025-01-01T12:13:33.000,2025-01-01T13:52:00.000,NYPD,Noise - Residential,STATEN ISLAND,Closed
63586720,2025-01-01T12:13:34.000,2025-01-13T05:59:29.000,DSNY,Dirty Condition,MANHATTAN,Closed
63590636,2025-01-01T12:14:00.000,2025-01-01T13:25:00.000,DEP,Sewer,BROOKLYN,Closed
63588603,2025-01-01T12:14:05.000,2025-01-01T14:06:37.000,NYPD,Noise - Residential,BRONX,Closed
63589646,2025-01-01T12:14:08.000,2025-01-02T17:04:40.000,NYPD,Noise - Residential,BRONX,Closed
63585821,2025-01-01T12:14:15.000,2025-01-02T17:10:28.000,NYPD,Noise - Residential,BRONX,Closed
63589293,2025-01-01T12:14:17.000,2025-01-01T21:34:51.000,NYPD,Illegal Parking,MANHATTAN,Closed
63591533,2025-01-01T12:14:18.000,2025-01-01T12:50:39.000,NYPD,Animal-Abuse,BROOKLYN,Closed
63594531,2025-01-01T12:14:19.000,2025-01-02T15:04:03.000,DSNY,Illegal Dumping,BROOKLYN,Closed
63591949,2025-01-01T12:14:46.000,2025-01-02T17:10:28.000,NYPD,Noise - Residential,BRONX,Closed
63594945,2025-01-01T12:14:57.000,2025-01-08T10:06:55.000,DOT,Sidewalk Condition,QUEENS,Closed
63595428,2025-01-01T12:15:02.000,2025-01-01T13:18:58.000,NYPD,Blocked Driveway,BROOKLYN,Closed
63588653,2025-01-01T12:15:03.000,2025-01-02T17:02:53.000,NYPD,Noise - Residential,BRONX,Closed
63590034,2025-01-01T12:15:14.000,2025-01-01T13:51:13.000,NYPD,Noise - Residential,MANHATTAN,Closed
63595308,2025-01-01T12:15:23.000,2025-01-01T14:45:53.000,NYPD,Illegal Parking,QUEENS,Closed
63588309,2025-01-01T12:15:24.000,2025-01-02T17:10:30.000,NYPD,Noise - Residential,BRONX,Closed
63586222,2025-01-01T12:15:24.000,2025-01-02T11:20:43.000,DOT,Sidewalk Condition,BROOKLYN,Closed
63611987,2025-01-01T12:15:28.000,2025-01-02T22:21:00.000,DOT,Street Condition,QUEENS,Closed
63592444,2025-01-01T12:15:46.000,2025-01-01T12:58:37.000,NYPD,Noise - Residential,BROOKLYN,Closed
63593682,2025-01-01T12:15:50.000,2025-01-02T17:12:08.000,NYPD,Noise - Residential,BRONX,Closed
63588414,2025-01-01T12:15:57.000,2025-01-01T19:39:44.000,NYPD,Illegal Parking,QUEENS,Closed
63592749,2025-01-01T12:16:00.000,2025-01-02T19:19:04.000,HPD,HEAT/HOT WATER,BRONX,Closed
63594424,2025-01-01T12:16:02.000,2025-01-02T17:08:32.000,NYPD,Noise - Residential,BRONX,Closed
63615090,2025-01-01T12:16:12.000,2025-01-02T22:40:00.000,DOT,Street Condition,QUEENS,Closed
63588068,2025-01-01T12:16:23.000,2025-01-31T06:03:20.000,HPD,PLUMBING,BRONX,Closed
63594180,2025-01-01T12:16:33.000,2025-12-03T00:00:00.000,DOB,Building/Use,QUEENS,Closed
63586774,2025-01-01T12:16:35.000,2025-01-01T18:36:05.000,NYPD,Illegal Parking,QUEENS,Closed
63587894,2025-01-01T12:16:36.000,2025-01-01T14:22:22.000,NYPD,Illegal Parking,BROOKLYN,Closed
63592384,2025-01-01T12:16:38.000,2025-01-02T17:12:10.000,NYPD,Noise - Residential,BRONX,Closed
63590764,2025-01-01T12:16:40.000,2025-01-02T17:06:13.000,NYPD,Noise - Residential,BRONX,Closed
63593031,2025-01-01T12:16:59.000,2025-01-01T18:18:19.000,NYPD,Illegal Parking,QUEENS,Closed
63586784,2025-01-01T12:16:59.000,2025-01-01T13:50:58.000,NYPD,Illegal Parking,BROOKLYN,Closed
63594078,2025-01-01T12:17:08.000,2025-01-01T12:32:32.000,NYPD,Blocked Driveway,BROOKLYN,Closed
63593343,2025-01-01T12:17:18.000,2025-01-02T17:07:51.000,NYPD,Noise - Residential,BRONX,Closed
63591576,2025-01-01T12:17:24.000,2025-01-01T12:56:46.000,NYPD,Blocked Driveway,QUEENS,Closed
63621168,2025-01-01T12:17:24.000,2025-01-02T22:56:00.000,DOT,Street Condition,QUEENS,Closed
63590973,2025-01-01T12:17:25.000,2025-01-02T17:04:39.000,NYPD,Noise - Residential,BRONX,Closed
63588265,2025-01-01T12:17:57.000,2025-01-02T17:12:13.000,NYPD,Noise - Residential,BRONX,Closed
63590909,2025-01-01T12:18:13.000,2025-01-02T17:10:27.000,NYPD,Noise - Residential,BRONX,Closed
63589949,2025-01-01T12:18:19.000,2025-01-01T12:58:43.000,NYPD,Noise - Residential,BROOKLYN,Closed
63588356,2025-01-01T12:18:35.000,2025-01-02T17:06:12.000,NYPD,Noise - Residential,BRONX,Closed
63585881,2025-01-01T12:19:00.000,2025-01-02T17:06:17.000,NYPD,Noise - Residential,BRONX,Closed
63586711,2025-01-01T12:19:02.000,2025-01-01T12:47:44.000,NYPD,Illegal Parking,BROOKLYN,Closed
63587751,2025-01-01T12:19:03.000,2025-01-02T16:37:28.000,HPD,HEAT/HOT WATER,QUEENS,Closed
63622673,2025-01-01T12:19:11.000,2025-01-02T23:11:00.000,DOT,Street Condition,QUEENS,Closed
63594670,2025-01-01T12:19:13.000,2025-01-02T17:12:11.000,NYPD,Noise - Residential,BRONX,Closed
63589694,2025-01-01T12:19:16.000,2025-01-01T13:10:26.000,NYPD,Illegal Parking,BROOKLYN,Closed
63589014,2025-01-01T12:19:33.000,2025-01-01T12:19:33.000,DOB,Building/Use,STATEN ISLAND,Open
63590712,2025-01-01T12:19:33.000,2025-05-21T15:19:35.000,EDC,Noise - Helicopter,MANHATTAN,Closed
63613566,2025-01-01T12:19:33.000,2025-01-02T23:24:00.000,DOT,Street Condition,QUEENS,Closed
63587047,2025-01-01T12:19:48.000,2025-01-02T17:08:34.000,NYPD,Noise - Residential,BRONX,Closed
63594660,2025-01-01T12:19:51.000,2025-01-02T17:10:28.000,NYPD,Noise - Residential,BRONX,Closed
63619606,2025-01-01T12:19:53.000,2025-01-03T00:04:00.000,DOT,Street Condition,QUEENS,Closed
63594209,2025-01-01T12:20:21.000,2025-01-01T14:53:41.000,NYPD,Blocked Driveway,BRONX,Closed
63594646,2025-01-01T12:20:29.000,2025-01-02T17:12:08.000,NYPD,Noise - Residential,BRONX,Closed
63619659,2025-01-01T12:20:30.000,2025-01-03T00:21:00.000,DOT,Street Condition,QUEENS,Closed
63585840,2025-01-01T12:20:36.000,2025-01-02T17:10:28.000,NYPD,Noise - Residential,BRONX,Closed
63590669,2025-01-01T12:20:41.000,2025-01-02T12:20:00.000,DOT,Street Condition,MANHATTAN,Closed
63588450,2025-01-01T12:20:45.000,2025-01-01T12:20:45.000,DOHMH,Rodent,STATEN ISLAND,Closed
63622672,2025-01-01T12:20:51.000,2025-01-03T00:28:00.000,DOT,Street Condition,QUEENS,Closed
63590585,2025-01-01T12:20:59.000,2025-01-01T21:50:15.000,NYPD,Illegal Parking,MANHATTAN,Closed
63588785,2025-01-01T12:21:04.000,2025-01-01T13:00:45.000,NYPD,Noise - Residential,QUEENS,Closed
63593416,2025-01-01T12:21:07.000,2025-01-02T17:06:14.000,NYPD,Noise - Residential,BRONX,Closed
63594076,2025-01-01T12:21:10.000,2025-01-01T22:43:29.000,NYPD,Blocked Driveway,QUEENS,Closed
63587548,2025-01-01T12:21:22.000,2025-01-01T12:41:28.000,NYPD,Noise - Residential,QUEENS,Closed
63621150,2025-01-01T12:21:22.000,2025-01-03T00:44:00.000,DOT,Street Condition,QUEENS,Closed
63592086,2025-01-01T12:21:23.000,2025-01-02T17:08:37.000,NYPD,Noise - Residential,BRONX,Closed
63586283,2025-01-01T12:21:33.000,2025-01-01T14:07:33.000,NYPD,Noise - Residential,QUEENS,Closed
63592432,2025-01-01T12:21:33.000,2025-05-30T06:53:36.000,TLC,For Hire Vehicle Complaint,MANHATTAN,Closed
63590789,2025-01-01T12:21:45.000,2025-01-02T17:04:36.000,NYPD,Noise - Residential,BRONX,Closed
63615089,2025-01-01T12:21:46.000,2025-01-03T01:15:00.000,DOT,Street Condition,QUEENS,Closed
63592842,2025-01-01T12:21:54.000,2025-01-02T02:17:34.000,NYPD,Blocked Driveway,QUEENS,Closed
63586571,2025-01-01T12:22:05.000,2025-01-02T14:40:12.000,HPD,HEAT/HOT WATER,MANHATTAN,Closed
63591866,2025-01-01T12:22:06.000,2025-01-03T10:38:00.000,DOT,Street Condition,QUEENS,Closed
63587756,2025-01-01T12:22:09.000,2025-01-02T15:00:10.000,HPD,HEAT/HOT WATER,BRONX,Closed
63590619,2025-01-01T12:22:10.000,2025-01-17T05:02:08.000,HPD,PLUMBING,QUEENS,Closed
63592696,2025-01-01T12:22:10.000,2025-01-03T06:44:23.000,HPD,HEAT/HOT WATER,QUEENS,Closed
63592132,2025-01-01T12:22:11.000,2025-01-02T17:04:36.000,NYPD,Noise - Residential,BRONX,Closed
63591420,2025-01-01T12:22:13.000,2025-01-03T11:13:06.000,HPD,HEAT/HOT WATER,QUEENS,Closed
63590165,2025-01-01T12:22:15.000,2025-01-03T16:44:10.000,HPD,HEAT/HOT WATER,QUEENS,Closed
63590637,2025-01-01T12:22:17.000,2025-01-13T09:02:11.000,DSNY,Illegal Dumping,MANHATTAN,Closed
63585880,2025-01-01T12:22:24.000,2025-01-02T17:06:16.000,NYPD,Noise - Residential,BRONX,Closed
63590441,2025-01-01T12:22:42.000,2025-01-01T12:42:02.000,NYPD,Illegal Parking,MANHATTAN,Closed
63588007,2025-01-01T12:22:44.000,2025-01-01T12:28:03.000,NYPD,Illegal Parking,BROOKLYN,Closed
63586772,2025-01-01T12:22:44.000,2025-01-01T13:13:58.000,NYPD,Illegal Parking,BRONX,Closed
63592156,2025-01-01T12:22:58.000,2025-01-02T17:07:47.000,NYPD,Noise - Residential,BRONX,Closed
63590967,2025-01-01T12:23:00.000,2025-03-04T10:00:00.000,DEP,Water System,QUEENS,Closed
63594668,2025-01-01T12:23:02.000,2025-01-02T17:07:49.000,NYPD,Noise - Residential,BRONX,Closed
63590314,2025-01-01T12:23:10.000,2025-01-01T19:52:05.000,NYPD,Non-Emergency Police Matter,MANHATTAN,Closed
63593265,2025-01-01T12:23:19.000,2025-03-21T08:06:41.000,TLC,Taxi Complaint,BROOKLYN,Closed
63590779,2025-01-01T12:23:40.000,2025-01-02T17:07:48.000,NYPD,Noise - Residential,BRONX,Closed
63594903,2025-01-01T12:23:46.000,2025-01-02T17:02:53.000,NYPD,Noise - Residential,BRONX,Closed
63587774,2025-01-01T12:24:00.000,2025-01-01T13:35:00.000,DOT,Street Light Condition,BROOKLYN,Closed
63586510,2025-01-01T12:24:06.000,2025-01-01T14:12:27.000,NYPD,Blocked Driveway,BROOKLYN,Closed
63594286,2025-01-01T12:24:06.000,2025-01-01T19:07:12.000,NYPD,Illegal Parking,BROOKLYN,Closed
63591906,2025-01-01T12:24:18.000,2025-01-02T17:07:50.000,NYPD,Noise - Residential,BRONX,Closed
63585937,2025-01-01T12:24:34.000,2025-01-02T17:04:37.000,NYPD,Noise - Residential,BRONX,Closed
63587044,2025-01-01T12:24:56.000,2025-01-02T17:12:08.000,NYPD,Noise - Residential,BRONX,Closed
63589504,2025-01-01T12:25:15.000,2025-05-21T15:19:35.000,EDC,Noise - Helicopter,MANHATTAN,Closed
63585763,2025-01-01T12:25:21.000,2025-01-02T17:07:46.000,NYPD,Noise - Residential,BRONX,Closed
63595186,2025-01-01T12:25:29.000,2025-01-02T09:28:53.000,HPD,HEAT/HOT WATER,BRONX,Closed
63586397,2025-01-01T12:25:38.000,2025-01-01T13:33:49.000,NYPD,Noise - Residential,BRONX,Closed
63589767,2025-01-01T12:25:39.000,2025-01-02T17:02:54.000,NYPD,Noise - Residential,BRONX,Closed
63594471,2025-01-01T12:25:39.000,2025-01-02T00:00:00.000,DOB,Elevator,BROOKLYN,Closed
63594188,2025-01-01T12:25:40.000,2025-01-01T19:36:06.000,NYPD,Blocked Driveway,QUEENS,Closed
63595045,2025-01-01T12:25:55.000,2025-01-01T12:59:00.000,NYPD,Noise - Street/Sidewalk,MANHATTAN,Closed
63587839,2025-01-01T12:25:55.000,2025-01-01T12:48:21.000,NYPD,Abandoned Vehicle,MANHATTAN,Closed
63593965,2025-01-01T12:25:59.000,2025-01-02T13:49:04.000,HPD,HEAT/HOT WATER,BRONX,Closed
63593262,2025-01-01T12:26:09.000,2025-01-02T17:10:29.000,NYPD,Noise - Residential,BRONX,Closed
63586289,2025-01-01T12:26:41.000,2025-01-01T15:12:09.000,NYPD,Noise - Residential,BROOKLYN,Closed
63590785,2025-01-01T12:26:50.000,2025-01-02T17:08:31.000,NYPD,Noise - Residential,BRONX,Closed
63593479,2025-01-01T12:26:56.000,2025-01-02T17:04:41.000,NYPD,Noise - Residential,BRONX,Closed
63592894,2025-01-01T12:26:57.000,2025-01-01T22:45:37.000,NYPD,Blocked Driveway,QUEENS,Closed
63593668,2025-01-01T12:26:57.000,2025-01-01T12:30:08.000,NYPD,Noise - Residential,MANHATTAN,Closed
63591709,2025-01-01T12:27:22.000,2025-01-01T13:15:22.000,NYPD,Illegal Parking,BRONX,Closed
63587178,2025-01-01T12:27:28.000,2025-01-02T17:08:34.000,NYPD,Noise - Residential,BRONX,Closed
63586089,2025-01-01T12:27:44.000,2025-01-02T17:02:54.000,NYPD,Noise - Residential,BRONX,Closed
63588254,2025-01-01T12:28:07.000,2025-01-02T17:12:08.000,NYPD,Noise - Residential,BRONX,Closed
63591507,2025-01-01T12:28:10.000,2025-01-04T11:05:18.000,HPD,HEAT/HOT WATER,MANHATTAN,Closed
63588927,2025-01-01T12:28:12.000,2025-01-03T19:18:10.000,HPD,HEAT/HOT WATER,MANHATTAN,Closed
63594743,2025-01-01T12:28:13.000,2025-01-01T13:46:57.000,NYPD,Encampment,MANHATTAN,Closed
63592875,2025-01-01T12:28:20.000,2025-01-01T22:44:30.000,NYPD,Blocked Driveway,QUEENS,Closed
63594405,2025-01-01T12:28:31.000,2025-01-02T17:07:51.000,NYPD,Noise - Residential,BRONX,Closed
63594416,2025-01-01T12:28:45.000,2025-01-02T17:07:46.000,NYPD,Noise - Residential,BRONX,Closed
63587871,2025-01-01T12:28:47.000,2025-01-03T13:23:48.000,DSNY,Obstruction,QUEENS,Closed
63590039,2025-01-01T12:29:00.000,2025-01-01T12:50:43.000,NYPD,Noise - Residential,MANHATTAN,Closed
63589877,2025-01-01T12:29:00.000,2025-02-23T13:35:00.000,DEP,Water System,QUEENS,Closed
63586136,2025-01-01T12:29:04.000,2025-01-01T18:33:50.000,NYPD,Abandoned Vehicle,QUEENS,Closed
63589249,2025-01-01T12:29:08.000,2025-01-03T13:29:34.000,DSNY,Residential Disposal Complaint,BROOKLYN,Closed
63586964,2025-01-01T12:29:15.000,2025-01-03T10:07:00.000,DOT,Street Condition,QUEENS,Closed
63587890,2025-01-01T12:29:17.000,2025-01-02T03:13:37.000,NYPD,Blocked Driveway,QUEENS,Closed
63594490,2025-01-01T12:29:19.000,2025-01-02T17:04:38.000,NYPD,Noise - Residential,BRONX,Closed
63585735,2025-01-01T12:29:23.000,2025-01-02T17:07:49.000,NYPD,Noise - Residential,BRONX,Closed
63590751,2025-01-01T12:29:40.000,2025-01-04T12:47:19.000,DSNY,Dirty Condition,BRONX,Closed
63592937,2025-01-01T12:29:43.000,2025-01-01T12:48:20.000,NYPD,Blocked Driveway,BROOKLYN,Closed
63588111,2025-01-01T12:29:55.000,2025-01-02T11:48:27.000,DSNY,Residential Disposal Complaint,MANHATTAN,Closed
63593423,2025-01-01T12:30:01.000,2025-01-02T17:10:30.000,NYPD,Noise - Residential,BRONX,Closed
63588164,2025-01-01T12:30:06.000,2025-01-02T17:12:11.000,NYPD,Noise - Residential,BRONX,Closed
63591785,2025-01-01T12:30:36.000,2025-01-01T13:03:06.000,NYPD,Noise - Commercial,STATEN ISLAND,Closed
63589619,2025-01-01T12:30:39.000,2025-01-02T17:06:13.000,NYPD,Noise - Residential,BRONX,Closed
63588044,2025-01-01T12:30:40.000,2025-01-01T12:50:47.000,NYPD,Illegal Parking,BROOKLYN,Closed
63593152,2025-01-01T12:30:49.000,2025-01-01T14:48:00.000,NYPD,Illegal Parking,QUEENS,Closed
63594419,2025-01-01T12:30:54.000,2025-01-02T17:12:11.000,NYPD,Noise - Residential,BRONX,Closed
63595103,2025-01-01T12:31:12.000,2025-01-03T08:04:26.000,HPD,HEAT/HOT WATER,MANHATTAN,Closed
63595145,2025-01-01T12:31:13.000,2025-01-03T09:36:44.000,HPD,HEAT/HOT WATER,BROOKLYN,Closed
63589049,2025-01-01T12:31:14.000,2025-01-01T12:55:48.000,NYPD,Abandoned Vehicle,QUEENS,Closed
63591726,2025-01-01T12:31:17.000,2025-01-01T13:58:47.000,NYPD,Illegal Parking,QUEENS,Closed
63587160,2025-01-01T12:31:17.000,2025-01-02T17:07:53.000,NYPD,Noise - Residential,BRONX,Closed
63615508,2025-01-01T12:31:19.000,2025-01-02T21:55:00.000,DOT,Street Condition,BROOKLYN,Closed
63586603,2025-01-01T12:31:20.000,2025-01-02T16:06:17.000,HPD,HEAT/HOT WATER,MANHATTAN,Closed
63594301,2025-01-01T12:31:21.000,2025-01-01T12:46:35.000,NYPD,Illegal Parking,MANHATTAN,Closed
63588070,2025-01-01T12:31:27.000,2025-01-03T18:18:40.000,HPD,UNSANITARY CONDITION,BRONX,Closed
63594005,2025-01-01T12:31:27.000,2025-01-03T18:18:40.000,HPD,UNSANITARY CONDITION,BRONX,Closed
63588957,2025-01-01T12:31:32.000,2025-01-02T18:09:12.000,HPD,HEAT/HOT WATER,QUEENS,Closed
63590092,2025-01-01T12:31:41.000,2025-01-01T21:30:32.000,NYPD,Noise - Vehicle,MANHATTAN,Closed
63594436,2025-01-01T12:31:42.000,2025-01-02T17:08:34.000,NYPD,Noise - Residential,BRONX,Closed
63613803,2025-01-01T12:31:49.000,2025-01-02T22:40:00.000,DOT,Street Condition,BROOKLYN,Closed
63593440,2025-01-01T12:31:55.000,2025-01-02T17:02:55.000,NYPD,Noise - Residential,BRONX,Closed
63588866,2025-01-01T12:31:56.000,2025-01-05T12:25:19.000,HPD,DOOR/WINDOW,BRONX,Closed
63589252,2025-01-01T12:31:56.000,2025-01-05T12:25:19.000,HPD,PLUMBING,BRONX,Closed
63590625,2025-01-01T12:31:56.000,2025-01-05T12:25:19.000,HPD,APPLIANCE,BRONX,Closed
63590173,2025-01-01T12:31:58.000,2025-01-03T12:21:31.000,HPD,HEAT/HOT WATER,BRONX,Closed
63594350,2025-01-01T12:32:00.000,2025-01-08T12:00:00.000,DEP,Air Quality,BROOKLYN,Closed
63621462,2025-01-01T12:32:13.000,2025-01-03T00:30:00.000,DOT,Street Condition,BROOKLYN,Closed
63593282,2025-01-01T12:32:29.000,2025-01-02T17:06:15.000,NYPD,Noise - Residential,BRONX,Closed
63590420,2025-01-01T12:32:31.000,2025-01-01T14:01:34.000,DSNY,Vendor Enforcement,MANHATTAN,Closed
63588277,2025-01-01T12:32:34.000,2025-01-02T17:10:29.000,NYPD,Noise - Residential,BRONX,Closed
63590708,2025-01-01T12:32:44.000,2025-01-02T01:28:18.000,NYPD,Illegal Parking,BRONX,Closed
63591817,2025-01-01T12:32:45.000,2025-01-01T14:32:16.000,DHS,Homeless Person Assistance,MANHATTAN,Closed
63590369,2025-01-01T12:32:49.000,2025-01-02T13:16:34.000,DSNY,Illegal Dumping,MANHATTAN,Closed
63589467,2025-01-01T12:33:03.000,2025-01-01T12:33:03.000,DOHMH,Rodent,BROOKLYN,Closed
63589173,2025-01-01T12:33:07.000,2025-01-01T22:45:54.000,NYPD,Blocked Driveway,QUEENS,Closed
63592991,2025-01-01T12:33:08.000,2025-01-01T13:33:45.000,NYPD,Illegal Parking,MANHATTAN,Closed
63587104,2025-01-01T12:33:12.000,2025-01-02T17:06:15.000,NYPD,Noise - Residential,BRONX,Closed
63585758,2025-01-01T12:33:17.000,2025-01-02T17:07:46.000,NYPD,Noise - Residential,BRONX,Closed
63616967,2025-01-01T12:33:17.000,2025-01-03T01:00:00.000,DOT,Street Condition,BROOKLYN,Closed
63586396,2025-01-01T12:33:20.000,2025-01-01T13:37:19.000,NYPD,Noise - Residential,MANHATTAN,Closed
63592971,2025-01-01T12:33:21.000,2025-01-01T14:55:31.000,NYPD,Illegal Parking,BROOKLYN,Closed
63588033,2025-01-01T12:33:21.000,2025-01-01T16:33:34.000,NYPD,Illegal Parking,BROOKLYN,Closed
63586880,2025-01-01T12:33:38.000,2025-01-03T09:45:00.000,DOT,Street Condition,QUEENS,Closed
63585882,2025-01-01T12:33:50.000,2025-01-02T08:48:27.000,DCWP,Consumer Complaint,BROOKLYN,Closed
63590850,2025-01-01T12:33:50.000,2025-01-02T17:07:49.000,NYPD,Noise - Residential,BRONX,Closed
63591654,2025-01-01T12:33:53.000,2025-01-01T12:48:08.000,NYPD,Blocked Driveway,BROOKLYN,Closed
63595009,2025-01-01T12:33:54.000,2025-01-01T13:34:39.000,NYPD,Noise - Residential,BROOKLYN,Closed
63613802,2025-01-01T12:33:55.000,2025-01-03T01:40:00.000,DOT,Street Condition,BROOKLYN,Closed
63587046,2025-01-01T12:34:04.000,2025-01-02T17:08:38.000,NYPD,Noise - Residential,BRONX,Closed
63595284,2025-01-01T12:34:07.000,2025-01-01T19:20:18.000,NYPD,Blocked Driveway,QUEENS,Closed
63589206,2025-01-01T12:34:10.000,2025-01-01T21:27:40.000,NYPD,Illegal Parking,QUEENS,Closed
63585790,2025-01-01T12:34:28.000,2025-01-02T17:08:32.000,NYPD,Noise - Residential,BRONX,Closed
63594253,2025-01-01T12:34:29.000,2025-01-01T14:18:19.000,NYPD,Illegal Parking,QUEENS,Closed
63589230,2025-01-01T12:34:42.000,2025-01-01T17:46:52.000,NYPD,Illegal Parking,BRONX,Closed
63591898,2025-01-01T12:34:52.000,2025-01-02T17:07:46.000,NYPD,Noise - Residential,BRONX,Closed
63595237,2025-01-01T12:34:54.000,2025-01-02T21:16:34.000,HPD,PLUMBING,STATEN ISLAND,Closed
63592671,2025-01-01T12:34:56.000,2025-01-02T17:59:28.000,HPD,HEAT/HOT WATER,QUEENS,Closed
63591923,2025-01-01T12:35:00.000,2025-01-02T12:00:00.000,DEP,Sewer,STATEN ISLAND,Closed
63590762,2025-01-01T12:35:00.000,2025-02-25T11:05:00.000,DEP,Water System,QUEENS,Closed
63609249,2025-01-01T12:35:00.000,2025-01-02T04:29:00.000,DSNY,Derelict Vehicles,BROOKLYN,Closed
63588253,2025-01-01T12:35:06.000,2025-01-02T17:12:11.000,NYPD,Noise - Residential,BRONX,Closed
63589932,2025-01-01T12:35:21.000,2025-01-01T14:07:40.000,NYPD,Noise - Residential,BROOKLYN,Closed
63590187,2025-01-01T12:35:25.000,2025-01-02T20:32:51.000,HPD,HEAT/HOT WATER,BROOKLYN,Closed
63590841,2025-01-01T12:35:32.000,2025-05-21T15:19:36.000,EDC,Noise - Helicopter,MANHATTAN,Closed
63593478,2025-01-01T12:35:39.000,2025-01-02T17:04:37.000,NYPD,Noise - Residential,BRONX,Closed
63585784,2025-01-01T12:35:44.000,2025-01-02T17:12:10.000,NYPD,Noise - Residential,BRONX,Closed
63587878,2025-01-01T12:35:49.000,2025-01-01T14:39:04.000,NYPD,Illegal Parking,BROOKLYN,Closed
63594731,2025-01-01T12:36:18.000,2025-01-01T12:53:48.000,NYPD,Noise - Park,MANHATTAN,Closed
63593241,2025-01-01T12:36:22.000,2025-01-02T17:07:53.000,NYPD,Noise - Residential,BRONX,Closed
63591962,2025-01-01T12:36:27.000,2025-01-02T17:07:48.000,NYPD,Noise - Residential,BRONX,Closed
63587843,2025-01-01T12:36:30.000,2025-01-02T01:24:38.000,NYPD,Blocked Driveway,QUEENS,Closed
63590740,2025-01-01T12:37:00.000,2025-01-02T17:07:45.000,NYPD,Noise - Residential,BRONX,Closed
63587847,2025-01-01T12:37:06.000,2025-01-01T14:59:00.000,NYPD,Blocked Driveway,QUEENS,Closed
63587171,2025-01-01T12:37:14.000,2025-01-02T17:12:10.000,NYPD,Noise - Residential,BRONX,Closed
63586135,2025-01-01T12:37:21.000,2025-01-01T12:55:04.000,NYPD,Abandoned Vehicle,QUEENS,Closed
63590547,2025-01-01T12:37:30.000,2025-01-01T20:14:07.000,NYPD,Illegal Parking,MANHATTAN,Closed
63592329,2025-01-01T12:37:39.000,2025-01-02T17:02:54.000,NYPD,Noise - Residential,BRONX,Closed
63590424,2025-01-01T12:37:42.000,2025-02-24T00:00:00.000,DOB,Building/Use,BRONX,Closed
63591724,2025-01-01T12:37:49.000,2025-01-01T16:52:02.000,NYPD,Illegal Parking,BROOKLYN,Closed
63607085,2025-01-01T12:37:57.000,2025-01-02T09:07:00.000,DOT,Street Condition,QUEENS,Closed
63586311,2025-01-01T12:37:58.000,2025-01-01T13:14:18.000,NYPD,Noise - Residential,BROOKLYN,Closed
63589272,2025-01-01T12:38:00.000,2025-01-04T03:00:00.000,DEP,Noise,BROOKLYN,Closed
63590514,2025-01-01T12:38:01.000,2025-01-01T17:04:17.000,NYPD,Illegal Parking,BRONX,Closed
63594665,2025-01-01T12:38:02.000,2025-01-02T17:12:14.000,NYPD,Noise - Residential,BRONX,Closed
63590586,2025-01-01T12:38:15.000,2025-01-01T13:52:13.000,NYPD,Drug Activity,MANHATTAN,Closed
63589425,2025-01-01T12:38:17.000,2025-01-02T17:04:36.000,NYPD,Noise - Residential,BRONX,Closed
63595275,2025-01-01T12:38:24.000,2025-01-01T13:50:29.000,NYPD,Illegal Parking,QUEENS,Closed
63591813,2025-01-01T12:38:34.000,2025-03-12T18:56:40.000,HPD,WATER LEAK,QUEENS,Closed
63594012,2025-01-01T12:38:34.000,2025-01-04T17:27:04.000,HPD,UNSANITARY CONDITION,QUEENS,Closed
63589319,2025-01-01T12:38:36.000,2025-01-16T05:03:03.000,HPD,SAFETY,MANHATTAN,Closed
63586838,2025-01-01T12:38:36.000,2025-01-16T05:03:03.000,HPD,UNSANITARY CONDITION,MANHATTAN,Closed
63590157,2025-01-01T12:38:36.000,2025-01-16T05:03:03.000,HPD,GENERAL,MANHATTAN,Closed
63595214,2025-01-01T12:38:36.000,2025-01-16T05:03:03.000,HPD,PAINT/PLASTER,MANHATTAN,Closed
63595215,2025-01-01T12:38:36.000,2025-01-16T05:03:03.000,HPD,PLUMBING,MANHATTAN,Closed
63593588,2025-01-01T12:38:50.000,2025-01-02T17:02:54.000,NYPD,Noise - Residential,BRONX,Closed
63586403,2025-01-01T12:38:53.000,2025-01-01T14:13:42.000,NYPD,Non-Emergency Police Matter,STATEN ISLAND,Closed
63592006,2025-01-01T12:38:55.000,2025-01-02T17:04:39.000,NYPD,Noise - Residential,BRONX,Closed
63594375,2025-01-01T12:39:13.000,2025-01-02T02:48:41.000,NYPD,Illegal Parking,BRONX,Closed
63592860,2025-01-01T12:39:23.000,2025-01-01T16:09:00.000,NYPD,Animal-Abuse,BROOKLYN,Closed
63588055,2025-01-01T12:39:28.000,2025-01-01T18:41:21.000,NYPD,Illegal Parking,QUEENS,Closed
63589904,2025-01-01T12:39:30.000,2025-01-01T14:20:19.000,NYPD,Noise - Commercial,QUEENS,Closed
63587332,2025-01-01T12:39:33.000,2025-01-02T17:02:54.000,NYPD,Noise - Residential,BRONX,Closed
63585796,2025-01-01T12:39:38.000,2025-01-02T17:12:11.000,NYPD,Noise - Residential,BRONX,Closed
63586481,2025-01-01T12:39:40.000,2025-01-01T13:04:27.000,NYPD,Blocked Driveway,MANHATTAN,Closed
63588212,2025-01-01T12:39:46.000,2025-01-22T11:59:25.000,DPR,Maintenance or Facility,QUEENS,Closed
63594970,2025-01-01T12:39:54.000,2025-01-01T12:53:30.000,NYPD,Noise - Park,MANHATTAN,Closed
63586193,2025-01-01T12:39:55.000,2025-01-02T15:01:52.000,DOT,Street Condition,STATEN ISLAND,Closed
63594263,2025-01-01T12:40:02.000,2025-01-01T14:55:05.000,NYPD,Illegal Parking,BROOKLYN,Closed
63589231,2025-01-01T12:40:08.000,2025-01-01T13:39:11.000,NYPD,Illegal Parking,BROOKLYN,Closed
63590378,2025-01-01T12:40:10.000,2025-01-01T14:01:36.000,DSNY,Vendor Enforcement,MANHATTAN,Closed
63592074,2025-01-01T12:40:11.000,2025-01-02T17:06:12.000,NYPD,Noise - Residential,BRONX,Closed
63589571,2025-01-01T12:40:25.000,2025-01-02T17:08:35.000,NYPD,Noise - Residential,BRONX,Closed
63590572,2025-01-01T12:40:33.000,2025-01-01T17:54:16.000,NYPD,Illegal Parking,BRONX,Closed
63587151,2025-01-01T12:40:49.000,2025-01-02T17:04:39.000,NYPD,Noise - Residential,BRONX,Closed
63591648,2025-01-01T12:40:57.000,2025-01-01T12:50:16.000,NYPD,Illegal Parking,BROOKLYN,Closed
63587470,2025-01-01T12:41:00.000,2025-01-07T10:35:00.000,DEP,Water System,QUEENS,Closed
63591044,2025-01-01T12:41:00.000,2025-02-25T10:05:00.000,DEP,Water System,QUEENS,Closed
63593671,2025-01-01T12:41:07.000,2025-01-01T17:22:55.000,NYPD,Noise - Residential,STATEN ISLAND,Closed
63593348,2025-01-01T12:41:12.000,2025-01-02T17:08:33.000,NYPD,Noise - Residential,BRONX,Closed
63587813,2025-01-01T12:41:20.000,2025-01-01T13:27:21.000,NYPD,Blocked Driveway,BROOKLYN,Closed
63587159,2025-01-01T12:41:27.000,2025-01-02T17:07:46.000,NYPD,Noise - Residential,BRONX,Closed
63594530,2025-01-01T12:41:28.000,2025-01-02T10:47:30.000,DSNY,Dirty Condition,BROOKLYN,Closed
63592737,2025-01-01T12:41:37.000,2025-01-04T10:13:55.000,HPD,HEAT/HOT WATER,MANHATTAN,Closed
63595071,2025-01-01T12:41:38.000,2025-03-03T06:44:43.000,HPD,GENERAL,BRONX,Closed
63591471,2025-01-01T12:41:41.000,2025-01-02T00:11:05.000,HPD,HEAT/HOT WATER,MANHATTAN,Closed
63588049,2025-01-01T12:41:42.000,2025-01-01T12:56:42.000,NYPD,Illegal Parking,MANHATTAN,Closed
63592690,2025-01-01T12:41:43.000,2025-01-02T17:43:04.000,HPD,HEAT/HOT WATER,QUEENS,Closed
63595030,2025-01-01T12:41:43.000,2025-01-02T17:43:04.000,HPD,ELECTRIC,QUEENS,Closed
63588787,2025-01-01T12:41:49.000,2025-01-01T13:58:28.000,NYPD,Noise - Residential,MANHATTAN,Closed
63588072,2025-01-01T12:41:59.000,2025-01-02T19:32:45.000,HPD,PLUMBING,BROOKLYN,Closed
63588437,2025-01-01T12:42:00.000,2025-01-02T17:02:56.000,NYPD,Noise - Residential,BRONX,Closed
63591015,2025-01-01T12:42:05.000,2025-01-02T17:08:40.000,NYPD,Noise - Residential,BRONX,Closed
63586990,2025-01-01T12:42:07.000,2025-01-02T11:24:30.000,DSNY,Dirty Condition,BROOKLYN,Closed
63585693,2025-01-01T12:42:38.000,2025-07-18T11:52:25.000,DPR,Maintenance or Facility,BROOKLYN,Closed
63590746,2025-01-01T12:42:44.000,2025-01-02T17:06:14.000,NYPD,Noise - Residential,BRONX,Closed
63594413,2025-01-01T12:42:48.000,2025-01-02T17:07:53.000,NYPD,Noise - Residential,BRONX,Closed
63593764,2025-01-01T12:43:08.000,2025-01-01T16:22:31.000,NYPD,Noise - Residential,BROOKLYN,Closed
63593477,2025-01-01T12:43:22.000,2025-01-02T17:04:36.000,NYPD,Noise - Residential,BRONX,Closed
63587949,2025-01-01T12:43:25.000,2025-01-01T13:54:15.000,NYPD,Illegal Parking,QUEENS,Closed
63589383,2025-01-01T12:43:35.000,2025-01-02T17:12:11.000,NYPD,Noise - Residential,BRONX,Closed
63587885,2025-01-01T12:43:46.000,2025-01-01T12:54:20.000,NYPD,Abandoned Vehicle,QUEENS,Closed
63609174,2025-01-01T12:43:48.000,2025-01-02T11:30:00.000,DOT,Street Condition,QUEENS,Closed
63585656,2025-01-01T12:43:57.000,2025-01-03T13:30:10.000,DSNY,Residential Disposal Complaint,BROOKLYN,Closed
63587240,2025-01-01T12:44:00.000,2025-01-02T17:06:17.000,NYPD,Noise - Residential,BRONX,Closed
63591896,2025-01-01T12:44:23.000,2025-01-02T17:07:47.000,NYPD,Noise - Residential,BRONX,Closed
63592047,2025-01-01T12:44:30.000,2025-06-03T16:27:28.000,DPR,New Tree Request,BROOKLYN,Closed
63593924,2025-01-01T12:44:37.000,2025-01-02T00:11:05.000,HPD,HEAT/HOT WATER,MANHATTAN,Closed
63590992,2025-01-01T12:44:38.000,2025-01-02T17:12:10.000,NYPD,Noise - Residential,BRONX,Closed
63595106,2025-01-01T12:44:47.000,2025-01-02T00:11:05.000,HPD,HEAT/HOT WATER,MANHATTAN,Closed
63590430,2025-01-01T12:44:48.000,2025-01-01T13:12:39.000,NYPD,Illegal Parking,BROOKLYN,Closed
63593051,2025-01-01T12:44:49.000,2025-01-01T22:46:13.000,NYPD,Illegal Parking,QUEENS,Closed
63590617,2025-01-01T12:44:59.000,2025-04-21T07:51:04.000,HPD,UNSANITARY CONDITION,BROOKLYN,Closed
63586530,2025-01-01T12:44:59.000,2025-04-21T07:51:04.000,HPD,GENERAL,BROOKLYN,Closed
63588870,2025-01-01T12:44:59.000,2025-04-21T07:51:04.000,HPD,GENERAL,BROOKLYN,Closed
63588589,2025-01-01T12:45:10.000,2025-01-02T17:04:36.000,NYPD,Noise - Residential,BRONX,Closed
63594710,2025-01-01T12:45:16.000,2025-01-02T17:04:38.000,NYPD,Noise - Residential,BRONX,Closed
63587798,2025-01-01T12:45:26.000,2025-01-02T08:31:20.000,HPD,HEAT/HOT WATER,BROOKLYN,Closed
63587887,2025-01-01T12:45:35.000,2025-01-01T12:56:12.000,NYPD,Animal-Abuse,BRONX,Closed
63592829,2025-01-01T12:45:49.000,2025-01-02T10:29:58.000,DCWP,Consumer Complaint,MANHATTAN,Closed
63586147,2025-01-01T12:45:54.000,2025-01-02T17:02:55.000,NYPD,Noise - Residential,BRONX,Closed
63587993,2025-01-01T12:45:56.000,2025-01-01T13:13:55.000,NYPD,Illegal Parking,BROOKLYN,Closed
63585926,2025-01-01T12:45:58.000,2025-01-02T17:04:40.000,NYPD,Noise - Residential,BRONX,Closed
63594186,2025-01-01T12:46:00.000,2025-01-01T18:55:00.000,DOT,Traffic Signal Condition,MANHATTAN,Closed
63589125,2025-01-01T12:46:24.000,2025-01-01T21:20:47.000,NYPD,Illegal Parking,QUEENS,Closed
63592822,2025-01-01T12:46:27.000,2025-02-01T04:01:54.000,DCWP,Consumer Complaint,BROOKLYN,Closed
63589587,2025-01-01T12:46:32.000,2025-01-02T17:10:28.000,NYPD,Noise - Residential,BRONX,Closed
63590069,2025-01-01T12:46:44.000,2025-01-01T17:47:11.000,NYPD,Noise - Residential,QUEENS,Closed
63591970,2025-01-01T12:46:45.000,2025-01-02T17:06:16.000,NYPD,Noise - Residential,BRONX,Closed
63590300,2025-01-01T12:46:50.000,2025-01-01T14:29:51.000,NYPD,Blocked Driveway,BROOKLYN,Closed
63594337,2025-01-01T12:47:00.000,2025-01-01T14:28:00.000,DEP,Water System,QUEENS,Closed
63590661,2025-01-01T12:47:08.000,2025-01-02T06:38:31.000,DSNY,Dirty Condition,QUEENS,Closed
63589865,2025-01-01T12:47:10.000,2025-01-02T17:06:14.000,NYPD,Noise - Residential,BRONX,Closed
63590268,2025-01-01T12:47:27.000,2025-03-02T12:53:07.000,DOHMH,Smoking or Vaping,MANHATTAN,Closed
63590787,2025-01-01T12:47:33.000,2025-01-02T17:10:28.000,NYPD,Noise - Residential,BRONX,Closed
63587482,2025-01-01T12:47:36.000,2025-01-01T13:17:35.000,NYPD,Noise - Residential,BROOKLYN,Closed
63589652,2025-01-01T12:47:49.000,2025-01-02T17:04:39.000,NYPD,Noise - Residential,BRONX,Closed
63589237,2025-01-01T12:47:55.000,2025-01-01T18:41:00.000,NYPD,Illegal Parking,QUEENS,Closed
63585872,2025-01-01T12:48:16.000,2025-01-07T09:21:01.000,DOT,Outdoor Dining,QUEENS,Closed
63591888,2025-01-01T12:48:20.000,2025-01-02T17:07:52.000,NYPD,Noise - Residential,BRONX,Closed
63587816,2025-01-01T12:48:26.000,2025-01-02T00:11:05.000,HPD,HEAT/HOT WATER,MANHATTAN,Closed
63592143,2025-01-01T12:48:27.000,2025-01-02T17:02:54.000,NYPD,Noise - Residential,BRONX,Closed
63592699,2025-01-01T12:48:27.000,2025-01-02T15:15:48.000,HPD,HEAT/HOT WATER,BRONX,Closed
63595184,2025-01-01T12:48:27.000,2025-01-03T07:37:52.000,HPD,HEAT/HOT WATER,BRONX,Closed
63587771,2025-01-01T12:48:56.000,2025-01-01T20:35:04.000,HPD,HEAT/HOT WATER,BROOKLYN,Closed
63590783,2025-01-01T12:49:05.000,2025-01-02T17:08:32.000,NYPD,Noise - Residential,BRONX,Closed
63587448,2025-01-01T12:49:08.000,2025-01-02T17:02:55.000,NYPD,Noise - Residential,BRONX,Closed
63591595,2025-01-01T12:49:10.000,2025-01-01T13:17:09.000,NYPD,Abandoned Vehicle,STATEN ISLAND,Closed
63587698,2025-01-01T12:49:16.000,2025-01-02T21:02:38.000,HPD,HEAT/HOT WATER,BRONX,Closed
63586855,2025-01-01T12:49:16.000,2025-01-02T21:02:38.000,HPD,UNSANITARY CONDITION,BRONX,Closed
63589309,2025-01-01T12:49:16.000,2025-01-02T21:02:38.000,HPD,PLUMBING,BRONX,Closed
63589322,2025-01-01T12:49:16.000,2025-01-02T21:02:38.000,HPD,WATER LEAK,BRONX,Closed
63589346,2025-01-01T12:49:17.000,2025-01-02T21:02:38.000,HPD,WATER LEAK,BRONX,Closed
63586846,2025-01-01T12:49:17.000,2025-01-02T21:02:38.000,HPD,UNSANITARY CONDITION,BRONX,Closed
63591731,2025-01-01T12:49:17.000,2025-01-02T21:02:38.000,HPD,PLUMBING,BRONX,Closed
63591355,2025-01-01T12:49:17.000,2025-01-02T21:02:38.000,HPD,APPLIANCE,BRONX,Closed
63587791,2025-01-01T12:49:17.000,2025-01-02T21:02:38.000,HPD,PAINT/PLASTER,BRONX,Closed
63588075,2025-01-01T12:49:17.000,2025-01-02T21:02:38.000,HPD,SAFETY,BRONX,Closed
63594056,2025-01-01T12:49:26.000,2025-01-01T12:53:54.000,NYPD,Abandoned Vehicle,QUEENS,Closed
63594489,2025-01-01T12:49:43.000,2025-01-02T17:04:40.000,NYPD,Noise - Residential,BRONX,Closed
63588300,2025-01-01T12:49:55.000,2025-01-02T17:06:16.000,NYPD,Noise - Residential,BRONX,Closed
63595318,2025-01-01T12:50:00.000,2025-01-15T12:00:00.000,DEP,Noise,BRONX,Closed
63588527,2025-01-01T12:50:00.000,2025-01-10T10:25:00.000,DEP,Water System,QUEENS,Closed
63588323,2025-01-01T12:50:00.000,2025-01-01T21:37:00.000,DEP,Sewer,QUEENS,Closed
63586236,2025-01-01T12:50:14.000,2025-01-08T00:00:00.000,DOB,Boilers,BRONX,Closed
63591840,2025-01-01T12:50:17.000,2025-01-02T06:42:53.000,DSNY,Dirty Condition,BROOKLYN,Closed
63587005,2025-01-01T12:50:21.000,2025-01-02T17:12:08.000,NYPD,Noise - Residential,BRONX,Closed
63588027,2025-01-01T12:50:32.000,2025-01-04T13:26:20.000,DSNY,Residential Disposal Complaint,BROOKLYN,Closed
63591899,2025-01-01T12:50:43.000,2025-01-02T17:12:10.000,NYPD,Noise - Residential,BRONX,Closed
63587290,2025-01-01T12:50:44.000,2025-01-08T10:07:40.000,DOT,Sidewalk Condition,QUEENS,Closed
63590298,2025-01-01T12:50:53.000,2025-01-01T15:01:20.000,NYPD,Blocked Driveway,BROOKLYN,Closed
63587874,2025-01-01T12:50:55.000,2025-01-01T13:47:43.000,NYPD,Illegal Parking,BROOKLYN,Closed
63589570,2025-01-01T12:50:59.000,2025-01-02T17:08:42.000,NYPD,Noise - Residential,BRONX,Closed
63586758,2025-01-01T12:51:01.000,2025-01-01T13:22:04.000,NYPD,Illegal Parking,BROOKLYN,Closed
63594556,2025-01-01T12:51:03.000,2025-01-01T23:59:23.000,NYPD,Animal-Abuse,BROOKLYN,Closed
63590590,2025-01-01T12:51:28.000,2025-01-13T17:19:56.000,HPD,SAFETY,BRONX,Closed
63588979,2025-01-01T12:51:28.000,2025-01-13T17:19:56.000,HPD,PAINT/PLASTER,BRONX,Closed
63590594,2025-01-01T12:51:28.000,2025-01-13T17:19:56.000,HPD,UNSANITARY CONDITION,BRONX,Closed
63586631,2025-01-01T12:51:28.000,2025-01-02T20:34:05.000,HPD,HEAT/HOT WATER,BRONX,Closed
63593864,2025-01-01T12:51:28.000,2025-01-13T17:19:56.000,HPD,DOOR/WINDOW,BRONX,Closed
63588436,2025-01-01T12:51:31.000,2025-01-02T17:02:55.000,NYPD,Noise - Residential,BRONX,Closed
63588889,2025-01-01T12:51:32.000,2025-01-02T20:31:50.000,HPD,HEAT/HOT WATER,BROOKLYN,Closed
63586826,2025-01-01T12:51:33.000,2025-01-08T19:41:17.000,HPD,UNSANITARY CONDITION,BROOKLYN,Closed
63592653,2025-01-01T12:51:33.000,2025-01-08T19:41:17.000,HPD,GENERAL,BROOKLYN,Closed
63587648,2025-01-01T12:51:33.000,2025-01-08T19:41:17.000,HPD,DOOR/WINDOW,BROOKLYN,Closed
63590226,2025-01-01T12:51:34.000,2025-01-02T19:30:16.000,HPD,HEAT/HOT WATER,MANHATTAN,Closed
63595065,2025-01-01T12:51:34.000,2025-01-08T19:41:17.000,HPD,ELECTRIC,BROOKLYN,Closed
63591361,2025-01-01T12:51:35.000,2025-03-28T22:58:56.000,HPD,DOOR/WINDOW,BROOKLYN,Closed
63588291,2025-01-01T12:51:37.000,2025-01-02T17:04:39.000,NYPD,Noise - Residential,BRONX,Closed
63587740,2025-01-01T12:51:59.000,2025-01-03T08:29:35.000,HPD,HEAT/HOT WATER,MANHATTAN,Closed
63585853,2025-01-01T12:52:15.000,2025-01-02T17:08:38.000,NYPD,Noise - Residential,BRONX,Closed
63585980,2025-01-01T12:52:18.000,2025-01-02T17:03:00.000,NYPD,Noise - Residential,BRONX,Closed
63590305,2025-01-01T12:52:35.000,2025-01-01T21:23:38.000,NYPD,Blocked Driveway,QUEENS,Closed
63591019,2025-01-01T12:52:54.000,2025-01-02T17:10:30.000,NYPD,Noise - Residential,BRONX,Closed
63593763,2025-01-01T12:52:57.000,2025-01-01T15:56:14.000,NYPD,Noise - Residential,BRONX,Closed
63585741,2025-01-01T12:53:00.000,2025-01-02T15:00:00.000,DEP,Noise,BRONX,Closed
63586228,2025-01-01T12:53:00.000,2025-06-11T10:33:00.000,DOT,Street Light Condition,STATEN ISLAND,Closed
63587048,2025-01-01T12:53:00.000,2025-01-02T15:01:00.000,DEP,Noise,QUEENS,Closed
63591018,2025-01-01T12:53:06.000,2025-01-02T17:10:29.000,NYPD,Noise - Residential,BRONX,Closed
63585668,2025-01-01T12:53:12.000,2025-01-05T18:16:23.000,DOHMH,Rodent,STATEN ISLAND,Closed
63585925,2025-01-01T12:53:32.000,2025-01-02T17:04:38.000,NYPD,Noise - Residential,BRONX,Closed
63589144,2025-01-01T12:53:44.000,2025-01-30T00:00:00.000,DOB,Special Projects Inspection Team (SPIT),QUEENS,Closed
63593205,2025-01-01T12:53:49.000,2025-01-02T15:12:28.000,TLC,Lost Property,MANHATTAN,Closed
63592028,2025-01-01T12:53:53.000,2025-01-02T17:10:29.000,NYPD,Noise - Residential,BRONX,Closed
63586437,2025-01-01T12:54:03.000,2025-01-02T00:00:00.000,DOB,Elevator,MANHATTAN,Closed
63594939,2025-01-01T12:54:04.000,2025-01-01T15:25:22.000,NYPD,Noise - Street/Sidewalk,MANHATTAN,Closed
63587103,2025-01-01T12:54:10.000,2025-01-02T17:06:16.000,NYPD,Noise - Residential,BRONX,Closed
63590447,2025-01-01T12:54:13.000,2025-01-01T13:49:30.000,NYPD,Illegal Parking,BROOKLYN,Closed
63589327,2025-01-01T12:54:33.000,2025-03-21T17:10:10.000,HPD,SAFETY,BROOKLYN,Closed
63595152,2025-01-01T12:54:33.000,2025-01-02T09:15:12.000,HPD,HEAT/HOT WATER,MANHATTAN,Closed
63593949,2025-01-01T12:54:33.000,2025-01-03T21:02:38.000,HPD,HEAT/HOT WATER,BRONX,Closed
63585836,2025-01-01T12:54:41.000,2025-01-02T17:10:29.000,NYPD,Noise - Residential,BRONX,Closed
63593213,2025-01-01T12:54:48.000,2025-01-02T17:07:52.000,NYPD,Noise - Residential,BRONX,Closed
63591611,2025-01-01T12:54:55.000,2025-01-01T13:11:06.000,NYPD,Traffic,BROOKLYN,Closed
63589704,2025-01-01T12:55:00.000,2025-01-01T13:08:54.000,NYPD,Noise - Park,MANHATTAN,Closed
63586371,2025-01-01T12:55:10.000,2025-01-01T14:31:48.000,NYPD,Noise - Residential,BRONX,Closed
63592145,2025-01-01T12:55:26.000,2025-01-02T17:06:13.000,NYPD,Noise - Residential,BRONX,Closed
63587150,2025-01-01T12:55:28.000,2025-01-02T17:04:40.000,NYPD,Noise - Residential,BRONX,Closed
63592944,2025-01-01T12:55:45.000,2025-01-01T13:20:46.000,NYPD,Illegal Parking,BRONX,Closed
63589350,2025-01-01T12:56:02.000,2025-01-01T12:56:02.000,DOHMH,Rodent,STATEN ISLAND,Closed
63585889,2025-01-01T12:56:04.000,2025-01-02T17:06:15.000,NYPD,Noise - Residential,BRONX,Closed
63591659,2025-01-01T12:56:15.000,2025-01-01T13:27:28.000,NYPD,Illegal Parking,BROOKLYN,Closed
63589820,2025-01-01T12:56:16.000,2025-01-02T17:08:38.000,NYPD,Noise - Residential,BRONX,Closed
63588052,2025-01-01T12:56:34.000,2025-01-01T13:11:59.000,NYPD,Illegal Parking,BROOKLYN,Closed
63592228,2025-01-01T12:56:42.000,2025-01-02T17:02:55.000,NYPD,Noise - Residential,BRONX,Closed
63592261,2025-01-01T12:56:44.000,2025-01-02T00:00:00.000,DOB,General Construction/Plumbing,QUEENS,Closed
63589456,2025-01-01T12:56:54.000,2025-01-01T15:27:16.000,NYPD,Illegal Parking,MANHATTAN,Closed
63591014,2025-01-01T12:57:04.000,2025-01-02T17:08:37.000,NYPD,Noise - Residential,BRONX,Closed
63592227,2025-01-01T12:57:21.000,2025-01-02T17:02:55.000,NYPD,Noise - Residential,BRONX,Closed
63594345,2025-01-01T12:57:21.000,2025-01-01T13:10:30.000,NYPD,Illegal Parking,BROOKLYN,Closed
63592742,2025-01-01T12:57:35.000,2025-01-02T19:57:52.000,HPD,HEAT/HOT WATER,BROOKLYN,Closed
63586827,2025-01-01T12:57:36.000,2025-01-18T14:37:32.000,HPD,PLUMBING,MANHATTAN,Closed
63590614,2025-01-01T12:57:39.000,2025-01-06T16:54:48.000,HPD,WATER LEAK,BRONX,Closed
63588092,2025-01-01T12:57:39.000,2025-01-06T16:54:48.000,HPD,UNSANITARY CONDITION,BRONX,Closed
63585924,2025-01-01T12:57:53.000,2025-01-02T17:04:41.000,NYPD,Noise - Residential,BRONX,Closed
63594138,2025-01-01T12:57:57.000,2025-01-01T19:46:57.000,NYPD,Illegal Parking,QUEENS,Closed
63591013,2025-01-01T12:57:59.000,2025-01-02T17:08:34.000,NYPD,Noise - Residential,BRONX,Closed
63587496,2025-01-01T12:58:05.000,2025-01-03T08:34:31.000,DOT,Street Condition,BROOKLYN,Closed
63590653,2025-01-01T12:58:15.000,2025-04-07T11:06:31.000,DOT,Curb Condition,QUEENS,Closed
63591116,2025-01-01T12:58:37.000,2025-01-02T17:02:55.000,NYPD,Noise - Residential,BRONX,Closed
63587149,2025-01-01T12:58:39.000,2025-01-02T17:04:41.000,NYPD,Noise - Residential,BRONX,Closed
63587831,2025-01-01T12:58:49.000,2025-01-01T14:39:42.000,NYPD,Abandoned Vehicle,QUEENS,Closed
63589184,2025-01-01T12:58:50.000,2025-01-01T13:16:38.000,NYPD,Illegal Parking,BROOKLYN,Closed
63587201,2025-01-01T12:59:00.000,2025-01-02T14:15:00.000,DEP,Sewer,QUEENS,Closed
63590604,2025-01-01T12:59:00.000,2025-01-30T16:29:00.000,DOT,Street Light Condition,BROOKLYN,Closed
63592922,2025-01-01T12:59:02.000,2025-01-01T16:14:31.000,NYPD,Blocked Driveway,BROOKLYN,Closed
63585941,2025-01-01T12:59:15.000,2025-01-02T17:02:54.000,NYPD,Noise - Residential,BRONX,Closed
63592941,2025-01-01T12:59:23.000,2025-01-01T21:55:49.000,NYPD,Illegal Parking,MANHATTAN,Closed
63594652,2025-01-01T12:59:26.000,2025-01-02T17:08:37.000,NYPD,Noise - Residential,BRONX,Closed
63591012,2025-01-01T12:59:53.000,2025-01-02T17:08:30.000,NYPD,Noise - Residential,BRONX,Closed
63589511,2025-01-01T13:00:14.000,2025-01-02T17:07:49.000,NYPD,Noise - Residential,BRONX,Closed
63594257,2025-01-01T13:00:23.000,2025-01-01T14:11:35.000,NYPD,Illegal Parking,BROOKLYN,Closed
63594453,2025-01-01T13:00:31.000,2025-01-02T17:06:18.000,NYPD,Noise - Residential,BRONX,Closed
63592640,2025-01-01T13:00:35.000,2025-01-06T18:48:51.000,HPD,APPLIANCE,BROOKLYN,Closed
63589422,2025-01-01T13:00:35.000,2025-01-06T18:48:51.000,HPD,APPLIANCE,BROOKLYN,Closed
63590133,2025-01-01T13:00:35.000,2025-01-06T18:48:51.000,HPD,DOOR/WINDOW,BROOKLYN,Closed
63588077,2025-01-01T13:00:35.000,2025-01-06T18:48:51.000,HPD,UNSANITARY CONDITION,BROOKLYN,Closed
63591498,2025-01-01T13:00:35.000,2025-01-06T18:48:51.000,HPD,PLUMBING,BROOKLYN,Closed
63595212,2025-01-01T13:00:35.000,2025-01-06T18:48:51.000,HPD,PAINT/PLASTER,BROOKLYN,Closed
63589316,2025-01-01T13:00:35.000,2025-01-06T18:48:51.000,HPD,UNSANITARY CONDITION,BROOKLYN,Closed
63595056,2025-01-01T13:00:35.000,2025-01-06T18:48:51.000,HPD,GENERAL,BROOKLYN,Closed
63593880,2025-01-01T13:00:35.000,2025-01-06T18:48:51.000,HPD,FLOORING/STAIRS,BROOKLYN,Closed
63593896,2025-01-01T13:00:35.000,2025-01-02T16:44:56.000,HPD,HEAT/HOT WATER,BROOKLYN,Closed
63586851,2025-01-01T13:00:49.000,2025-01-25T12:54:11.000,HPD,UNSANITARY CONDITION,MANHATTAN,Closed
63591371,2025-01-01T13:00:49.000,2025-01-25T12:54:11.000,HPD,ELECTRIC,MANHATTAN,Closed
63595069,2025-01-01T13:00:49.000,2025-01-25T12:54:11.000,HPD,ELECTRIC,MANHATTAN,Closed
63587875,2025-01-01T13:00:54.000,2025-01-01T14:18:23.000,NYPD,Illegal Parking,QUEENS,Closed
63588234,2025-01-01T13:01:01.000,2025-01-02T17:07:50.000,NYPD,Noise - Residential,BRONX,Closed
63592325,2025-01-01T13:01:02.000,2025-01-03T10:54:36.000,DOT,Street Condition,QUEENS,Closed
63585768,2025-01-01T13:01:09.000,2025-01-02T17:08:40.000,NYPD,Noise - Residential,BRONX,Closed
63592934,2025-01-01T13:01:11.000,2025-01-01T17:20:58.000,NYPD,Blocked Driveway,QUEENS,Closed
63587035,2025-01-01T13:01:47.000,2025-01-02T17:02:56.000,NYPD,Noise - Residential,BRONX,Closed
63586807,2025-01-01T13:01:47.000,2025-01-01T13:41:43.000,NYPD,Illegal Parking,BROOKLYN,Closed
63589665,2025-01-01T13:01:49.000,2025-01-02T17:02:54.000,NYPD,Noise - Residential,BRONX,Closed
63586309,2025-01-01T13:01:53.000,2025-01-01T13:29:51.000,NYPD,Noise - Residential,BROOKLYN,Closed
63595423,2025-01-01T13:02:00.000,2025-01-06T16:19:00.000,DEP,Noise,BROOKLYN,Closed
63587616,2025-01-01T13:02:03.000,2025-01-01T14:01:36.000,NYPD,Noise - Vehicle,MANHATTAN,Closed
63591784,2025-01-01T13:02:08.000,2025-01-01T13:41:56.000,NYPD,Illegal Parking,BROOKLYN,Closed
63589118,2025-01-01T13:02:13.000,2025-01-01T19:25:42.000,NYPD,Illegal Parking,BROOKLYN,Closed
63588319,2025-01-01T13:02:25.000,2025-01-02T17:04:38.000,NYPD,Noise - Residential,BRONX,Closed
63585936,2025-01-01T13:02:37.000,2025-01-02T17:04:38.000,NYPD,Noise - Residential,BRONX,Closed
63592516,2025-01-01T13:02:46.000,2025-01-01T13:14:37.000,NYPD,Noise - Residential,BROOKLYN,Closed
63593690,2025-01-01T13:02:52.000,2025-01-01T15:08:16.000,NYPD,Noise - Residential,QUEENS,Closed
63594146,2025-01-01T13:02:59.000,2025-01-01T13:24:36.000,NYPD,Illegal Parking,BROOKLYN,Closed
63589801,2025-01-01T13:03:04.000,2025-01-02T17:07:50.000,NYPD,Noise - Residential,BRONX,Closed
63588173,2025-01-01T13:03:16.000,2025-02-12T11:33:24.000,DOHMH,Indoor Sewage,BROOKLYN,Closed
63589379,2025-01-01T13:03:24.000,2025-01-02T17:12:15.000,NYPD,Noise - Residential,BRONX,Closed
63591439,2025-01-01T13:03:40.000,2025-01-02T19:00:48.000,HPD,HEAT/HOT WATER,QUEENS,Closed
63586777,2025-01-01T13:03:41.000,2025-01-01T19:05:00.000,NYPD,Illegal Parking,QUEENS,Closed
63590900,2025-01-01T13:03:42.000,2025-01-02T17:02:55.000,NYPD,Noise - Residential,BRONX,Closed
63587017,2025-01-01T13:03:52.000,2025-01-02T13:57:04.000,DSNY,Illegal Dumping,QUEENS,Closed
63595133,2025-01-01T13:03:57.000,2025-01-02T14:01:09.000,HPD,HEAT/HOT WATER,BRONX,Closed
63590253,2025-01-01T13:04:04.000,2025-03-21T20:20:33.000,HPD,PLUMBING,BROOKLYN,Closed
63588100,2025-01-01T13:04:04.000,2025-03-21T20:20:33.000,HPD,WATER LEAK,BROOKLYN,Closed
63595303,2025-01-01T13:04:08.000,2025-01-01T18:25:15.000,NYPD,Blocked Driveway,BROOKLYN,Closed
63594488,2025-01-01T13:04:12.000,2025-01-02T17:04:39.000,NYPD,Noise - Residential,BRONX,Closed
63589392,2025-01-01T13:04:20.000,2025-01-02T17:08:33.000,NYPD,Noise - Residential,BRONX,Closed
63594042,2025-01-01T13:04:29.000,2025-01-01T16:59:41.000,DOHMH,Indoor Air Quality,BROOKLYN,Closed
63586195,2025-01-01T13:04:31.000,2025-01-03T10:00:55.000,DOT,Street Condition,QUEENS,Closed
63592839,2025-01-01T13:04:35.000,2025-01-01T19:40:32.000,NYPD,Abandoned Vehicle,QUEENS,Closed
63590311,2025-01-01T13:04:46.000,2025-01-01T19:40:18.000,NYPD,Abandoned Vehicle,QUEENS,Closed
63586997,2025-01-01T13:04:58.000,2025-01-02T17:07:52.000,NYPD,Noise - Residential,BRONX,Closed
63587174,2025-01-01T13:04:59.000,2025-01-02T17:10:30.000,NYPD,Noise - Residential,BRONX,Closed
63588057,2025-01-01T13:05:00.000,2025-01-09T11:25:00.000,DOT,Street Light Condition,BROOKLYN,Closed
63588856,2025-01-01T13:05:04.000,2025-04-28T13:42:11.000,DHS,Encampment,MANHATTAN,Closed
63588805,2025-01-01T13:05:04.000,2025-01-01T13:50:01.000,NYPD,Encampment,MANHATTAN,Closed
63586919,2025-01-01T13:05:36.000,2025-01-02T17:08:35.000,NYPD,Noise - Residential,BRONX,Closed
63585629,2025-01-01T13:05:36.000,2025-01-02T13:12:18.000,DSNY,Illegal Dumping,BROOKLYN,Closed
63590046,2025-01-01T13:05:46.000,2025-01-03T00:00:00.000,DOB,Elevator,MANHATTAN,Closed
63588259,2025-01-01T13:05:47.000,2025-01-02T17:12:11.000,NYPD,Noise - Residential,BRONX,Closed
63594153,2025-01-01T13:05:47.000,2025-01-06T00:00:00.000,DOB,Emergency Response Team (ERT),BROOKLYN,Closed
63591534,2025-01-01T13:05:51.000,2025-01-01T14:45:04.000,NYPD,Animal-Abuse,QUEENS,Closed
63586870,2025-01-01T13:05:57.000,2025-01-03T09:49:52.000,DSNY,Dirty Condition,BROOKLYN,Closed
63585832,2025-01-01T13:06:14.000,2025-01-02T17:10:27.000,NYPD,Noise - Residential,BRONX,Closed
63586315,2025-01-01T13:06:23.000,2025-01-01T13:53:57.000,NYPD,Noise - Residential,MANHATTAN,Closed
63587929,2025-01-01T13:06:32.000,2025-01-01T20:18:52.000,NYPD,Blocked Driveway,QUEENS,Closed
63585934,2025-01-01T13:06:34.000,2025-01-02T17:04:44.000,NYPD,Noise - Residential,BRONX,Closed
63587628,2025-01-01T13:06:45.000,2025-01-01T13:42:46.000,NYPD,Noise - Residential,QUEENS,Closed
63585596,2025-01-01T13:06:46.000,2025-01-01T13:10:29.000,NYPD,Illegal Parking,BROOKLYN,Closed
63590931,2025-01-01T13:06:52.000,2025-01-02T17:06:20.000,NYPD,Noise - Residential,BRONX,Closed
63595230,2025-01-01T13:07:06.000,2025-01-02T20:05:44.000,HPD,PLUMBING,BRONX,Closed
63590255,2025-01-01T13:07:06.000,2025-01-02T20:05:44.000,HPD,HEAT/HOT WATER,BRONX,Closed
63589324,2025-01-01T13:07:07.000,2025-03-21T20:20:33.000,HPD,WATER LEAK,BROOKLYN,Closed
63595170,2025-01-01T13:07:07.000,2025-03-21T20:20:33.000,HPD,PLUMBING,BROOKLYN,Closed
63592131,2025-01-01T13:07:22.000,2025-01-02T17:04:39.000,NYPD,Noise - Residential,BRONX,Closed
63587481,2025-01-01T13:07:23.000,2025-01-01T15:28:22.000,NYPD,Noise - Residential,BRONX,Closed
63586898,2025-01-01T13:07:29.000,2025-01-01T18:22:07.000,NYPD,Illegal Parking,QUEENS,Closed
63589884,2025-01-01T13:07:30.000,2025-01-02T17:04:39.000,NYPD,Noise - Residential,BRONX,Closed
63586262,2025-01-01T13:07:36.000,2025-01-01T14:26:15.000,NYPD,Noise - Residential,MANHATTAN,Closed
63591870,2025-01-01T13:07:55.000,2025-01-03T11:00:00.000,DOT,Street Condition,BROOKLYN,Closed
63585630,2025-01-01T13:07:56.000,2025-03-02T13:34:22.000,DOHMH,Food Establishment,BROOKLYN,Closed
63589569,2025-01-01T13:08:09.000,2025-01-02T17:08:39.000,NYPD,Noise - Residential,BRONX,Closed
63585759,2025-01-01T13:08:09.000,2025-01-02T17:12:10.000,NYPD,Noise - Residential,BRONX,Closed
63586891,2025-01-01T13:08:35.000,2025-01-02T13:51:52.000,DSNY,Dirty Condition,MANHATTAN,Closed
63594252,2025-01-01T13:09:09.000,2025-01-01T16:42:31.000,NYPD,Illegal Parking,BROOKLYN,Closed
63590991,2025-01-01T13:09:25.000,2025-01-02T17:12:12.000,NYPD,Noise - Residential,BRONX,Closed
63595311,2025-01-01T13:09:29.000,2025-01-01T14:10:54.000,NYPD,Illegal Parking,MANHATTAN,Closed
63588806,2025-01-01T13:10:00.000,2025-01-01T17:09:38.000,NYPD,Noise - Residential,BRONX,Closed
63587385,2025-01-01T13:10:03.000,2025-01-02T17:07:47.000,NYPD,Noise - Residential,BRONX,Closed
63589318,2025-01-01T13:10:06.000,2025-04-10T13:45:18.000,HPD,UNSANITARY CONDITION,QUEENS,Closed
63593925,2025-01-01T13:10:07.000,2025-01-04T10:12:31.000,HPD,HEAT/HOT WATER,MANHATTAN,Closed
63586606,2025-01-01T13:10:09.000,2025-01-04T10:13:56.000,HPD,HEAT/HOT WATER,MANHATTAN,Closed
63590301,2025-01-01T13:10:15.000,2025-01-01T22:45:18.000,NYPD,Blocked Driveway,QUEENS,Closed
63592791,2025-01-01T13:10:23.000,2025-01-02T11:41:44.000,HPD,HEAT/HOT WATER,MANHATTAN,Closed
63588788,2025-01-01T13:10:25.000,2025-01-01T14:21:58.000,NYPD,Noise - Residential,MANHATTAN,Closed
63595219,2025-01-01T13:10:30.000,2025-03-02T13:17:22.000,DOHMH,Smoking or Vaping,BROOKLYN,Closed
63586697,2025-01-01T13:10:35.000,2025-01-01T14:32:55.000,NYPD,Illegal Parking,QUEENS,Closed
63589438,2025-01-01T13:10:41.000,2025-01-02T17:02:54.000,NYPD,Noise - Residential,BRONX,Closed
63592177,2025-01-01T13:11:00.000,2025-01-01T13:11:00.000,DEP,Water System,BROOKLYN,Closed
63593144,2025-01-01T13:11:00.000,2025-01-01T14:30:00.000,DEP,Water System,QUEENS,Closed
63592837,2025-01-01T13:11:00.000,2025-01-01T14:22:43.000,NYPD,Abandoned Vehicle,MANHATTAN,Closed
63593202,2025-01-01T13:11:00.000,2025-01-08T20:10:00.000,DEP,Water System,QUEENS,Closed
63593149,2025-01-01T13:11:00.000,2025-01-01T13:11:00.000,DEP,Water System,BROOKLYN,Closed
63594464,2025-01-01T13:11:00.000,2025-01-02T06:20:00.000,DEP,Water System,STATEN ISLAND,Closed
63595938,2025-01-01T13:11:00.000,2025-01-02T10:33:00.000,DSNY,Derelict Vehicles,STATEN ISLAND,Closed
63593047,2025-01-01T13:11:14.000,2025-01-01T13:33:56.000,NYPD,Illegal Parking,BROOKLYN,Closed
63586970,2025-01-01T13:11:19.000,2025-01-02T17:06:17.000,NYPD,Noise - Residential,BRONX,Closed
63593071,2025-01-01T13:11:19.000,2025-01-01T15:01:29.000,DSNY,Vendor Enforcement,MANHATTAN,Closed
63593313,2025-01-01T13:11:44.000,2025-02-23T14:03:57.000,DOHMH,Food Establishment,BROOKLYN,Closed
63592541,2025-01-01T13:11:46.000,2025-01-01T15:07:53.000,NYPD,Noise - Residential,QUEENS,Closed
63592843,2025-01-01T13:11:52.000,2025-01-02T06:11:20.000,NYPD,Blocked Driveway,BROOKLYN,Closed
63587114,2025-01-01T13:11:57.000,2025-01-02T17:08:32.000,NYPD,Noise - Residential,BRONX,Closed
63592966,2025-01-01T13:12:05.000,2025-01-01T14:18:39.000,NYPD,Illegal Parking,QUEENS,Closed
63588354,2025-01-01T13:12:35.000,2025-01-02T17:06:14.000,NYPD,Noise - Residential,BRONX,Closed
63601680,2025-01-01T13:13:00.000,2025-01-02T10:33:00.000,DSNY,Derelict Vehicles,STATEN ISLAND,Closed
63587691,2025-01-01T13:13:06.000,2025-01-02T15:06:54.000,HPD,HEAT/HOT WATER,BRONX,Closed
63588899,2025-01-01T13:13:06.000,2025-01-02T15:06:54.000,HPD,HEAT/HOT WATER,BRONX,Closed
63588073,2025-01-01T13:13:08.000,2025-01-02T19:32:45.000,HPD,PLUMBING,BROOKLYN,Closed
63590375,2025-01-01T13:13:08.000,2025-01-01T13:28:25.000,NYPD,Blocked Driveway,BRONX,Closed
63588891,2025-01-01T13:13:11.000,2025-01-03T13:40:10.000,HPD,HEAT/HOT WATER,BRONX,Closed
63591826,2025-01-01T13:13:12.000,2025-01-08T20:26:26.000,HPD,PAINT/PLASTER,BRONX,Closed
63591738,2025-01-01T13:13:12.000,2025-01-01T16:57:45.000,NYPD,Illegal Parking,BROOKLYN,Closed
63590141,2025-01-01T13:13:12.000,2025-01-08T20:26:26.000,HPD,FLOORING/STAIRS,BRONX,Closed
63593044,2025-01-01T13:13:12.000,2025-01-08T20:26:26.000,HPD,UNSANITARY CONDITION,BRONX,Closed
63587724,2025-01-01T13:13:13.000,2025-01-02T09:33:20.000,HPD,HEAT/HOT WATER,BRONX,Closed
63590002,2025-01-01T13:13:14.000,2025-01-02T17:07:52.000,NYPD,Noise - Residential,BRONX,Closed
63590217,2025-01-01T13:13:18.000,2025-01-02T10:13:05.000,HPD,HEAT/HOT WATER,BRONX,Closed
63588857,2025-01-01T13:13:28.000,2025-04-27T09:18:04.000,DHS,Encampment,MANHATTAN,Closed
63588740,2025-01-01T13:13:28.000,2025-01-01T13:21:11.000,NYPD,Encampment,MANHATTAN,Closed
63590432,2025-01-01T13:13:29.000,2025-01-06T17:03:26.000,HPD,PLUMBING,BRONX,Closed
63592536,2025-01-01T13:13:49.000,2025-01-01T16:52:26.000,NYPD,Noise - Residential,BROOKLYN,Closed
63592103,2025-01-01T13:13:52.000,2025-01-02T17:12:14.000,NYPD,Noise - Residential,BRONX,Closed
63586900,2025-01-01T13:14:00.000,2025-01-03T14:22:00.000,DEP,Lead,MANHATTAN,Closed
63592972,2025-01-01T13:14:20.000,2025-01-01T13:47:51.000,NYPD,Illegal Parking,BROOKLYN,Closed
63587287,2025-01-01T13:14:30.000,2025-01-02T17:07:48.000,NYPD,Noise - Residential,BRONX,Closed
63594110,2025-01-01T13:14:44.000,2025-01-01T14:23:21.000,NYPD,Illegal Parking,BROOKLYN,Closed
63587953,2025-01-01T13:14:48.000,2025-01-01T13:14:48.000,DOB,General Construction/Plumbing,QUEENS,Open
63595248,2025-01-01T13:14:51.000,2025-01-01T18:28:13.000,NYPD,Blocked Driveway,BROOKLYN,Closed
63590470,2025-01-01T13:14:54.000,2025-01-01T13:29:20.000,NYPD,Noise - Vehicle,BROOKLYN,Closed
63586951,2025-01-01T13:14:54.000,2025-01-02T04:38:17.000,NYPD,Noise - Residential,QUEENS,Closed
63595329,2025-01-01T13:15:03.000,2025-01-01T22:46:28.000,NYPD,Illegal Parking,QUEENS,Closed
63591988,2025-01-01T13:15:08.000,2025-01-02T17:10:29.000,NYPD,Noise - Residential,BRONX,Closed
63585712,2025-01-01T13:15:21.000,2025-01-02T01:59:01.000,NYPD,Illegal Parking,QUEENS,Closed
63594155,2025-01-01T13:15:31.000,2025-01-01T15:47:29.000,NYPD,Illegal Parking,BRONX,Closed
63585644,2025-01-01T13:15:41.000,2025-01-01T13:15:41.000,DOHMH,Rodent,MANHATTAN,Closed
63593810,2025-01-01T13:15:47.000,2025-01-01T14:15:52.000,NYPD,Noise - Street/Sidewalk,BROOKLYN,Closed
63587113,2025-01-01T13:15:48.000,2025-01-02T17:08:35.000,NYPD,Noise - Residential,BRONX,Closed
63595066,2025-01-01T13:16:08.000,2025-09-04T06:48:39.000,HPD,ELECTRIC,MANHATTAN,Closed
63586864,2025-01-01T13:16:08.000,2025-09-04T06:48:39.000,HPD,WATER LEAK,MANHATTAN,Closed
63592970,2025-01-01T13:16:10.000,2025-01-01T15:48:29.000,NYPD,Illegal Parking,BRONX,Closed
63595134,2025-01-01T13:16:13.000,2025-01-03T13:32:36.000,HPD,HEAT/HOT WATER,BRONX,Closed
63586550,2025-01-01T13:16:13.000,2025-01-03T17:50:40.000,HPD,HEAT/HOT WATER,BROOKLYN,Closed
63593812,2025-01-01T13:16:21.000,2025-01-01T15:24:49.000,NYPD,Noise - Street/Sidewalk,MANHATTAN,Closed
63591897,2025-01-01T13:16:24.000,2025-01-02T17:12:13.000,NYPD,Noise - Residential,BRONX,Closed
63587746,2025-01-01T13:16:27.000,2025-01-02T00:19:54.000,HPD,HEAT/HOT WATER,MANHATTAN,Closed
63592846,2025-01-01T13:16:42.000,2025-01-02T03:12:02.000,NYPD,Blocked Driveway,QUEENS,Closed
63586947,2025-01-01T13:16:47.000,2025-05-21T15:19:37.000,EDC,Noise - Helicopter,QUEENS,Closed
63593129,2025-01-01T13:17:00.000,2025-01-03T10:00:00.000,DEP,Noise,MANHATTAN,Closed
63587169,2025-01-01T13:17:02.000,2025-01-02T17:04:37.000,NYPD,Noise - Residential,BRONX,Closed
63592980,2025-01-01T13:17:32.000,2025-01-01T20:17:36.000,NYPD,Illegal Parking,QUEENS,Closed
63591937,2025-01-01T13:17:34.000,2025-01-02T07:08:09.000,DSNY,Dirty Condition,QUEENS,Closed
63588391,2025-01-01T13:17:40.000,2025-01-02T17:02:55.000,NYPD,Noise - Residential,BRONX,Closed
63590867,2025-01-01T13:18:06.000,2025-01-03T11:27:30.000,DSNY,Dirty Condition,QUEENS,Closed
63593530,2025-01-01T13:18:19.000,2025-01-02T17:02:55.000,NYPD,Noise - Residential,BRONX,Closed
63589338,2025-01-01T13:18:28.000,2025-01-03T16:28:21.000,DSNY,Illegal Dumping,BROOKLYN,Closed
63593199,2025-01-01T13:18:47.000,2025-05-21T15:19:38.000,EDC,Noise - Helicopter,MANHATTAN,Closed
63588556,2025-01-01T13:18:57.000,2025-01-02T17:07:51.000,NYPD,Noise - Residential,BRONX,Closed
63587020,2025-01-01T13:19:01.000,2025-01-01T13:27:05.000,NYPD,Illegal Parking,BRONX,Closed
63592814,2025-01-01T13:19:14.000,2025-04-04T05:03:11.000,HPD,PLUMBING,BROOKLYN,Closed
63587649,2025-01-01T13:19:23.000,2025-01-03T18:18:40.000,HPD,APPLIANCE,BRONX,Closed
63590621,2025-01-01T13:19:23.000,2025-01-03T18:18:41.000,HPD,DOOR/WINDOW,BRONX,Closed
63590106,2025-01-01T13:19:23.000,2025-01-03T18:18:41.000,HPD,DOOR/WINDOW,BRONX,Closed
63590613,2025-01-01T13:19:23.000,2025-01-03T18:25:44.000,HPD,SAFETY,BRONX,Closed
63592646,2025-01-01T13:19:23.000,2025-01-03T18:18:41.000,HPD,DOOR/WINDOW,BRONX,Closed
63591501,2025-01-01T13:19:23.000,2025-01-03T18:18:40.000,HPD,PAINT/PLASTER,BRONX,Closed
63594024,2025-01-01T13:19:23.000,2025-01-03T18:18:40.000,HPD,PAINT/PLASTER,BRONX,Closed
63589459,2025-01-01T13:19:34.000,2025-01-01T13:19:34.000,DOHMH,Rodent,QUEENS,Closed
63593133,2025-01-01T13:19:35.000,2025-01-04T17:10:39.000,HPD,DOOR/WINDOW,BRONX,Closed
63588512,2025-01-01T13:19:35.000,2025-01-02T17:07:55.000,NYPD,Noise - Residential,BRONX,Closed
63589263,2025-01-01T13:19:35.000,2025-01-04T17:10:39.000,HPD,PLUMBING,BRONX,Closed
63593886,2025-01-01T13:19:35.000,2025-01-02T10:59:17.000,HPD,HEAT/HOT WATER,BRONX,Closed
63588132,2025-01-01T13:19:42.000,2025-02-03T07:11:07.000,HPD,APPLIANCE,MANHATTAN,Closed
63591356,2025-01-01T13:19:42.000,2025-02-03T07:11:07.000,HPD,APPLIANCE,MANHATTAN,Closed
63589258,2025-01-01T13:19:47.000,2025-01-01T13:49:10.000,NYPD,Illegal Parking,QUEENS,Closed
63585811,2025-01-01T13:20:00.000,2025-01-02T16:00:00.000,DEP,Noise,QUEENS,Closed
63593161,2025-01-01T13:20:05.000,2025-01-01T13:27:34.000,NYPD,Illegal Parking,BRONX,Closed
63585991,2025-01-01T13:20:10.000,2025-01-01T13:52:42.000,NYPD,Abandoned Vehicle,QUEENS,Closed
63590713,2025-01-01T13:20:12.000,2025-05-21T15:19:38.000,EDC,Noise - Helicopter,MANHATTAN,Closed
63594618,2025-01-01T13:20:13.000,2025-01-02T17:12:10.000,NYPD,Noise - Residential,BRONX,Closed
63590198,2025-01-01T13:20:15.000,2025-01-03T12:20:46.000,HPD,HEAT/HOT WATER,BRONX,Closed
63591765,2025-01-01T13:20:39.000,2025-01-01T14:03:00.000,NYPD,Illegal Parking,BROOKLYN,Closed
63590416,2025-01-01T13:20:43.000,2025-01-01T19:30:44.000,NYPD,Illegal Parking,BROOKLYN,Closed
63595259,2025-01-01T13:20:49.000,2025-01-06T00:00:00.000,DOB,Boilers,BRONX,Closed
63587094,2025-01-01T13:20:51.000,2025-01-02T17:06:13.000,NYPD,Noise - Residential,BRONX,Closed
63586389,2025-01-01T13:20:51.000,2025-01-01T13:41:21.000,NYPD,Noise - Residential,BRONX,Closed
63603085,2025-01-01T13:21:00.000,2025-01-03T11:48:00.000,DSNY,Derelict Vehicles,QUEENS,Closed
63593632,2025-01-01T13:21:29.000,2025-01-02T17:12:09.000,NYPD,Noise - Residential,BRONX,Closed
63595402,2025-01-01T13:21:40.000,2025-01-01T19:26:57.000,NYPD,Blocked Driveway,QUEENS,Closed
63587923,2025-01-01T13:22:00.000,2025-01-01T21:33:29.000,NYPD,Illegal Parking,MANHATTAN,Closed
63590663,2025-01-01T13:22:03.000,2025-01-01T14:00:56.000,NYPD,Illegal Parking,BROOKLYN,Closed
63590756,2025-01-01T13:22:25.000,2025-01-01T13:35:19.000,NYPD,Illegal Parking,BRONX,Closed
63590676,2025-01-01T13:22:26.000,2025-02-10T06:06:54.000,DPR,Damaged Tree,STATEN ISLAND,Closed
63586988,2025-01-01T13:22:34.000,2025-01-02T13:58:11.000,DSNY,Dirty Condition,BROOKLYN,Closed
63590488,2025-01-01T13:22:38.000,2025-01-01T22:44:00.000,NYPD,Blocked Driveway,QUEENS,Closed
63594268,2025-01-01T13:22:43.000,2025-01-01T13:44:16.000,NYPD,Illegal Parking,BROOKLYN,Closed
63587024,2025-01-01T13:22:45.000,2025-01-02T17:04:41.000,NYPD,Noise - Residential,BRONX,Closed
63589342,2025-01-01T13:22:53.000,2025-01-01T13:43:54.000,NYPD,Illegal Parking,BROOKLYN,Closed
63587700,2025-01-01T13:22:54.000,2025-01-02T15:49:01.000,HPD,HEAT/HOT WATER,MANHATTAN,Closed
63593901,2025-01-01T13:22:55.000,2025-01-02T17:42:08.000,HPD,HEAT/HOT WATER,QUEENS,Closed
63587391,2025-01-01T13:23:00.000,2025-01-03T21:30:00.000,DEP,Water System,BROOKLYN,Closed
63589106,2025-01-01T13:23:16.000,2025-01-01T13:50:33.000,NYPD,Illegal Parking,QUEENS,Closed
63591386,2025-01-01T13:23:20.000,2025-01-03T13:49:40.000,HPD,HEAT/HOT WATER,BRONX,Closed
63590361,2025-01-01T13:23:21.000,2025-01-01T22:59:50.000,NYPD,Blocked Driveway,BRONX,Closed
63590068,2025-01-01T13:23:22.000,2025-01-01T14:24:28.000,NYPD,Noise - Residential,MANHATTAN,Closed
63590720,2025-01-01T13:23:24.000,2025-01-02T17:10:29.000,NYPD,Noise - Residential,BRONX,Closed
63586948,2025-01-01T13:23:29.000,2025-05-21T15:19:40.000,EDC,Noise - Helicopter,QUEENS,Closed
63594959,2025-01-01T13:23:42.000,2025-01-01T16:12:02.000,NYPD,Noise - Residential,BRONX,Closed
63585692,2025-01-01T13:23:42.000,2025-01-10T13:59:52.000,DPR,Maintenance or Facility,BROOKLYN,Closed
63586888,2025-01-01T13:23:54.000,2025-01-02T06:07:57.000,NYPD,Illegal Parking,QUEENS,Closed
63588327,2025-01-01T13:24:02.000,2025-01-02T17:06:18.000,NYPD,Noise - Residential,BRONX,Closed
63586225,2025-01-01T13:24:12.000,2025-01-16T07:20:39.000,DOT,Street Condition,STATEN ISLAND,Closed
63588792,2025-01-01T13:24:18.000,2025-01-01T13:39:59.000,NYPD,Noise - Street/Sidewalk,BRONX,Closed
63593799,2025-01-01T13:24:18.000,2025-01-01T16:11:41.000,NYPD,Noise - Residential,QUEENS,Closed
63589703,2025-01-01T13:24:22.000,2025-01-01T16:11:50.000,NYPD,Noise - House of Worship,QUEENS,Closed
63589229,2025-01-01T13:24:36.000,2025-01-01T14:53:57.000,NYPD,Illegal Parking,QUEENS,Closed
63589611,2025-01-01T13:24:40.000,2025-01-02T17:06:15.000,NYPD,Noise - Residential,BRONX,Closed
63587351,2025-01-01T13:25:18.000,2025-01-02T17:02:56.000,NYPD,Noise - Residential,BRONX,Closed
63591606,2025-01-01T13:25:38.000,2025-01-01T22:46:47.000,NYPD,Blocked Driveway,QUEENS,Closed
63586956,2025-01-01T13:25:45.000,2025-01-02T06:07:40.000,DSNY,Dirty Condition,BROOKLYN,Closed
63587681,2025-01-01T13:25:54.000,2025-01-02T17:42:08.000,HPD,HEAT/HOT WATER,QUEENS,Closed
63589547,2025-01-01T13:25:56.000,2025-01-02T17:10:28.000,NYPD,Noise - Residential,BRONX,Closed
63585909,2025-01-01T13:26:00.000,2025-01-06T10:37:00.000,DEP,Sewer,STATEN ISLAND,Closed
63593147,2025-01-01T13:26:00.000,2025-01-02T08:40:00.000,DEP,Noise,QUEENS,Closed
63588218,2025-01-01T13:26:00.000,2025-01-02T08:40:00.000,DEP,Noise,QUEENS,Closed
63585828,2025-01-01T13:26:00.000,2025-01-02T21:45:00.000,DEP,Noise,MANHATTAN,Closed
63586840,2025-01-01T13:26:00.000,2025-01-23T06:34:02.000,HPD,UNSANITARY CONDITION,MANHATTAN,Closed
63589761,2025-01-01T13:26:00.000,2025-01-01T13:26:00.000,DEP,Water System,BROOKLYN,Closed
63589470,2025-01-01T13:26:01.000,2025-01-29T12:43:40.000,DPR,Root/Sewer/Sidewalk Condition,BROOKLYN,Closed
63592639,2025-01-01T13:26:12.000,2025-01-04T17:12:47.000,HPD,DOOR/WINDOW,MANHATTAN,Closed
63585601,2025-01-01T13:26:15.000,2025-01-01T15:13:56.000,NYPD,Illegal Parking,BROOKLYN,Closed
63591326,2025-01-01T13:26:22.000,2025-01-01T14:50:42.000,NYPD,Noise - Street/Sidewalk,BRONX,Closed
63587056,2025-01-01T13:26:34.000,2025-01-02T17:10:29.000,NYPD,Noise - Residential,BRONX,Closed
63595082,2025-01-01T13:26:35.000,2025-01-02T14:27:07.000,HPD,HEAT/HOT WATER,BROOKLYN,Closed
63588723,2025-01-01T13:26:44.000,2025-01-02T13:21:21.000,DOT,Street Condition,BROOKLYN,Closed
63591860,2025-01-01T13:27:08.000,2025-05-15T08:56:51.000,TLC,Taxi Complaint,MANHATTAN,Closed
63588484,2025-01-01T13:27:50.000,2025-01-02T17:12:09.000,NYPD,Noise - Residential,BRONX,Closed
63590457,2025-01-01T13:27:59.000,2025-01-01T21:10:01.000,NYPD,Illegal Parking,BRONX,Closed
63586917,2025-01-01T13:28:29.000,2025-01-02T17:08:35.000,NYPD,Noise - Residential,BRONX,Closed
63590650,2025-01-01T13:28:36.000,2025-01-02T07:06:02.000,DPR,Overgrown Tree/Branches,STATEN ISLAND,Closed
63589075,2025-01-01T13:28:36.000,2025-01-01T16:11:32.000,NYPD,Traffic,QUEENS,Closed
63592705,2025-01-01T13:28:55.000,2025-01-02T17:42:08.000,HPD,HEAT/HOT WATER,QUEENS,Closed
63589328,2025-01-01T13:28:57.000,2025-01-03T19:35:12.000,HPD,PLUMBING,MANHATTAN,Closed
63590145,2025-01-01T13:28:57.000,2025-01-01T17:14:26.000,HPD,HEAT/HOT WATER,QUEENS,Closed
63590696,2025-01-01T13:29:00.000,2025-01-01T14:45:00.000,DEP,Sewer,QUEENS,Closed
63591837,2025-01-01T13:29:00.000,2025-01-03T14:21:00.000,DEP,Lead,QUEENS,Closed
63586205,2025-01-01T13:29:00.000,2025-01-01T13:43:00.000,DEP,Water System,QUEENS,Closed
63595190,2025-01-01T13:29:00.000,2025-01-04T17:13:53.000,HPD,HEAT/HOT WATER,MANHATTAN,Closed
63591490,2025-01-01T13:29:16.000,2025-01-03T19:33:35.000,HPD,HEAT/HOT WATER,BROOKLYN,Closed
63593997,2025-01-01T13:29:21.000,2025-01-02T14:04:51.000,HPD,HEAT/HOT WATER,BRONX,Closed
63590207,2025-01-01T13:29:23.000,2025-01-02T00:11:05.000,HPD,HEAT/HOT WATER,MANHATTAN,Closed
63591998,2025-01-01T13:29:38.000,2025-03-25T10:18:11.000,DPR,Damaged Tree,STATEN ISLAND,Closed
63592582,2025-01-01T13:29:38.000,2025-01-01T21:40:38.000,NYPD,Noise - Street/Sidewalk,MANHATTAN,Closed
63593234,2025-01-01T13:29:45.000,2025-01-02T17:08:40.000,NYPD,Noise - Residential,BRONX,Closed
63593326,2025-01-01T13:30:23.000,2025-01-02T17:02:55.000,NYPD,Noise - Residential,BRONX,Closed
63591657,2025-01-01T13:30:27.000,2025-01-01T14:07:30.000,NYPD,Blocked Driveway,BROOKLYN,Closed
63591190,2025-01-01T13:30:43.000,2025-01-01T17:47:13.000,NYPD,Noise - Residential,BRONX,Closed
63589437,2025-01-01T13:31:01.000,2025-01-02T17:02:55.000,NYPD,Noise - Residential,BRONX,Closed
63590545,2025-01-01T13:31:37.000,2025-01-01T16:44:21.000,NYPD,Illegal Parking,BROOKLYN,Closed
63594158,2025-01-01T13:31:38.000,2025-01-01T16:12:33.000,NYPD,Illegal Parking,QUEENS,Closed
63594476,2025-01-01T13:31:39.000,2025-01-02T17:04:41.000,NYPD,Noise - Residential,BRONX,Closed
63587990,2025-01-01T13:31:46.000,2025-01-01T16:12:53.000,NYPD,Illegal Parking,QUEENS,Closed
63590520,2025-01-01T13:31:50.000,2025-01-01T16:12:44.000,NYPD,Illegal Parking,QUEENS,Closed
63592158,2025-01-01T13:32:17.000,2025-01-02T17:08:34.000,NYPD,Noise - Residential,BRONX,Closed
63591494,2025-01-01T13:32:23.000,2025-01-03T19:33:35.000,HPD,HEAT/HOT WATER,BROOKLYN,Closed
63590160,2025-01-01T13:32:23.000,2025-01-03T19:33:35.000,HPD,HEAT/HOT WATER,BROOKLYN,Closed
63595366,2025-01-01T13:32:27.000,2025-01-01T13:59:43.000,NYPD,Illegal Parking,BROOKLYN,Closed
63594000,2025-01-01T13:32:38.000,2025-01-02T20:34:05.000,HPD,HEAT/HOT WATER,BRONX,Closed
63586304,2025-01-01T13:32:45.000,2025-01-01T16:51:10.000,NYPD,Noise - Residential,BROOKLYN,Closed
63595403,2025-01-01T13:32:46.000,2025-01-01T18:00:43.000,NYPD,Blocked Driveway,QUEENS,Closed
63595121,2025-01-01T13:32:47.000,2025-01-03T12:20:46.000,HPD,HEAT/HOT WATER,BRONX,Closed
63592252,2025-01-01T13:32:55.000,2025-01-02T17:07:47.000,NYPD,Noise - Residential,BRONX,Closed
63585615,2025-01-01T13:32:58.000,2025-01-04T14:57:52.000,DSNY,Residential Disposal Complaint,BROOKLYN,Closed
63589037,2025-01-01T13:33:09.000,2025-02-28T06:02:24.000,HPD,PAINT/PLASTER,MANHATTAN,Closed
63588879,2025-01-01T13:33:09.000,2025-02-28T06:02:24.000,HPD,ELECTRIC,MANHATTAN,Closed
63589899,2025-01-01T13:33:12.000,2025-01-01T14:14:23.000,NYPD,Noise - Residential,BROOKLYN,Closed
63585695,2025-01-01T13:33:14.000,2025-05-21T15:19:40.000,EDC,Noise - Helicopter,QUEENS,Closed
63589550,2025-01-01T13:33:18.000,2025-01-02T05:22:40.000,NYPD,Noise - Residential,QUEENS,Closed
63586444,2025-01-01T13:33:22.000,2025-01-01T14:28:30.000,NYPD,Noise - Street/Sidewalk,BROOKLYN,Closed
63585619,2025-01-01T13:33:23.000,2025-01-01T15:07:19.000,NYPD,Illegal Parking,BROOKLYN,Closed
63585851,2025-01-01T13:33:34.000,2025-01-02T17:08:36.000,NYPD,Noise - Residential,BRONX,Closed
63591063,2025-01-01T13:34:12.000,2025-01-02T17:06:18.000,NYPD,Noise - Residential,BRONX,Closed
63587806,2025-01-01T13:34:26.000,2025-01-01T14:19:03.000,NYPD,Blocked Driveway,BRONX,Closed
63588228,2025-01-01T13:34:50.000,2025-01-02T17:10:30.000,NYPD,Noise - Residential,BRONX,Closed
63587306,2025-01-01T13:35:00.000,2025-01-01T17:30:00.000,DEP,Sewer,QUEENS,Closed
63594091,2025-01-01T13:35:10.000,2025-01-01T16:05:29.000,NYPD,Blocked Driveway,BROOKLYN,Closed
63592525,2025-01-01T13:35:12.000,2025-01-01T14:16:22.000,NYPD,Noise - Residential,BROOKLYN,Closed
63586761,2025-01-01T13:35:28.000,2025-01-01T14:19:28.000,NYPD,Illegal Parking,QUEENS,Closed
63592004,2025-01-01T13:35:28.000,2025-01-02T17:04:38.000,NYPD,Noise - Residential,BRONX,Closed
63587655,2025-01-01T13:35:30.000,2025-01-08T17:35:19.000,HPD,GENERAL,BROOKLYN,Closed
63592766,2025-01-01T13:35:30.000,2025-01-04T11:14:51.000,HPD,HEAT/HOT WATER,BROOKLYN,Closed
63587651,2025-01-01T13:35:32.000,2025-01-02T14:41:51.000,HPD,ELECTRIC,BROOKLYN,Closed
63589090,2025-01-01T13:35:47.000,2025-02-13T06:26:26.000,HPD,PAINT/PLASTER,BRONX,Closed
63595059,2025-01-01T13:35:47.000,2025-02-13T06:26:26.000,HPD,APPLIANCE,BRONX,Closed
63590618,2025-01-01T13:35:47.000,2025-02-13T06:26:26.000,HPD,WATER LEAK,BRONX,Closed
63595229,2025-01-01T13:35:49.000,2025-01-23T06:34:07.000,HPD,PLUMBING,BROOKLYN,Closed
63591712,2025-01-01T13:35:51.000,2025-01-01T14:13:48.000,NYPD,Noise - Vehicle,BROOKLYN,Closed
63593408,2025-01-01T13:35:55.000,2025-01-21T00:00:00.000,DOB,Elevator,BRONX,Closed
63587527,2025-01-01T13:35:56.000,2025-02-19T00:00:00.000,DOB,General Construction/Plumbing,BROOKLYN,Closed
63589195,2025-01-01T13:36:02.000,2025-01-01T16:09:25.000,NYPD,Illegal Parking,BROOKLYN,Closed
63586713,2025-01-01T13:36:04.000,2025-01-01T14:10:46.000,NYPD,Illegal Parking,BROOKLYN,Closed
63593309,2025-01-01T13:36:06.000,2025-01-02T17:12:12.000,NYPD,Noise - Residential,BRONX,Closed
63591178,2025-01-01T13:36:12.000,2025-01-01T14:16:25.000,NYPD,Noise - Residential,BROOKLYN,Closed
63586731,2025-01-01T13:36:26.000,2025-01-01T15:04:54.000,NYPD,Illegal Parking,BROOKLYN,Closed
63587812,2025-01-01T13:36:30.000,2025-01-01T16:36:04.000,NYPD,Blocked Driveway,BROOKLYN,Closed
63586747,2025-01-01T13:36:35.000,2025-02-06T02:22:24.000,DSNY,Graffiti,QUEENS,Closed
63592081,2025-01-01T13:36:44.000,2025-01-02T17:12:12.000,NYPD,Noise - Residential,BRONX,Closed
63585618,2025-01-01T13:37:15.000,2025-01-01T18:28:12.000,NYPD,Illegal Parking,QUEENS,Closed
63588615,2025-01-01T13:37:22.000,2025-01-02T17:02:55.000,NYPD,Noise - Residential,BRONX,Closed
63593217,2025-01-01T13:37:27.000,2025-01-02T23:05:12.000,DSNY,Dirty Condition,BROOKLYN,Closed
63588581,2025-01-01T13:37:36.000,2025-01-06T13:18:15.000,DOT,Sidewalk Condition,BROOKLYN,Closed
63591655,2025-01-01T13:38:00.000,2025-01-01T14:39:05.000,NYPD,Blocked Driveway,BROOKLYN,Closed
63593539,2025-01-01T13:38:01.000,2025-01-02T17:02:57.000,NYPD,Noise - Residential,BRONX,Closed
63590797,2025-01-01T13:38:07.000,2025-01-02T09:53:06.000,DOHMH,Unsanitary Pigeon Condition,MANHATTAN,Closed
63587735,2025-01-01T13:38:26.000,2025-01-04T10:13:55.000,HPD,HEAT/HOT WATER,MANHATTAN,Closed
63592901,2025-01-01T13:38:29.000,2025-01-01T20:05:25.000,NYPD,Blocked Driveway,BROOKLYN,Closed
63585920,2025-01-01T13:38:39.000,2025-01-02T17:04:37.000,NYPD,Noise - Residential,BRONX,Closed
63595323,2025-01-01T13:38:46.000,2025-01-01T14:19:08.000,NYPD,Illegal Parking,QUEENS,Closed
63595163,2025-01-01T13:38:47.000,2025-01-03T18:12:37.000,HPD,HEAT/HOT WATER,MANHATTAN,Closed
63590014,2025-01-01T13:38:48.000,2025-01-01T14:22:57.000,NYPD,Noise - Residential,BRONX,Closed
63589283,2025-01-01T13:38:50.000,2025-01-01T18:32:11.000,NYPD,Illegal Parking,QUEENS,Closed
63587000,2025-01-01T13:39:17.000,2025-01-02T17:10:33.000,NYPD,Noise - Residential,BRONX,Closed
63590273,2025-01-01T13:39:18.000,2025-01-02T03:10:49.000,NYPD,Abandoned Vehicle,MANHATTAN,Closed
63589334,2025-01-01T13:39:27.000,2025-01-02T04:45:13.000,DSNY,Dirty Condition,BROOKLYN,Closed
63590415,2025-01-01T13:39:45.000,2025-01-01T20:20:19.000,NYPD,Illegal Parking,QUEENS,Closed
63593677,2025-01-01T13:39:55.000,2025-01-02T17:07:51.000,NYPD,Noise - Residential,BRONX,Closed
63587777,2025-01-01T13:40:18.000,2025-01-01T14:22:36.000,NYPD,Abandoned Vehicle,MANHATTAN,Closed
63591847,2025-01-01T13:40:24.000,2025-01-03T04:00:05.000,DSNY,Dirty Condition,MANHATTAN,Closed
63587010,2025-01-01T13:40:31.000,2025-01-02T04:36:12.000,NYPD,Animal-Abuse,BROOKLYN,Closed
63593453,2025-01-01T13:40:33.000,2025-01-02T17:02:56.000,NYPD,Noise - Residential,BRONX,Closed
63593606,2025-01-01T13:40:36.000,2025-03-04T09:38:36.000,TLC,For Hire Vehicle Complaint,BROOKLYN,Closed
63587589,2025-01-01T13:40:44.000,2025-01-01T15:47:33.000,NYPD,Noise - Residential,BRONX,Closed
63588217,2025-01-01T13:41:00.000,2025-01-09T14:00:00.000,DEP,Noise,BROOKLYN,Closed
63592003,2025-01-01T13:41:11.000,2025-01-02T17:04:40.000,NYPD,Noise - Residential,BRONX,Closed
63590592,2025-01-01T13:41:25.000,2025-02-14T16:21:49.000,HPD,UNSANITARY CONDITION,BROOKLYN,Closed
63593113,2025-01-01T13:41:25.000,2025-02-14T16:21:49.000,HPD,WATER LEAK,BROOKLYN,Closed
63591824,2025-01-01T13:41:25.000,2025-02-14T16:21:49.000,HPD,WATER LEAK,BROOKLYN,Closed
63591406,2025-01-01T13:41:28.000,2025-01-02T13:12:47.000,HPD,HEAT/HOT WATER,MANHATTAN,Closed
63592345,2025-01-01T13:41:49.000,2025-01-02T17:02:55.000,NYPD,Noise - Residential,BRONX,Closed
63590374,2025-01-01T13:41:51.000,2025-01-01T18:32:13.000,NYPD,Blocked Driveway,QUEENS,Closed
63593934,2025-01-01T13:42:15.000,2025-01-02T15:25:09.000,HPD,HEAT/HOT WATER,BROOKLYN,Closed
63594568,2025-01-01T13:42:27.000,2025-01-02T17:02:56.000,NYPD,Noise - Residential,BRONX,Closed
63590755,2025-01-01T13:42:45.000,2025-01-07T07:34:38.000,DSNY,Illegal Dumping,QUEENS,Closed
63586986,2025-01-01T13:42:57.000,2025-01-02T09:16:21.000,DSNY,Dirty Condition,BROOKLYN,Closed
63587093,2025-01-01T13:43:05.000,2025-01-02T17:06:14.000,NYPD,Noise - Residential,BRONX,Closed
63586463,2025-01-01T13:43:31.000,2025-01-01T17:47:37.000,NYPD,Blocked Driveway,BRONX,Closed
63585632,2025-01-01T13:44:00.000,2025-01-01T14:00:00.000,DEP,Hazardous Materials,MANHATTAN,Closed
63591917,2025-01-01T13:44:00.000,2025-01-02T14:27:02.000,NYPD,Illegal Parking,QUEENS,Closed
63594349,2025-01-01T13:44:00.000,2025-01-03T14:21:00.000,DEP,Lead,QUEENS,Closed
63591752,2025-01-01T13:44:10.000,2025-01-01T15:07:22.000,NYPD,Illegal Parking,QUEENS,Closed
63587991,2025-01-01T13:44:14.000,2025-01-01T15:08:08.000,NYPD,Illegal Parking,BROOKLYN,Closed
63589641,2025-01-01T13:44:22.000,2025-01-02T17:04:40.000,NYPD,Noise - Residential,BRONX,Closed
63588938,2025-01-01T13:44:27.000,2025-01-03T11:43:58.000,HPD,HEAT/HOT WATER,BROOKLYN,Closed
63592797,2025-01-01T13:44:29.000,2025-01-19T12:46:23.000,HPD,PAINT/PLASTER,BROOKLYN,Closed
63586866,2025-01-01T13:44:29.000,2025-01-19T12:46:23.000,HPD,PLUMBING,BROOKLYN,Closed
63586497,2025-01-01T13:44:29.000,2025-01-19T12:46:23.000,HPD,DOOR/WINDOW,BROOKLYN,Closed
63595371,2025-01-01T13:44:29.000,2025-01-01T14:36:22.000,NYPD,Abandoned Vehicle,STATEN ISLAND,Closed
63589310,2025-01-01T13:44:29.000,2025-01-19T12:46:23.000,HPD,PLUMBING,BROOKLYN,Closed
63595072,2025-01-01T13:44:29.000,2025-01-19T12:46:23.000,HPD,GENERAL,BROOKLYN,Closed
63595330,2025-01-01T13:44:29.000,2025-01-19T12:46:23.000,HPD,WATER LEAK,BROOKLYN,Closed
63595031,2025-01-01T13:44:29.000,2025-01-19T12:46:23.000,HPD,ELECTRIC,BROOKLYN,Closed
63593895,2025-01-01T13:44:33.000,2025-01-03T13:11:19.000,HPD,HEAT/HOT WATER,BRONX,Closed
63595126,2025-01-01T13:44:39.000,2025-01-03T18:30:14.000,HPD,HEAT/HOT WATER,BRONX,Closed
63590356,2025-01-01T13:44:58.000,2025-01-02T00:00:00.000,DOB,General Construction/Plumbing,STATEN ISLAND,Closed
63594902,2025-01-01T13:45:00.000,2025-01-02T17:02:56.000,NYPD,Noise - Residential,BRONX,Closed
63590828,2025-01-01T13:45:38.000,2025-01-02T17:06:17.000,NYPD,Noise - Residential,BRONX,Closed
63594106,2025-01-01T13:45:41.000,2025-01-01T16:51:22.000,NYPD,Illegal Parking,BROOKLYN,Closed
63589248,2025-01-01T13:45:58.000,2025-01-03T16:20:34.000,DSNY,Dead Animal,BROOKLYN,Closed
63590404,2025-01-01T13:46:06.000,2025-01-01T14:17:46.000,NYPD,Illegal Parking,BROOKLYN,Closed
63592130,2025-01-01T13:46:16.000,2025-01-02T17:04:40.000,NYPD,Noise - Residential,BRONX,Closed
63594063,2025-01-01T13:46:32.000,2025-01-01T14:15:38.000,NYPD,Abandoned Vehicle,BROOKLYN,Closed
63585603,2025-01-01T13:46:33.000,2025-01-03T13:36:27.000,DSNY,Dirty Condition,BROOKLYN,Closed
63589390,2025-01-01T13:46:54.000,2025-01-02T17:08:34.000,NYPD,Noise - Residential,BRONX,Closed
63595384,2025-01-01T13:46:59.000,2025-01-02T10:26:52.000,DOT,Street Condition,BROOKLYN,Closed
63588145,2025-01-01T13:47:00.000,2025-01-03T14:21:00.000,DEP,Lead,STATEN ISLAND,Closed
63594266,2025-01-01T13:47:00.000,2025-01-01T16:20:00.000,DOT,Traffic Signal Condition,MANHATTAN,Closed
63588778,2025-01-01T13:47:26.000,2025-01-01T22:59:07.000,NYPD,Noise - Residential,BRONX,Closed
63591741,2025-01-01T13:47:28.000,2025-01-01T17:20:28.000,NYPD,Illegal Parking,QUEENS,Closed
63590772,2025-01-01T13:47:33.000,2025-01-02T17:04:42.000,NYPD,Noise - Residential,BRONX,Closed
63588964,2025-01-01T13:47:50.000,2025-01-03T18:29:05.000,HPD,HEAT/HOT WATER,BRONX,Closed
63592727,2025-01-01T13:47:51.000,2025-01-03T18:30:14.000,HPD,HEAT/HOT WATER,BRONX,Closed
63590257,2025-01-01T13:47:52.000,2025-01-03T18:30:14.000,HPD,HEAT/HOT WATER,BRONX,Closed
63588048,2025-01-01T13:48:05.000,2025-01-01T15:27:46.000,NYPD,Illegal Parking,MANHATTAN,Closed
63589617,2025-01-01T13:48:11.000,2025-01-02T17:06:16.000,NYPD,Noise - Residential,BRONX,Closed
63588472,2025-01-01T13:48:33.000,2025-01-02T02:56:43.000,NYPD,Illegal Parking,QUEENS,Closed
63589235,2025-01-01T13:48:36.000,2025-01-01T14:30:05.000,NYPD,Illegal Parking,BROOKLYN,Closed
63586999,2025-01-01T13:48:49.000,2025-01-02T17:12:12.000,NYPD,Noise - Residential,BRONX,Closed
63585803,2025-01-01T13:49:15.000,2025-01-01T21:00:33.000,NYPD,Illegal Parking,QUEENS,Closed
63585600,2025-01-01T13:49:21.000,2025-01-01T14:32:16.000,NYPD,Illegal Parking,MANHATTAN,Closed
63587323,2025-01-01T13:49:27.000,2025-01-02T17:04:40.000,NYPD,Noise - Residential,BRONX,Closed
63589783,2025-01-01T13:50:00.000,2025-01-01T14:35:00.000,DEP,Water System,STATEN ISLAND,Closed
63587157,2025-01-01T13:50:05.000,2025-01-02T17:12:12.000,NYPD,Noise - Residential,BRONX,Closed
63588501,2025-01-01T13:50:09.000,2025-01-02T15:32:29.000,TLC,Lost Property,Unspecified,Closed
63594088,2025-01-01T13:50:19.000,2025-01-02T00:42:56.000,NYPD,Blocked Driveway,QUEENS,Closed
63592251,2025-01-01T13:50:43.000,2025-01-02T17:07:48.000,NYPD,Noise - Residential,BRONX,Closed
63592692,2025-01-01T13:50:52.000,2025-01-02T18:12:43.000,HPD,HEAT/HOT WATER,QUEENS,Closed
63590325,2025-01-01T13:51:08.000,2025-01-04T14:07:00.000,HPD,HEAT/HOT WATER,MANHATTAN,Closed
63588115,2025-01-01T13:51:12.000,2025-01-01T15:02:43.000,NYPD,Illegal Parking,BROOKLYN,Closed
63591055,2025-01-01T13:51:19.000,2025-01-06T14:00:45.000,DOT,Sidewalk Condition,QUEENS,Closed
63593393,2025-01-01T13:51:21.000,2025-01-02T17:08:41.000,NYPD,Noise - Residential,BRONX,Closed
63589393,2025-01-01T13:51:59.000,2025-01-02T17:10:28.000,NYPD,Noise - Residential,BRONX,Closed
63587752,2025-01-01T13:52:05.000,2025-01-02T10:45:34.000,HPD,HEAT/HOT WATER,BRONX,Closed
63587841,2025-01-01T13:52:22.000,2025-01-01T23:16:26.000,NYPD,Abandoned Vehicle,BRONX,Closed
63588248,2025-01-01T13:52:37.000,2025-01-02T17:06:13.000,NYPD,Noise - Residential,BRONX,Closed
63590871,2025-01-01T13:53:00.000,2025-01-01T14:50:00.000,DEP,Sewer,BRONX,Closed
63586946,2025-01-01T13:53:00.000,2025-01-01T18:00:00.000,DEP,Sewer,BROOKLYN,Closed
63587177,2025-01-01T13:53:16.000,2025-01-02T17:10:30.000,NYPD,Noise - Residential,BRONX,Closed
63586896,2025-01-01T13:53:23.000,2025-01-13T08:58:23.000,DSNY,Illegal Dumping,MANHATTAN,Closed
63590238,2025-01-01T13:53:39.000,2025-01-03T19:32:37.000,HPD,HEAT/HOT WATER,MANHATTAN,Closed
63585888,2025-01-01T13:53:54.000,2025-01-02T17:06:15.000,NYPD,Noise - Residential,BRONX,Closed
63594199,2025-01-01T13:53:59.000,2025-02-19T00:00:00.000,DOB,General Construction/Plumbing,BROOKLYN,Assigned
63591056,2025-01-01T13:54:07.000,2025-01-06T13:52:45.000,DOT,Sidewalk Condition,QUEENS,Closed
63590144,2025-01-01T13:54:12.000,2025-01-06T09:48:56.000,HPD,APPLIANCE,STATEN ISLAND,Closed
63585820,2025-01-01T13:54:32.000,2025-01-02T17:08:33.000,NYPD,Noise - Residential,BRONX,Closed
63590267,2025-01-01T13:54:33.000,2025-01-02T17:03:07.000,HPD,PAINT/PLASTER,BRONX,Closed
63589705,2025-01-01T13:54:43.000,2025-01-01T14:52:23.000,NYPD,Noise - Residential,BROOKLYN,Closed
63586637,2025-01-01T13:54:55.000,2025-01-02T19:22:32.000,HPD,HEAT/HOT WATER,BRONX,Closed
63590215,2025-01-01T13:55:09.000,2025-01-03T14:02:32.000,HPD,HEAT/HOT WATER,BRONX,Closed
63594452,2025-01-01T13:55:10.000,2025-01-02T17:06:19.000,NYPD,Noise - Residential,BRONX,Closed
63593827,2025-01-01T13:55:21.000,2025-01-01T15:39:49.000,NYPD,Non-Emergency Police Matter,QUEENS,Closed
63586477,2025-01-01T13:55:35.000,2025-01-02T00:45:33.000,NYPD,Blocked Driveway,BROOKLYN,Closed
63588586,2025-01-01T13:55:48.000,2025-01-02T17:04:40.000,NYPD,Noise - Residential,BRONX,Closed
63588722,2025-01-01T13:55:50.000,2025-01-03T09:05:06.000,DOT,Sidewalk Condition,QUEENS,Closed
63586375,2025-01-01T13:55:56.000,2025-01-01T15:05:20.000,NYPD,Noise - Residential,MANHATTAN,Closed
63591907,2025-01-01T13:56:00.000,2025-01-04T08:35:00.000,DEP,Sewer,QUEENS,Closed
63593706,2025-01-01T13:56:00.000,2025-02-07T10:21:00.000,DOT,Street Light Condition,QUEENS,Closed
63594167,2025-01-01T13:56:01.000,2025-01-01T14:17:05.000,NYPD,Abandoned Vehicle,BROOKLYN,Closed
63595363,2025-01-01T13:56:02.000,2025-01-01T17:19:56.000,NYPD,Illegal Parking,QUEENS,Closed
63592606,2025-01-01T13:56:06.000,2025-01-01T14:17:27.000,NYPD,Noise - Vehicle,BROOKLYN,Closed
63595351,2025-01-01T13:56:08.000,2025-01-01T14:16:34.000,NYPD,Illegal Parking,BROOKLYN,Closed
63588535,2025-01-01T13:56:26.000,2025-01-02T17:10:29.000,NYPD,Noise - Residential,BRONX,Closed
63590911,2025-01-01T13:56:35.000,2025-01-02T13:06:39.000,DSNY,Residential Disposal Complaint,MANHATTAN,Closed
63587331,2025-01-01T13:57:04.000,2025-01-02T17:03:01.000,NYPD,Noise - Residential,BRONX,Closed
63595245,2025-01-01T13:57:10.000,2025-01-02T12:55:22.000,DOT,Street Condition,QUEENS,Closed
63586327,2025-01-01T13:57:14.000,2025-01-01T14:52:02.000,NYPD,Noise - Residential,BROOKLYN,Closed
63589454,2025-01-01T13:57:17.000,2025-01-01T14:10:21.000,NYPD,Illegal Parking,BROOKLYN,Closed
63589296,2025-01-01T13:57:22.000,2025-01-01T17:19:39.000,NYPD,Illegal Parking,QUEENS,Closed
63586168,2025-01-01T13:57:42.000,2025-01-02T17:07:55.000,NYPD,Noise - Residential,BRONX,Closed
63590925,2025-01-01T13:58:08.000,2025-01-09T07:03:17.000,DOT,Street Sign - Dangling,STATEN ISLAND,Closed
63591676,2025-01-01T13:58:11.000,2025-01-01T17:24:51.000,NYPD,Blocked Driveway,BRONX,Closed
63593941,2025-01-01T13:58:12.000,2025-01-02T09:59:44.000,HPD,HEAT/HOT WATER,BRONX,Closed
63589875,2025-01-01T13:58:21.000,2025-01-02T17:04:41.000,NYPD,Noise - Residential,BRONX,Closed
63591600,2025-01-01T13:58:31.000,2025-01-01T14:10:49.000,NYPD,Blocked Driveway,QUEENS,Closed
63586729,2025-01-01T13:58:34.000,2025-01-01T14:57:39.000,NYPD,Illegal Parking,BROOKLYN,Closed
63592497,2025-01-01T13:58:37.000,2025-01-01T15:06:36.000,NYPD,Noise - Residential,MANHATTAN,Closed
63593395,2025-01-01T13:58:59.000,2025-01-02T17:10:30.000,NYPD,Noise - Residential,BRONX,Closed
63593667,2025-01-01T13:59:21.000,2025-01-01T14:15:58.000,NYPD,Noise - Residential,STATEN ISLAND,Closed
63594054,2025-01-01T13:59:22.000,2025-01-01T14:58:05.000,NYPD,Illegal Parking,BROOKLYN,Closed
63592247,2025-01-01T13:59:37.000,2025-01-02T17:12:12.000,NYPD,Noise - Residential,BRONX,Closed
63607122,2025-01-01T14:00:00.000,2025-01-02T05:31:00.000,DSNY,Derelict Vehicles,QUEENS,Closed
63595278,2025-01-01T14:00:01.000,2025-02-19T00:00:00.000,DOB,Plumbing,BROOKLYN,Closed
63590993,2025-01-01T14:00:15.000,2025-01-02T17:10:31.000,NYPD,Noise - Residential,BRONX,Closed
63593708,2025-01-01T14:00:25.000,2025-01-03T08:35:43.000,DOT,Sidewalk Condition,BROOKLYN,Closed
63594364,2025-01-01T14:00:45.000,2025-01-01T14:00:45.000,DOHMH,Rodent,BROOKLYN,Closed
63587175,2025-01-01T14:00:53.000,2025-01-02T17:08:43.000,NYPD,Noise - Residential,BRONX,Closed
63601563,2025-01-01T14:01:00.000,2025-01-02T11:21:00.000,DSNY,Derelict Vehicles,STATEN ISLAND,Closed
63591297,2025-01-01T14:01:13.000,2025-01-01T14:17:49.000,NYPD,Noise - Street/Sidewalk,BROOKLYN,Closed
63587657,2025-01-01T14:01:17.000,2025-06-30T07:49:46.000,HPD,GENERAL,BRONX,Closed
63592758,2025-01-01T14:01:18.000,2025-01-02T14:54:16.000,HPD,HEAT/HOT WATER,QUEENS,Closed
63588967,2025-01-01T14:01:18.000,2025-01-03T08:50:00.000,HPD,HEAT/HOT WATER,MANHATTAN,Closed
63587832,2025-01-01T14:01:19.000,2025-01-02T19:31:45.000,HPD,HEAT/HOT WATER,MANHATTAN,Closed
63592718,2025-01-01T14:01:20.000,2025-01-03T18:28:54.000,HPD,HEAT/HOT WATER,BRONX,Closed
63593733,2025-01-01T14:01:22.000,2025-01-01T14:46:15.000,NYPD,Noise - Residential,BRONX,Closed
63592105,2025-01-01T14:01:31.000,2025-01-02T17:10:31.000,NYPD,Noise - Residential,BRONX,Closed
63588955,2025-01-01T14:01:37.000,2025-01-02T15:27:57.000,HPD,HEAT/HOT WATER,BRONX,Closed
63587971,2025-01-01T14:01:38.000,2025-01-01T22:47:04.000,NYPD,Illegal Parking,QUEENS,Closed
63590320,2025-01-01T14:01:46.000,2025-01-02T16:02:45.000,HPD,HEAT/HOT WATER,MANHATTAN,Closed
63591775,2025-01-01T14:01:55.000,2025-01-01T17:52:39.000,NYPD,Illegal Parking,BRONX,Closed
63595204,2025-01-01T14:02:00.000,2025-01-01T19:55:00.000,DOT,Traffic Signal Condition,MANHATTAN,Closed
63590877,2025-01-01T14:02:09.000,2025-01-02T17:02:56.000,NYPD,Noise - Residential,BRONX,Closed
63587860,2025-01-01T14:02:36.000,2025-01-01T14:51:09.000,NYPD,Blocked Driveway,MANHATTAN,Closed
63591966,2025-01-01T14:02:47.000,2025-01-02T17:10:30.000,NYPD,Noise - Residential,BRONX,Closed
63593176,2025-01-01T14:02:47.000,2025-05-05T12:10:20.000,TLC,Taxi Complaint,QUEENS,Closed
63595296,2025-01-01T14:03:01.000,2025-01-01T20:20:36.000,NYPD,Blocked Driveway,QUEENS,Closed
63593300,2025-01-01T14:03:06.000,2025-01-01T14:03:06.000,DOHMH,Rodent,STATEN ISLAND,Closed
63595471,2025-01-01T14:03:12.000,2025-01-01T14:19:41.000,NYPD,Illegal Parking,MANHATTAN,Closed
63592420,2025-01-01T14:03:26.000,2025-01-02T17:07:51.000,NYPD,Noise - Residential,BRONX,Closed
63587617,2025-01-01T14:03:27.000,2025-01-01T14:18:09.000,NYPD,Noise - Vehicle,BROOKLYN,Closed
63595452,2025-01-01T14:03:30.000,2025-01-01T16:27:09.000,NYPD,Illegal Parking,MANHATTAN,Closed
63591135,2025-01-01T14:04:04.000,2025-01-02T17:07:47.000,NYPD,Noise - Residential,BRONX,Closed
63585650,2025-01-01T14:04:09.000,2025-01-01T17:04:14.000,NYPD,Illegal Parking,BROOKLYN,Closed
63591424,2025-01-01T14:04:13.000,2025-01-02T16:33:51.000,HPD,HEAT/HOT WATER,QUEENS,Closed
63586540,2025-01-01T14:04:13.000,2025-01-02T14:44:02.000,HPD,HEAT/HOT WATER,BROOKLYN,Closed
63590403,2025-01-01T14:04:16.000,2025-01-01T18:56:17.000,NYPD,Illegal Parking,QUEENS,Closed
63587723,2025-01-01T14:04:17.000,2025-01-02T12:32:33.000,HPD,HEAT/HOT WATER,BROOKLYN,Closed
63587692,2025-01-01T14:04:19.000,2025-01-01T22:26:25.000,HPD,HEAT/HOT WATER,BRONX,Closed
63588948,2025-01-01T14:04:21.000,2025-01-02T15:49:02.000,HPD,HEAT/HOT WATER,MANHATTAN,Closed
63587904,2025-01-01T14:04:29.000,2025-01-13T14:19:49.000,DSNY,Dead Animal,MANHATTAN,Closed
63593587,2025-01-01T14:04:42.000,2025-01-02T17:02:56.000,NYPD,Noise - Residential,BRONX,Closed
63589937,2025-01-01T14:04:44.000,2025-01-01T14:11:58.000,NYPD,Noise - Residential,BROOKLYN,Closed
63586955,2025-01-01T14:05:00.000,2025-01-02T13:00:00.000,DEP,Noise,BRONX,Closed
63593782,2025-01-01T14:05:02.000,2025-01-01T14:26:45.000,NYPD,Noise - Residential,BROOKLYN,Closed
63585896,2025-01-01T14:05:20.000,2025-01-02T17:04:43.000,NYPD,Noise - Residential,BRONX,Closed
63587585,2025-01-01T14:05:21.000,2025-01-01T14:49:48.000,NYPD,Noise - Street/Sidewalk,BROOKLYN,Closed
63590971,2025-01-01T14:05:34.000,2025-01-02T17:04:42.000,NYPD,Noise - Residential,BRONX,Closed
63587012,2025-01-01T14:05:36.000,2025-01-02T09:08:56.000,NYPD,Illegal Parking,QUEENS,Closed
63593702,2025-01-01T14:05:53.000,2025-01-01T14:21:18.000,NYPD,Noise - Residential,QUEENS,Closed
63589819,2025-01-01T14:05:58.000,2025-01-02T17:08:40.000,NYPD,Noise - Residential,BRONX,Closed
63588166,2025-01-01T14:06:22.000,2025-01-02T17:08:39.000,NYPD,Noise - Residential,BRONX,Closed
63586167,2025-01-01T14:06:36.000,2025-01-02T17:07:48.000,NYPD,Noise - Residential,BRONX,Closed
63587066,2025-01-01T14:06:53.000,2025-01-11T02:40:11.000,DOHMH,Food Establishment,BRONX,Closed
63591578,2025-01-01T14:07:00.000,2025-01-01T15:55:00.000,DOT,Traffic Signal Condition,MANHATTAN,Closed
63589100,2025-01-01T14:07:09.000,2025-01-01T16:20:59.000,NYPD,Blocked Driveway,BRONX,Closed
63594664,2025-01-01T14:07:09.000,2025-01-02T17:10:29.000,NYPD,Noise - Residential,BRONX,Closed
63587690,2025-01-01T14:07:14.000,2025-01-02T14:28:36.000,HPD,HEAT/HOT WATER,MANHATTAN,Closed
63586861,2025-01-01T14:07:15.000,2025-01-06T18:34:32.000,HPD,WATER LEAK,BROOKLYN,Closed
63593474,2025-01-01T14:07:15.000,2025-01-02T17:04:40.000,NYPD,Noise - Residential,BRONX,Closed
63588973,2025-01-01T14:07:16.000,2025-01-02T07:08:01.000,HPD,HEAT/HOT WATER,BROOKLYN,Closed
63591999,2025-01-01T14:07:16.000,2025-01-09T11:27:49.000,OTI,LinkNYC,MANHATTAN,Closed
63593807,2025-01-01T14:07:21.000,2025-01-01T14:19:01.000,NYPD,Noise - Residential,BROOKLYN,Closed
63595087,2025-01-01T14:07:35.000,2025-01-03T19:31:21.000,HPD,HEAT/HOT WATER,BROOKLYN,Closed
63589222,2025-01-01T14:07:37.000,2025-01-01T14:11:02.000,NYPD,Illegal Parking,QUEENS,Closed
63590970,2025-01-01T14:07:52.000,2025-01-02T17:04:39.000,NYPD,Noise - Residential,BRONX,Closed
63588509,2025-01-01T14:07:57.000,2025-01-02T17:12:15.000,NYPD,Noise - Residential,BRONX,Closed
63585627,2025-01-01T14:08:00.000,2025-01-06T14:30:00.000,DEP,Air Quality,BROOKLYN,Closed
63587434,2025-01-01T14:08:27.000,2025-01-01T18:13:27.000,NYPD,Noise - Residential,QUEENS,Closed
63594726,2025-01-01T14:08:31.000,2025-01-02T17:04:41.000,NYPD,Noise - Residential,BRONX,Closed
63594663,2025-01-01T14:08:44.000,2025-01-02T17:10:31.000,NYPD,Noise - Residential,BRONX,Closed
63595451,2025-01-01T14:08:47.000,2025-01-02T00:10:28.000,NYPD,Illegal Parking,BRONX,Closed
63592394,2025-01-01T14:09:09.000,2025-01-02T17:12:12.000,NYPD,Noise - Residential,BRONX,Closed
63592419,2025-01-01T14:09:32.000,2025-01-02T17:07:55.000,NYPD,Noise - Residential,BRONX,Closed
63594639,2025-01-01T14:09:47.000,2025-01-02T17:12:13.000,NYPD,Noise - Residential,BRONX,Closed
63599601,2025-01-01T14:09:51.000,2025-01-02T08:35:00.000,DOT,Street Condition,BROOKLYN,Closed
63587549,2025-01-01T14:10:08.000,2025-01-01T14:40:56.000,NYPD,Noise - Residential,MANHATTAN,Closed
63592761,2025-01-01T14:10:16.000,2025-01-02T08:16:19.000,HPD,HEAT/HOT WATER,BROOKLYN,Closed
63588547,2025-01-01T14:10:20.000,2025-01-02T17:07:48.000,NYPD,Noise - Residential,BRONX,Closed
63591791,2025-01-01T14:10:20.000,2025-04-23T20:41:36.000,HPD,UNSANITARY CONDITION,QUEENS,Closed
63588023,2025-01-01T14:10:21.000,2025-01-01T15:08:24.000,DPR,Violation of Park Rules,BRONX,Closed
63594929,2025-01-01T14:10:25.000,2025-01-02T17:07:54.000,NYPD,Noise - Residential,BRONX,Closed
63586773,2025-01-01T14:10:31.000,2025-01-01T17:13:01.000,NYPD,Illegal Parking,BROOKLYN,Closed
63585611,2025-01-01T14:10:31.000,2025-01-04T15:16:43.000,DSNY,Abandoned Bike,BROOKLYN,Closed
63595226,2025-01-01T14:11:00.000,2025-01-01T15:50:00.000,DOT,Traffic Signal Condition,MANHATTAN,Closed
63594418,2025-01-01T14:11:03.000,2025-01-02T17:10:31.000,NYPD,Noise - Residential,BRONX,Closed
63587446,2025-01-01T14:11:07.000,2025-01-02T17:02:56.000,NYPD,Noise - Residential,BRONX,Closed
63594533,2025-01-01T14:11:16.000,2025-01-01T21:00:15.000,NYPD,Illegal Parking,QUEENS,Closed
63603327,2025-01-01T14:11:20.000,2025-01-02T09:50:00.000,DOT,Street Condition,BROOKLYN,Closed
63589135,2025-01-01T14:11:25.000,2025-01-01T17:57:47.000,NYPD,Abandoned Vehicle,STATEN ISLAND,Closed
63590641,2025-01-01T14:11:37.000,2025-01-01T15:06:24.000,NYPD,Illegal Parking,QUEENS,Closed
63594622,2025-01-01T14:11:41.000,2025-01-02T17:12:11.000,NYPD,Noise - Residential,BRONX,Closed
63591092,2025-01-01T14:11:46.000,2025-01-01T16:22:30.000,NYPD,Noise - Residential,BROOKLYN,Closed
63594420,2025-01-01T14:11:55.000,2025-01-02T17:08:38.000,NYPD,Noise - Residential,BRONX,Closed
63593710,2025-01-01T14:12:00.000,2025-01-03T13:25:00.000,DOT,Street Light Condition,BRONX,Closed
63590211,2025-01-01T14:12:05.000,2025-01-02T18:39:53.000,HPD,HEAT/HOT WATER,MANHATTAN,Closed
63605219,2025-01-01T14:12:08.000,2025-01-02T10:00:00.000,DOT,Street Condition,BROOKLYN,Closed
63593245,2025-01-01T14:12:19.000,2025-01-02T17:08:35.000,NYPD,Noise - Residential,BRONX,Closed
63589481,2025-01-01T14:12:29.000,2025-01-10T21:34:41.000,DOHMH,Food Establishment,MANHATTAN,Closed
63594074,2025-01-01T14:12:30.000,2025-04-29T00:00:00.000,DOB,General Construction/Plumbing,MANHATTAN,Closed
63589771,2025-01-01T14:12:42.000,2025-01-02T17:02:55.000,NYPD,Noise - Residential,BRONX,Closed
63587045,2025-01-01T14:12:57.000,2025-01-02T17:08:38.000,NYPD,Noise - Residential,BRONX,Closed
63590368,2025-01-01T14:13:04.000,2025-01-02T10:33:02.000,DCWP,Consumer Complaint,BRONX,Closed
63588098,2025-01-01T14:13:18.000,2025-02-15T12:10:41.000,HPD,UNSANITARY CONDITION,BROOKLYN,Closed
63590208,2025-01-01T14:13:19.000,2025-01-02T20:32:51.000,HPD,HEAT/HOT WATER,BROOKLYN,Closed
63605090,2025-01-01T14:13:22.000,2025-01-02T10:15:00.000,DOT,Street Condition,BROOKLYN,Closed
63587095,2025-01-01T14:13:30.000,2025-01-02T17:08:32.000,NYPD,Noise - Residential,BRONX,Closed
63593341,2025-01-01T14:13:36.000,2025-01-02T17:10:30.000,NYPD,Noise - Residential,BRONX,Closed
63593499,2025-01-01T14:14:14.000,2025-01-02T17:07:54.000,NYPD,Noise - Residential,BRONX,Closed
63585795,2025-01-01T14:14:17.000,2025-01-02T17:10:30.000,NYPD,Noise - Residential,BRONX,Closed
63601495,2025-01-01T14:14:18.000,2025-01-02T10:29:00.000,DOT,Street Condition,BROOKLYN,Closed
63588247,2025-01-01T14:14:52.000,2025-01-02T17:06:17.000,NYPD,Noise - Residential,BRONX,Closed
63593649,2025-01-01T14:15:05.000,2025-01-02T17:02:57.000,NYPD,Noise - Residential,BRONX,Closed
63587973,2025-01-01T14:15:12.000,2025-01-01T15:06:25.000,NYPD,Illegal Parking,BROOKLYN,Closed
63603326,2025-01-01T14:15:24.000,2025-01-02T10:37:00.000,DOT,Street Condition,BROOKLYN,Closed
63594007,2025-01-01T14:15:25.000,2025-01-02T16:43:09.000,HPD,HEAT/HOT WATER,MANHATTAN,Closed
63593413,2025-01-01T14:15:33.000,2025-01-02T17:06:15.000,NYPD,Noise - Residential,BRONX,Closed
63588040,2025-01-01T14:15:37.000,2025-01-01T14:24:00.000,NYPD,Illegal Parking,QUEENS,Closed
63590446,2025-01-01T14:15:37.000,2025-01-02T00:38:47.000,NYPD,Illegal Parking,BROOKLYN,Closed
63589025,2025-01-01T14:15:45.000,2025-01-01T19:47:17.000,NYPD,Blocked Driveway,BROOKLYN,Closed
63590969,2025-01-01T14:15:52.000,2025-01-02T17:04:45.000,NYPD,Noise - Residential,BRONX,Closed
63593062,2025-01-01T14:15:54.000,2025-01-01T15:09:49.000,NYPD,Illegal Parking,BROOKLYN,Closed
63586560,2025-01-01T14:16:18.000,2025-01-02T20:02:44.000,HPD,HEAT/HOT WATER,BROOKLYN,Closed
63591443,2025-01-01T14:16:21.000,2025-01-04T10:13:55.000,HPD,HEAT/HOT WATER,MANHATTAN,Closed
63597875,2025-01-01T14:16:26.000,2025-01-02T10:48:00.000,DOT,Street Condition,BROOKLYN,Closed
63591025,2025-01-01T14:16:40.000,2025-01-02T00:56:40.000,NYPD,Noise - Residential,QUEENS,Closed
63592221,2025-01-01T14:16:43.000,2025-01-02T17:04:41.000,NYPD,Noise - Residential,BRONX,Closed
63594465,2025-01-01T14:16:49.000,2025-01-02T17:06:18.000,NYPD,Noise - Residential,BRONX,Closed
63589250,2025-01-01T14:17:00.000,2025-01-06T16:20:00.000,DEP,Noise,BROOKLYN,Closed
63594340,2025-01-01T14:17:00.000,2025-01-15T08:37:00.000,DEP,Water Quality,STATEN ISLAND,Closed
63595333,2025-01-01T14:17:06.000,2025-01-01T14:46:06.000,NYPD,Illegal Parking,QUEENS,Closed
63588736,2025-01-01T14:17:26.000,2025-01-01T19:59:35.000,NYPD,Noise - Residential,BRONX,Closed
63591913,2025-01-01T14:17:28.000,2025-01-02T17:08:41.000,NYPD,Noise - Residential,BRONX,Closed
63590412,2025-01-01T14:17:40.000,2025-01-01T15:05:33.000,NYPD,Illegal Parking,BROOKLYN,Closed
63609175,2025-01-01T14:18:00.000,2025-01-02T03:55:00.000,DSNY,Derelict Vehicles,BRONX,Closed
63590721,2025-01-01T14:18:03.000,2025-01-02T17:08:35.000,NYPD,Noise - Residential,BRONX,Closed
63589560,2025-01-01T14:18:15.000,2025-01-02T17:08:37.000,NYPD,Noise - Residential,BRONX,Closed
63589094,2025-01-01T14:18:16.000,2025-01-01T17:35:59.000,NYPD,Illegal Parking,BROOKLYN,Closed
63587855,2025-01-01T14:18:19.000,2025-01-02T00:42:38.000,NYPD,Blocked Driveway,QUEENS,Closed
63588596,2025-01-01T14:18:22.000,2025-01-01T14:57:15.000,NYPD,Noise - Residential,QUEENS,Closed
63594276,2025-01-01T14:18:34.000,2025-01-01T16:53:19.000,NYPD,Illegal Parking,STATEN ISLAND,Closed
63586187,2025-01-01T14:18:41.000,2025-01-02T17:07:51.000,NYPD,Noise - Residential,BRONX,Closed
63589399,2025-01-01T14:19:03.000,2025-01-02T17:10:31.000,NYPD,Noise - Residential,BRONX,Closed
63587684,2025-01-01T14:19:17.000,2025-01-03T19:34:02.000,HPD,HEAT/HOT WATER,BROOKLYN,Closed
63590718,2025-01-01T14:19:19.000,2025-01-02T17:08:54.000,NYPD,Noise - Residential,BRONX,Closed
63595094,2025-01-01T14:19:20.000,2025-01-03T18:28:54.000,HPD,HEAT/HOT WATER,BRONX,Closed
63588025,2025-01-01T14:19:22.000,2025-01-01T16:01:28.000,DSNY,Vendor Enforcement,MANHATTAN,Closed
63587800,2025-01-01T14:19:23.000,2025-01-02T15:00:10.000,HPD,HEAT/HOT WATER,BRONX,Closed
63591470,2025-01-01T14:19:25.000,2025-01-03T20:56:10.000,HPD,HEAT/HOT WATER,BROOKLYN,Closed
63588839,2025-01-01T14:19:25.000,2025-04-22T12:31:29.000,HPD,DOOR/WINDOW,BROOKLYN,Closed
63592948,2025-01-01T14:19:26.000,2025-01-01T19:40:49.000,NYPD,Illegal Parking,QUEENS,Closed
63587842,2025-01-01T14:19:28.000,2025-01-02T04:44:13.000,NYPD,Blocked Driveway,QUEENS,Closed
63595503,2025-01-01T14:19:37.000,2025-01-01T22:52:55.000,NYPD,Illegal Parking,BROOKLYN,Closed
63587588,2025-01-01T14:19:40.000,2025-03-05T10:51:44.000,TLC,Taxi Complaint,QUEENS,Closed
63588462,2025-01-01T14:19:50.000,2025-01-02T17:12:10.000,NYPD,Noise - Residential,BRONX,Closed
63589974,2025-01-01T14:19:57.000,2025-01-02T17:02:55.000,NYPD,Noise - Residential,BRONX,Closed
63592917,2025-01-01T14:20:00.000,2025-01-01T18:20:00.000,DOT,Traffic Signal Condition,QUEENS,Closed
63586719,2025-01-01T14:20:14.000,2025-01-02T04:31:55.000,DSNY,Dead Animal,STATEN ISLAND,Closed
63594573,2025-01-01T14:20:35.000,2025-01-02T17:02:55.000,NYPD,Noise - Residential,BRONX,Closed
63592395,2025-01-01T14:20:38.000,2025-01-02T17:07:51.000,NYPD,Noise - Residential,BRONX,Closed
63592918,2025-01-01T14:20:44.000,2025-01-01T15:22:28.000,NYPD,Blocked Driveway,QUEENS,Closed
63590521,2025-01-01T14:20:44.000,2025-01-01T16:35:29.000,NYPD,Illegal Parking,BRONX,Closed
63586969,2025-01-01T14:21:13.000,2025-01-02T17:06:18.000,NYPD,Noise - Residential,BRONX,Closed
63590539,2025-01-01T14:21:17.000,2025-01-01T16:12:02.000,NYPD,Illegal Parking,QUEENS,Closed
63586293,2025-01-01T14:21:20.000,2025-01-01T14:57:56.000,NYPD,Noise - Residential,QUEENS,Closed
63590578,2025-01-01T14:21:21.000,2025-01-01T15:10:05.000,NYPD,Illegal Parking,BROOKLYN,Closed
63587172,2025-01-01T14:21:25.000,2025-01-02T17:08:55.000,NYPD,Noise - Residential,BRONX,Closed
63590682,2025-01-01T14:21:30.000,2025-01-10T12:09:18.000,DOT,Bus Stop Shelter Complaint,MANHATTAN,Closed
63586918,2025-01-01T14:21:51.000,2025-01-02T17:10:29.000,NYPD,Noise - Residential,BRONX,Closed
63603304,2025-01-01T14:21:56.000,2025-01-02T11:11:00.000,DOT,Street Condition,BROOKLYN,Closed
63591757,2025-01-01T14:22:00.000,2025-01-01T14:55:05.000,NYPD,Illegal Parking,QUEENS,Closed
63586218,2025-01-01T14:22:13.000,2025-01-02T17:07:52.000,NYPD,Noise - Residential,BRONX,Closed
63592784,2025-01-01T14:22:26.000,2025-01-03T19:20:26.000,HPD,HEAT/HOT WATER,MANHATTAN,Closed
63587176,2025-01-01T14:22:29.000,2025-01-02T17:10:31.000,NYPD,Noise - Residential,BRONX,Closed
63590150,2025-01-01T14:22:31.000,2025-01-03T11:32:53.000,HPD,HEAT/HOT WATER,QUEENS,Closed
63587640,2025-01-01T14:22:31.000,2025-04-27T05:07:18.000,DHS,Encampment,MANHATTAN,Closed
63586452,2025-01-01T14:22:31.000,2025-01-01T15:23:03.000,NYPD,Encampment,MANHATTAN,Closed
63587934,2025-01-01T14:22:33.000,2025-01-01T20:31:35.000,NYPD,Illegal Parking,BROOKLYN,Closed
63591097,2025-01-01T14:22:50.000,2025-01-01T14:39:10.000,NYPD,Noise - Residential,BROOKLYN,Closed
63601456,2025-01-01T14:22:53.000,2025-01-02T11:23:00.000,DOT,Street Condition,BROOKLYN,Closed
63585752,2025-01-01T14:23:00.000,2025-01-02T17:08:54.000,NYPD,Noise - Residential,BRONX,Closed
63593473,2025-01-01T14:23:08.000,2025-01-02T17:04:40.000,NYPD,Noise - Residential,BRONX,Closed
63587669,2025-01-01T14:23:19.000,2025-01-03T19:23:31.000,HPD,HEAT/HOT WATER,BRONX,Closed
63592441,2025-01-01T14:23:25.000,2025-01-01T14:41:35.000,NYPD,Noise - Residential,BRONX,Closed
63586052,2025-01-01T14:23:42.000,2025-01-01T16:36:59.000,NYPD,Abandoned Vehicle,BROOKLYN,Closed
63588162,2025-01-01T14:23:46.000,2025-01-02T17:08:54.000,NYPD,Noise - Residential,BRONX,Closed
63593834,2025-01-01T14:23:48.000,2025-01-01T15:25:06.000,NYPD,Noise - Residential,BROOKLYN,Closed
63589585,2025-01-01T14:23:48.000,2025-01-02T17:07:53.000,NYPD,Noise - Residential,BRONX,Closed
63592989,2025-01-01T14:23:51.000,2025-01-01T20:29:36.000,NYPD,Illegal Parking,QUEENS,Closed
63606980,2025-01-01T14:23:56.000,2025-01-02T11:31:00.000,DOT,Street Condition,BROOKLYN,Closed
63585788,2025-01-01T14:24:24.000,2025-01-02T17:10:30.000,NYPD,Noise - Residential,BRONX,Closed
63594169,2025-01-01T14:24:24.000,2025-01-01T18:20:05.000,NYPD,Abandoned Vehicle,BROOKLYN,Closed
63590826,2025-01-01T14:24:35.000,2025-01-02T17:06:15.000,NYPD,Noise - Residential,BRONX,Closed
63591259,2025-01-01T14:24:36.000,2025-01-01T18:55:44.000,NYPD,Encampment,BRONX,Closed
63589353,2025-01-01T14:24:52.000,2025-01-02T10:36:46.000,DOHMH,Rodent,BROOKLYN,Closed
63593030,2025-01-01T14:25:01.000,2025-01-01T14:47:50.000,NYPD,Illegal Parking,BROOKLYN,Closed
63590478,2025-01-01T14:25:02.000,2025-01-01T16:07:07.000,NYPD,Blocked Driveway,QUEENS,Closed
63590920,2025-01-01T14:25:02.000,2025-01-02T17:07:49.000,NYPD,Noise - Residential,BRONX,Closed
63592969,2025-01-01T14:25:19.000,2025-01-01T14:32:42.000,NYPD,Illegal Parking,MANHATTAN,Closed
63605217,2025-01-01T14:25:19.000,2025-01-02T11:47:00.000,DOT,Street Condition,BROOKLYN,Closed
63594532,2025-01-01T14:25:22.000,2025-01-02T13:04:54.000,DSNY,Dirty Condition,QUEENS,Closed
63590745,2025-01-01T14:25:23.000,2025-01-02T17:06:16.000,NYPD,Noise - Residential,BRONX,Closed
63592826,2025-01-01T14:25:32.000,2025-04-02T15:20:37.000,HPD,UNSANITARY CONDITION,MANHATTAN,Closed
63592706,2025-01-01T14:25:33.000,2025-01-03T18:30:28.000,HPD,HEAT/HOT WATER,BRONX,Closed
63587726,2025-01-01T14:25:34.000,2025-01-02T17:40:59.000,HPD,HEAT/HOT WATER,BROOKLYN,Closed
63589017,2025-01-01T14:25:35.000,2025-01-02T21:45:45.000,HPD,HEAT/HOT WATER,BROOKLYN,Closed
63592126,2025-01-01T14:25:40.000,2025-01-02T17:06:19.000,NYPD,Noise - Residential,BRONX,Closed
63592904,2025-01-01T14:25:42.000,2025-04-17T13:39:10.000,HPD,UNSANITARY CONDITION,BRONX,Closed
63589759,2025-01-01T14:26:00.000,2025-01-01T14:32:00.000,DEP,Water System,QUEENS,Closed
63590000,2025-01-01T14:26:10.000,2025-01-02T17:07:54.000,NYPD,Noise - Residential,BRONX,Closed
63588246,2025-01-01T14:26:18.000,2025-01-02T17:06:22.000,NYPD,Noise - Residential,BRONX,Closed
63596015,2025-01-01T14:26:27.000,2025-01-02T11:51:00.000,DOT,Street Condition,BROOKLYN,Closed
63589169,2025-01-01T14:26:36.000,2025-01-01T17:29:16.000,NYPD,Blocked Driveway,BRONX,Closed
63585918,2025-01-01T14:26:56.000,2025-01-02T17:04:38.000,NYPD,Noise - Residential,BRONX,Closed
63593527,2025-01-01T14:26:58.000,2025-01-02T17:07:50.000,NYPD,Noise - Residential,BRONX,Closed
63587907,2025-01-01T14:27:04.000,2025-01-01T14:28:13.000,NYPD,Illegal Parking,BROOKLYN,Closed
63585613,2025-01-01T14:27:12.000,2025-01-02T13:57:36.000,DSNY,Dirty Condition,BROOKLYN,Closed
63609133,2025-01-01T14:27:25.000,2025-01-02T11:56:00.000,DOT,Street Condition,BROOKLYN,Closed
63592847,2025-01-01T14:27:30.000,2025-01-01T17:19:58.000,NYPD,Noise - Vehicle,BROOKLYN,Closed
63592248,2025-01-01T14:27:34.000,2025-01-02T17:07:53.000,NYPD,Noise - Residential,BRONX,Closed
63592900,2025-01-01T14:27:35.000,2025-01-01T16:08:13.000,NYPD,Blocked Driveway,QUEENS,Closed
63586087,2025-01-01T14:27:46.000,2025-01-02T17:02:56.000,NYPD,Noise - Residential,BRONX,Closed
63591537,2025-01-01T14:27:54.000,2025-01-02T04:15:44.000,NYPD,Blocked Driveway,QUEENS,Closed
63594144,2025-01-01T14:28:00.000,2025-01-01T15:50:00.000,DOT,Traffic Signal Condition,MANHATTAN,Closed
63592259,2025-01-01T14:28:13.000,2025-01-02T17:06:18.000,NYPD,Noise - Residential,BRONX,Closed
63586975,2025-01-01T14:28:19.000,2025-01-02T05:31:34.000,NYPD,Noise - Residential,QUEENS,Closed
63585691,2025-01-01T14:28:20.000,2025-01-30T12:04:47.000,DPR,Maintenance or Facility,QUEENS,Closed
63609132,2025-01-01T14:28:20.000,2025-01-02T12:05:00.000,DOT,Street Condition,BROOKLYN,Closed
63593863,2025-01-01T14:28:22.000,2025-01-01T16:15:58.000,NYPD,Noise - Vehicle,BRONX,Closed
63587445,2025-01-01T14:28:33.000,2025-01-02T17:02:56.000,NYPD,Noise - Residential,BRONX,Closed
63590135,2025-01-01T14:28:36.000,2025-01-02T14:14:16.000,HPD,ELECTRIC,QUEENS,Closed
63588895,2025-01-01T14:28:36.000,2025-01-02T14:14:16.000,HPD,HEAT/HOT WATER,QUEENS,Closed
63591462,2025-01-01T14:28:39.000,2025-01-02T17:06:37.000,HPD,HEAT/HOT WATER,BRONX,Closed
63594986,2025-01-01T14:28:41.000,2025-01-01T14:57:40.000,NYPD,Noise - Residential,QUEENS,Closed
63587764,2025-01-01T14:28:44.000,2025-01-02T19:32:44.000,HPD,HEAT/HOT WATER,BROOKLYN,Closed
63595302,2025-01-01T14:28:47.000,2025-03-10T07:05:39.000,HPD,WATER LEAK,BRONX,Closed
63591167,2025-01-01T14:28:51.000,2025-01-02T17:04:42.000,NYPD,Noise - Residential,BRONX,Closed
63597932,2025-01-01T14:29:00.000,2025-01-02T20:16:00.000,DSNY,Derelict Vehicles,QUEENS,Closed
63591729,2025-01-01T14:29:07.000,2025-01-01T14:41:21.000,NYPD,Illegal Parking,BROOKLYN,Closed
63594326,2025-01-01T14:29:07.000,2025-01-02T08:15:00.000,DOT,Street Condition,BRONX,Closed
63593381,2025-01-01T14:29:21.000,2025-01-02T17:06:16.000,NYPD,Noise - Residential,BRONX,Closed
63590242,2025-01-01T14:29:27.000,2025-01-02T00:11:05.000,HPD,HEAT/HOT WATER,MANHATTAN,Closed
63593551,2025-01-01T14:29:29.000,2025-01-02T17:06:14.000,NYPD,Noise - Residential,BRONX,Closed
63589239,2025-01-01T14:29:54.000,2025-01-01T20:05:14.000,NYPD,Noise - Residential,BROOKLYN,Closed
63591723,2025-01-01T14:29:59.000,2025-01-01T16:18:43.000,NYPD,Illegal Parking,BRONX,Closed
63601211,2025-01-01T14:30:00.000,2025-01-03T08:36:00.000,DSNY,Derelict Vehicles,BRONX,Closed
63586016,2025-01-01T14:30:07.000,2025-01-02T17:06:20.000,NYPD,Noise - Residential,BRONX,Closed
63594871,2025-01-01T14:30:08.000,2025-01-02T17:04:42.000,NYPD,Noise - Residential,BRONX,Closed
63594753,2025-01-01T14:30:08.000,2025-01-01T18:11:56.000,NYPD,Noise - Residential,BROOKLYN,Closed
63591240,2025-01-01T14:30:31.000,2025-01-03T14:11:01.000,DOT,Street Condition,STATEN ISLAND,Closed
63588367,2025-01-01T14:30:45.000,2025-01-02T17:04:39.000,NYPD,Noise - Residential,BRONX,Closed
63587281,2025-01-01T14:30:56.000,2025-01-02T17:12:11.000,NYPD,Noise - Residential,BRONX,Closed
63593052,2025-01-01T14:31:07.000,2025-01-01T20:41:30.000,NYPD,Illegal Parking,STATEN ISLAND,Closed
63586662,2025-01-01T14:31:18.000,2025-01-08T06:51:53.000,DSNY,Illegal Dumping,BRONX,Closed
63593012,2025-01-01T14:31:23.000,2025-01-01T15:05:40.000,NYPD,Illegal Parking,MANHATTAN,Closed
63590782,2025-01-01T14:31:23.000,2025-01-02T17:10:30.000,NYPD,Noise - Residential,BRONX,Closed
63595376,2025-01-01T14:31:24.000,2025-01-01T16:18:24.000,NYPD,Illegal Parking,BRONX,Closed
63588963,2025-01-01T14:31:39.000,2025-01-02T11:09:29.000,HPD,HEAT/HOT WATER,BRONX,Closed
63590120,2025-01-01T14:31:42.000,2025-01-28T12:24:15.000,HPD,GENERAL,BROOKLYN,Closed
63587809,2025-01-01T14:31:42.000,2025-01-28T12:24:14.000,HPD,PLUMBING,BROOKLYN,Closed
63589818,2025-01-01T14:31:43.000,2025-01-02T17:08:55.000,NYPD,Noise - Residential,BRONX,Closed
63587522,2025-01-01T14:31:48.000,2025-01-01T14:48:14.000,NYPD,Noise - Residential,QUEENS,Closed
63588731,2025-01-01T14:31:49.000,2025-01-01T14:42:39.000,NYPD,Noise - Residential,BRONX,Closed
63593883,2025-01-01T14:31:49.000,2025-03-10T07:05:39.000,HPD,FLOORING/STAIRS,BRONX,Closed
63587501,2025-01-01T14:31:50.000,2025-01-01T14:34:40.000,NYPD,Noise - Residential,BROOKLYN,Closed
63591391,2025-01-01T14:31:55.000,2025-01-04T10:13:16.000,HPD,HEAT/HOT WATER,MANHATTAN,Closed
63590966,2025-01-01T14:32:00.000,2025-01-02T06:22:00.000,DEP,Water System,STATEN ISLAND,Closed
63593640,2025-01-01T14:32:01.000,2025-01-02T17:12:16.000,NYPD,Noise - Residential,BRONX,Closed
63591404,2025-01-01T14:32:08.000,2025-01-03T13:40:10.000,HPD,HEAT/HOT WATER,BRONX,Closed
63588949,2025-01-01T14:32:10.000,2025-01-02T19:57:52.000,HPD,HEAT/HOT WATER,BROOKLYN,Closed
63592326,2025-01-01T14:32:31.000,2025-01-02T17:06:16.000,NYPD,Noise - Residential,BRONX,Closed
63590626,2025-01-01T14:32:36.000,2025-01-02T08:55:00.000,DOT,Street Condition,BRONX,Closed
63589546,2025-01-01T14:32:39.000,2025-01-02T17:08:56.000,NYPD,Noise - Residential,BRONX,Closed
63588937,2025-01-01T14:32:47.000,2025-01-02T20:33:35.000,HPD,HEAT/HOT WATER,BRONX,Closed
63592786,2025-01-01T14:32:47.000,2025-01-02T20:33:35.000,HPD,HEAT/HOT WATER,BRONX,Closed
63586110,2025-01-01T14:33:18.000,2025-01-02T17:04:39.000,NYPD,Noise - Residential,BRONX,Closed
63586217,2025-01-01T14:33:19.000,2025-01-02T17:07:56.000,NYPD,Noise - Residential,BRONX,Closed
63593158,2025-01-01T14:33:43.000,2025-01-01T19:40:43.000,NYPD,Illegal Parking,QUEENS,Closed
63587933,2025-01-01T14:33:46.000,2025-01-01T22:48:01.000,NYPD,Blocked Driveway,QUEENS,Closed
63593135,2025-01-01T14:33:50.000,2025-01-03T11:40:00.000,DOT,Street Condition,BROOKLYN,Closed
63593495,2025-01-01T14:33:56.000,2025-01-02T17:12:12.000,NYPD,Noise - Residential,BRONX,Closed
63591185,2025-01-01T14:34:06.000,2025-01-02T17:02:56.000,NYPD,Noise - Residential,BRONX,Closed
63592504,2025-01-01T14:34:12.000,2025-01-01T16:23:57.000,NYPD,Noise - Residential,MANHATTAN,Closed
63586164,2025-01-01T14:34:34.000,2025-01-02T17:07:48.000,NYPD,Noise - Residential,BRONX,Closed
63593645,2025-01-01T14:34:54.000,2025-01-02T17:04:41.000,NYPD,Noise - Residential,BRONX,Closed
63591818,2025-01-01T14:35:01.000,2025-03-10T07:05:39.000,HPD,UNSANITARY CONDITION,BRONX,Closed
63592507,2025-01-01T14:35:02.000,2025-01-01T16:17:49.000,NYPD,Noise - Residential,BRONX,Closed
63587490,2025-01-01T14:35:03.000,2025-01-01T14:38:35.000,NYPD,Noise - Residential,BROOKLYN,Closed
63589275,2025-01-01T14:35:07.000,2025-01-01T15:36:41.000,NYPD,Illegal Parking,STATEN ISLAND,Closed
63595028,2025-01-01T14:35:07.000,2025-01-19T11:58:36.000,HPD,DOOR/WINDOW,BRONX,Closed
63591463,2025-01-01T14:35:08.000,2025-01-03T09:18:01.000,HPD,HEAT/HOT WATER,BROOKLYN,Closed
63588349,2025-01-01T14:35:08.000,2025-01-06T11:43:00.000,DOT,Street Condition,QUEENS,Closed
63589584,2025-01-01T14:35:12.000,2025-01-02T17:07:52.000,NYPD,Noise - Residential,BRONX,Closed
63586640,2025-01-01T14:35:15.000,2025-01-02T08:16:19.000,HPD,HEAT/HOT WATER,BROOKLYN,Closed
63588776,2025-01-01T14:35:16.000,2025-01-01T15:23:25.000,DHS,Homeless Person Assistance,MANHATTAN,Closed
63589300,2025-01-01T14:35:25.000,2025-04-05T19:59:12.000,HPD,UNSANITARY CONDITION,BROOKLYN,Closed
63595089,2025-01-01T14:35:25.000,2025-01-03T20:36:49.000,HPD,HEAT/HOT WATER,BROOKLYN,Closed
63591669,2025-01-01T14:35:29.000,2025-01-01T14:49:45.000,NYPD,Illegal Parking,BROOKLYN,Closed
63593951,2025-01-01T14:35:29.000,2025-01-02T19:22:32.000,HPD,HEAT/HOT WATER,BRONX,Closed
63590146,2025-01-01T14:35:30.000,2025-01-02T20:27:35.000,HPD,HEAT/HOT WATER,BRONX,Closed
63595198,2025-01-01T14:35:31.000,2025-01-04T11:05:18.000,HPD,HEAT/HOT WATER,MANHATTAN,Closed
63587720,2025-01-01T14:35:31.000,2025-01-02T20:33:07.000,HPD,HEAT/HOT WATER,BROOKLYN,Closed
63588962,2025-01-01T14:35:36.000,2025-01-02T11:34:37.000,HPD,HEAT/HOT WATER,BRONX,Closed
63587400,2025-01-01T14:35:41.000,2025-01-02T17:07:49.000,NYPD,Noise - Residential,BRONX,Closed
63592276,2025-01-01T14:35:50.000,2025-01-02T17:02:58.000,NYPD,Noise - Residential,BRONX,Closed
63586557,2025-01-01T14:35:57.000,2025-01-02T20:27:35.000,HPD,HEAT/HOT WATER,BRONX,Closed
63603229,2025-01-01T14:36:00.000,2025-01-02T07:46:00.000,DSNY,Derelict Vehicles,BROOKLYN,Closed
63589731,2025-01-01T14:36:19.000,2025-01-01T14:38:54.000,NYPD,Noise - Residential,QUEENS,Closed
63586944,2025-01-01T14:36:28.000,2025-01-02T17:10:30.000,NYPD,Noise - Residential,BRONX,Closed
63589936,2025-01-01T14:36:28.000,2025-01-01T16:22:24.000,NYPD,Noise - Residential,BRONX,Closed
63593686,2025-01-01T14:36:29.000,2025-01-02T17:12:11.000,NYPD,Noise - Residential,BRONX,Closed
63590041,2025-01-01T14:36:41.000,2025-01-01T15:08:20.000,NYPD,Noise - Residential,QUEENS,Closed
63590045,2025-01-01T14:36:43.000,2025-04-25T00:00:00.000,DOB,Elevator,BROOKLYN,Closed
63590435,2025-01-01T14:37:00.000,2025-01-01T16:25:00.000,DOT,Traffic Signal Condition,BROOKLYN,Closed
63586186,2025-01-01T14:37:06.000,2025-01-02T17:07:56.000,NYPD,Noise - Residential,BRONX,Closed
63588242,2025-01-01T14:37:16.000,2025-01-02T17:10:31.000,NYPD,Noise - Residential,BRONX,Closed
63587805,2025-01-01T14:37:17.000,2025-01-01T16:10:44.000,NYPD,Blocked Driveway,BROOKLYN,Closed
63591734,2025-01-01T14:37:30.000,2025-01-01T14:44:49.000,NYPD,Illegal Parking,QUEENS,Closed
63589581,2025-01-01T14:37:44.000,2025-01-02T17:12:13.000,NYPD,Noise - Residential,BRONX,Closed
63595467,2025-01-01T14:37:57.000,2025-01-01T22:47:38.000,NYPD,Illegal Parking,QUEENS,Closed
63589148,2025-01-01T14:38:00.000,2025-01-02T09:31:00.000,DEP,Water Quality,MANHATTAN,Closed
63593188,2025-01-01T14:38:00.000,2025-01-06T08:50:00.000,DEP,Water System,QUEENS,Closed
63588713,2025-01-01T14:38:00.000,2025-01-02T06:22:00.000,DEP,Water System,STATEN ISLAND,Closed
63585904,2025-01-01T14:38:04.000,2025-01-02T17:10:34.000,NYPD,Noise - Residential,BRONX,Closed
63594901,2025-01-01T14:38:23.000,2025-01-02T17:02:57.000,NYPD,Noise - Residential,BRONX,Closed
63586655,2025-01-01T14:38:36.000,2025-01-03T13:46:10.000,HPD,HEAT/HOT WATER,MANHATTAN,Closed
63591993,2025-01-01T14:38:40.000,2025-01-01T17:17:06.000,NYPD,Illegal Parking,QUEENS,Closed
63586109,2025-01-01T14:38:51.000,2025-01-02T17:04:42.000,NYPD,Noise - Residential,BRONX,Closed
63589161,2025-01-01T14:38:57.000,2025-01-01T19:54:43.000,NYPD,Blocked Driveway,BROOKLYN,Closed
63587079,2025-01-01T14:39:01.000,2025-01-02T17:06:19.000,NYPD,Noise - Residential,BRONX,Closed
63594097,2025-01-01T14:39:14.000,2025-01-12T15:11:29.000,HPD,UNSANITARY CONDITION,BRONX,Closed
63589545,2025-01-01T14:39:40.000,2025-01-02T17:08:54.000,NYPD,Noise - Residential,BRONX,Closed
63587428,2025-01-01T14:39:40.000,2025-01-02T17:04:41.000,NYPD,Noise - Residential,BRONX,Closed
63595240,2025-01-01T14:39:44.000,2025-01-01T16:27:57.000,NYPD,Blocked Driveway,BROOKLYN,Closed
63591594,2025-01-01T14:39:49.000,2025-01-01T17:14:17.000,NYPD,Abandoned Vehicle,QUEENS,Closed
63591177,2025-01-01T14:39:51.000,2025-01-01T15:26:01.000,NYPD,Noise - Residential,MANHATTAN,Closed
63587590,2025-01-01T14:39:52.000,2025-01-01T15:40:42.000,NYPD,Noise - Residential,QUEENS,Closed
63590480,2025-01-01T14:40:02.000,2025-01-01T21:24:12.000,NYPD,Blocked Driveway,QUEENS,Closed
63592956,2025-01-01T14:40:14.000,2025-01-01T14:58:07.000,NYPD,Illegal Parking,BRONX,Closed
63585903,2025-01-01T14:40:17.000,2025-01-02T17:10:30.000,NYPD,Noise - Residential,BRONX,Closed
63595378,2025-01-01T14:40:23.000,2025-01-01T16:01:23.000,DSNY,Vendor Enforcement,MANHATTAN,Closed
63587340,2025-01-01T14:40:26.000,2025-01-02T17:02:57.000,NYPD,Noise - Residential,BRONX,Closed
63607060,2025-01-01T14:40:42.000,2025-01-02T09:10:00.000,DOT,Street Condition,QUEENS,Closed
63587540,2025-01-01T14:40:52.000,2025-01-01T16:18:55.000,NYPD,Noise - Residential,QUEENS,Closed
63592418,2025-01-01T14:40:55.000,2025-01-02T17:07:52.000,NYPD,Noise - Residential,BRONX,Closed
63589433,2025-01-01T14:41:00.000,2025-01-03T14:22:00.000,DEP,Lead,BRONX,Closed
63590730,2025-01-01T14:41:00.000,2025-01-02T11:00:00.000,DEP,Water System,Unspecified,Closed
63605089,2025-01-01T14:41:04.000,2025-01-02T09:25:00.000,DOT,Street Condition,QUEENS,Closed
63586216,2025-01-01T14:41:14.000,2025-01-02T17:07:49.000,NYPD,Noise - Residential,BRONX,Closed
63596012,2025-01-01T14:41:22.000,2025-01-02T09:40:00.000,DOT,Street Condition,QUEENS,Closed
63594617,2025-01-01T14:41:33.000,2025-01-02T17:12:16.000,NYPD,Noise - Residential,BRONX,Closed
63587687,2025-01-01T14:41:44.000,2025-01-02T14:44:08.000,HPD,HEAT/HOT WATER,BRONX,Closed
63589520,2025-01-01T14:42:01.000,2025-01-02T17:02:56.000,NYPD,Noise - Residential,BRONX,Closed
63590724,2025-01-01T14:42:01.000,2025-05-21T15:19:41.000,EDC,Noise - Helicopter,BRONX,Closed
63589693,2025-01-01T14:42:07.000,2025-01-01T21:23:56.000,NYPD,Illegal Parking,QUEENS,Closed
63593458,2025-01-01T14:42:11.000,2025-01-02T17:10:31.000,NYPD,Noise - Residential,BRONX,Closed
63592664,2025-01-01T14:42:15.000,2025-01-02T20:27:35.000,HPD,HEAT/HOT WATER,BRONX,Closed
63590624,2025-01-01T14:42:19.000,2025-01-03T18:12:47.000,HPD,DOOR/WINDOW,BRONX,Closed
63587788,2025-01-01T14:42:19.000,2025-01-03T18:12:47.000,HPD,PAINT/PLASTER,BRONX,Closed
63595265,2025-01-01T14:42:19.000,2025-01-03T18:12:47.000,HPD,UNSANITARY CONDITION,BRONX,Closed
63595264,2025-01-01T14:42:19.000,2025-01-03T18:12:47.000,HPD,UNSANITARY CONDITION,BRONX,Closed
63586824,2025-01-01T14:42:20.000,2025-01-03T18:12:47.000,HPD,PLUMBING,BRONX,Closed
63587826,2025-01-01T14:42:21.000,2025-01-02T01:25:40.000,NYPD,Blocked Driveway,BRONX,Closed
63593892,2025-01-01T14:42:28.000,2025-01-03T19:18:10.000,HPD,HEAT/HOT WATER,MANHATTAN,Closed
63585614,2025-01-01T14:42:32.000,2025-01-03T12:36:00.000,DSNY,Illegal Dumping,BRONX,Closed
63585846,2025-01-01T14:42:49.000,2025-01-02T17:10:31.000,NYPD,Noise - Residential,BRONX,Closed
63590093,2025-01-01T14:42:49.000,2025-01-01T20:27:09.000,NYPD,Non-Emergency Police Matter,MANHATTAN,Closed
63588546,2025-01-01T14:42:50.000,2025-01-02T17:07:49.000,NYPD,Noise - Residential,BRONX,Closed
63594676,2025-01-01T14:43:28.000,2025-01-02T17:10:31.000,NYPD,Noise - Residential,BRONX,Closed
63589451,2025-01-01T14:43:30.000,2025-01-02T11:56:57.000,DSNY,Dirty Condition,QUEENS,Closed
63592880,2025-01-01T14:43:32.000,2025-01-01T18:36:50.000,NYPD,Blocked Driveway,QUEENS,Closed
63586202,2025-01-01T14:43:37.000,2025-01-02T17:12:14.000,NYPD,Noise - Residential,BRONX,Closed
63595286,2025-01-01T14:43:38.000,2025-01-01T20:59:58.000,NYPD,Illegal Parking,QUEENS,Closed
63592911,2025-01-01T14:43:40.000,2025-01-01T20:05:43.000,NYPD,Blocked Driveway,BROOKLYN,Closed
63589555,2025-01-01T14:43:47.000,2025-01-02T05:28:51.000,NYPD,Noise - Residential,QUEENS,Closed
63592258,2025-01-01T14:44:06.000,2025-01-02T17:06:15.000,NYPD,Noise - Residential,BRONX,Closed
63586816,2025-01-01T14:44:17.000,2025-01-01T15:02:35.000,NYPD,Illegal Parking,MANHATTAN,Closed
63593457,2025-01-01T14:44:24.000,2025-01-02T17:10:33.000,NYPD,Noise - Residential,BRONX,Closed
63593762,2025-01-01T14:44:28.000,2025-01-01T16:48:20.000,NYPD,Noise - Residential,BROOKLYN,Closed
63593839,2025-01-01T14:44:36.000,2025-01-01T20:28:19.000,NYPD,Non-Emergency Police Matter,MANHATTAN,Closed
63585766,2025-01-01T14:44:44.000,2025-01-02T17:08:55.000,NYPD,Noise - Residential,BRONX,Closed
63595989,2025-01-01T14:45:00.000,2025-01-02T04:17:00.000,DSNY,Derelict Vehicles,BROOKLYN,Closed
63587408,2025-01-01T14:45:12.000,2025-01-02T17:06:18.000,NYPD,Noise - Residential,BRONX,Closed
63587284,2025-01-01T14:45:22.000,2025-01-02T17:07:56.000,NYPD,Noise - Residential,BRONX,Closed
63595439,2025-01-01T14:45:29.000,2025-01-01T22:32:19.000,NYPD,Illegal Parking,BROOKLYN,Closed
63589116,2025-01-01T14:45:35.000,2025-01-01T22:48:20.000,NYPD,Blocked Driveway,QUEENS,Closed
63592862,2025-01-01T14:45:44.000,2025-01-02T00:00:00.000,DOB,Building/Use,STATEN ISLAND,Closed
63587870,2025-01-01T14:45:51.000,2025-03-02T15:03:30.000,DOHMH,Food Establishment,BROOKLYN,Closed
63586817,2025-01-01T14:45:57.000,2025-01-01T17:22:16.000,NYPD,Illegal Parking,MANHATTAN,Closed
63593525,2025-01-01T14:45:59.000,2025-01-02T17:07:50.000,NYPD,Noise - Residential,BRONX,Closed
63588564,2025-01-01T14:46:00.000,2025-01-02T17:10:32.000,NYPD,Noise - Residential,BRONX,Closed
63595444,2025-01-01T14:46:01.000,2025-01-01T14:54:03.000,NYPD,Illegal Parking,BROOKLYN,Closed
63586514,2025-01-01T14:46:17.000,2025-01-01T16:52:01.000,NYPD,Blocked Driveway,BRONX,Closed
63603315,2025-01-01T14:46:27.000,2025-01-02T13:30:00.000,DOT,Street Condition,BROOKLYN,Closed
63594894,2025-01-01T14:46:38.000,2025-01-02T17:07:55.000,NYPD,Noise - Residential,BRONX,Closed
63589829,2025-01-01T14:46:47.000,2025-01-02T17:12:11.000,NYPD,Noise - Residential,BRONX,Closed
63594328,2025-01-01T14:47:00.000,2025-01-02T07:45:00.000,DEP,Water Quality,MANHATTAN,Closed
63586138,2025-01-01T14:47:16.000,2025-01-02T17:02:58.000,NYPD,Noise - Residential,BRONX,Closed
63593584,2025-01-01T14:47:34.000,2025-01-02T17:04:43.000,NYPD,Noise - Residential,BRONX,Closed
63590688,2025-01-01T14:47:44.000,2025-05-21T15:19:42.000,EDC,Noise - Helicopter,QUEENS,Closed
63589492,2025-01-01T14:47:50.000,2025-01-02T10:07:06.000,TLC,Lost Property,MANHATTAN,Closed
63594461,2025-01-01T14:47:55.000,2025-01-02T17:10:31.000,NYPD,Noise - Residential,BRONX,Closed
63589326,2025-01-01T14:48:14.000,2025-01-13T11:19:18.000,HPD,WATER LEAK,BRONX,Closed
63592809,2025-01-01T14:48:14.000,2025-01-13T11:19:18.000,HPD,PLUMBING,BRONX,Closed
63591825,2025-01-01T14:48:14.000,2025-01-13T11:19:18.000,HPD,ELECTRIC,BRONX,Closed
63588968,2025-01-01T14:48:21.000,2025-01-04T14:07:00.000,HPD,HEAT/HOT WATER,MANHATTAN,Closed
63593106,2025-01-01T14:48:21.000,2025-01-01T20:00:46.000,NYPD,Drug Activity,BRONX,Closed
63588698,2025-01-01T14:48:22.000,2025-01-02T17:12:10.000,NYPD,Noise - Residential,BRONX,Closed
63586625,2025-01-01T14:48:26.000,2025-01-04T10:13:56.000,HPD,HEAT/HOT WATER,MANHATTAN,Closed
63595203,2025-01-01T14:48:28.000,2025-06-02T08:22:45.000,HPD,UNSANITARY CONDITION,BRONX,Closed
63594893,2025-01-01T14:48:33.000,2025-01-02T17:07:56.000,NYPD,Noise - Residential,BRONX,Closed
63603230,2025-01-01T14:49:00.000,2025-01-02T12:39:00.000,DSNY,Derelict Vehicles,BROOKLYN,Closed
63588988,2025-01-01T14:49:04.000,2025-01-01T15:26:16.000,NYPD,Illegal Parking,BROOKLYN,Closed
63589544,2025-01-01T14:49:09.000,2025-01-02T17:08:54.000,NYPD,Noise - Residential,BRONX,Closed
63589766,2025-01-01T14:49:11.000,2025-01-02T17:02:57.000,NYPD,Noise - Residential,BRONX,Closed
63586820,2025-01-01T14:49:21.000,2025-01-02T08:50:24.000,DHS,Homeless Person Assistance,MANHATTAN,Closed
63592771,2025-01-01T14:49:23.000,2025-01-02T10:45:34.000,HPD,HEAT/HOT WATER,BRONX,Closed
63593971,2025-01-01T14:49:25.000,2025-01-04T10:14:23.000,HPD,HEAT/HOT WATER,MANHATTAN,Closed
63588900,2025-01-01T14:49:28.000,2025-01-02T20:07:34.000,HPD,HEAT/HOT WATER,BROOKLYN,Closed
63590622,2025-01-01T14:49:28.000,2025-01-05T15:27:59.000,HPD,DOOR/WINDOW,BROOKLYN,Closed
63589409,2025-01-01T14:49:49.000,2025-01-02T17:10:30.000,NYPD,Noise - Residential,BRONX,Closed
63587886,2025-01-01T14:49:57.000,2025-01-01T22:54:14.000,NYPD,Abandoned Vehicle,QUEENS,Closed
63594638,2025-01-01T14:49:57.000,2025-01-02T17:07:52.000,NYPD,Noise - Residential,BRONX,Closed
63591953,2025-01-01T14:50:09.000,2025-01-06T10:25:23.000,DPR,Damaged Tree,QUEENS,Closed
63607134,2025-01-01T14:50:13.000,2025-01-02T13:55:00.000,DOT,Street Condition,BROOKLYN,Closed
63590832,2025-01-01T14:50:27.000,2025-01-02T17:06:17.000,NYPD,Noise - Residential,BRONX,Closed
63589956,2025-01-01T14:50:45.000,2025-01-02T17:04:41.000,NYPD,Noise - Residential,BRONX,Closed
63590551,2025-01-01T14:51:00.000,2025-02-07T10:20:00.000,DOT,Street Light Condition,QUEENS,Closed
63594688,2025-01-01T14:51:05.000,2025-01-02T17:10:33.000,NYPD,Noise - Residential,BRONX,Closed
63587650,2025-01-01T14:51:19.000,2025-01-04T14:01:31.000,HPD,ELECTRIC,MANHATTAN,Closed
63592642,2025-01-01T14:51:19.000,2025-01-04T14:01:31.000,HPD,ELECTRIC,MANHATTAN,Closed
63591442,2025-01-01T14:51:25.000,2025-01-02T13:25:57.000,HPD,HEAT/HOT WATER,BRONX,Closed
63593619,2025-01-01T14:51:28.000,2025-01-01T15:05:25.000,NYPD,Encampment,MANHATTAN,Closed
63588689,2025-01-01T14:51:28.000,2025-01-01T14:56:42.000,NYPD,Noise - Residential,MANHATTAN,Closed
63586015,2025-01-01T14:51:32.000,2025-01-02T17:06:15.000,NYPD,Noise - Residential,BRONX,Closed
63588161,2025-01-01T14:51:43.000,2025-01-02T17:08:55.000,NYPD,Noise - Residential,BRONX,Closed
63594382,2025-01-01T14:51:46.000,2025-01-10T21:32:08.000,DOHMH,Food Establishment,MANHATTAN,Closed
63590168,2025-01-01T14:51:46.000,2025-01-02T20:27:35.000,HPD,HEAT/HOT WATER,BRONX,Closed
63592663,2025-01-01T14:51:46.000,2025-01-02T20:27:35.000,HPD,HEAT/HOT WATER,BRONX,Closed
63590600,2025-01-01T14:51:51.000,2025-01-16T15:33:44.000,HPD,WATER LEAK,BROOKLYN,Closed
63590236,2025-01-01T14:51:56.000,2025-01-02T19:46:23.000,HPD,HEAT/HOT WATER,BROOKLYN,Closed
63595122,2025-01-01T14:52:00.000,2025-01-02T19:43:40.000,HPD,HEAT/HOT WATER,BRONX,Closed
63587676,2025-01-01T14:52:01.000,2025-01-02T16:09:57.000,HPD,HEAT/HOT WATER,BROOKLYN,Closed
63589690,2025-01-01T14:52:19.000,2025-01-02T13:19:53.000,DSNY,Residential Disposal Complaint,BROOKLYN,Closed
63586086,2025-01-01T14:52:20.000,2025-01-02T17:02:56.000,NYPD,Noise - Residential,BRONX,Closed
63592283,2025-01-01T14:52:21.000,2025-01-02T17:12:11.000,NYPD,Noise - Residential,BRONX,Closed
63593675,2025-01-01T14:52:59.000,2025-01-02T17:07:53.000,NYPD,Noise - Residential,BRONX,Closed
63607132,2025-01-01T14:53:00.000,2025-01-02T23:03:00.000,DSNY,Derelict Vehicles,MANHATTAN,Closed
63592257,2025-01-01T14:53:07.000,2025-01-02T17:06:17.000,NYPD,Noise - Residential,BRONX,Closed
63585653,2025-01-01T14:53:31.000,2025-01-06T13:05:31.000,DPR,Dead/Dying Tree,QUEENS,Closed
63589268,2025-01-01T14:53:36.000,2025-01-01T15:04:12.000,NYPD,Illegal Parking,BROOKLYN,Closed
63594675,2025-01-01T14:53:38.000,2025-01-02T17:10:33.000,NYPD,Noise - Residential,BRONX,Closed
63588105,2025-01-01T14:53:48.000,2025-01-04T12:27:00.000,DSNY,Dirty Condition,QUEENS,Closed
63587407,2025-01-01T14:53:55.000,2025-01-02T17:06:20.000,NYPD,Noise - Residential,BRONX,Closed
63591905,2025-01-01T14:54:16.000,2025-01-02T17:08:55.000,NYPD,Noise - Residential,BRONX,Closed
63590147,2025-01-01T14:54:25.000,2025-01-02T16:26:39.000,HPD,HEAT/HOT WATER,BROOKLYN,Closed
63591425,2025-01-01T14:54:33.000,2025-01-02T08:03:45.000,HPD,HEAT/HOT WATER,BROOKLYN,Closed
63590876,2025-01-01T14:54:42.000,2025-01-02T17:02:57.000,NYPD,Noise - Residential,BRONX,Closed
63586837,2025-01-01T14:54:49.000,2025-01-06T17:05:17.000,HPD,UNSANITARY CONDITION,BRONX,Closed
63595277,2025-01-01T14:54:49.000,2025-01-06T17:05:16.000,HPD,UNSANITARY CONDITION,BRONX,Closed
63591235,2025-01-01T14:54:54.000,2025-01-02T17:12:14.000,NYPD,Noise - Residential,BRONX,Closed
63590493,2025-01-01T14:54:56.000,2025-01-01T16:01:23.000,DSNY,Vendor Enforcement,MANHATTAN,Closed
63595349,2025-01-01T14:55:06.000,2025-01-01T15:12:25.000,NYPD,Illegal Parking,BROOKLYN,Closed
63587898,2025-01-01T14:55:24.000,2025-01-01T15:05:52.000,NYPD,Illegal Parking,MANHATTAN,Closed
63589850,2025-01-01T14:55:30.000,2025-01-02T17:12:13.000,NYPD,Noise - Residential,BRONX,Closed
63590831,2025-01-01T14:55:32.000,2025-01-02T17:06:19.000,NYPD,Noise - Residential,BRONX,Closed
63588849,2025-01-01T14:55:58.000,2025-01-01T18:44:37.000,NYPD,Noise - Street/Sidewalk,QUEENS,Closed
63590066,2025-01-01T14:56:05.000,2025-01-01T18:12:13.000,NYPD,Noise - Street/Sidewalk,BROOKLYN,Closed
63592135,2025-01-01T14:56:10.000,2025-01-02T17:08:54.000,NYPD,Noise - Residential,BRONX,Closed
63587316,2025-01-01T14:56:17.000,2025-01-02T17:04:41.000,NYPD,Noise - Residential,BRONX,Closed
63595488,2025-01-01T14:56:35.000,2025-01-01T16:01:24.000,DSNY,Vendor Enforcement,MANHATTAN,Closed
63588079,2025-01-01T14:56:36.000,2025-01-01T16:11:18.000,NYPD,Drug Activity,QUEENS,Closed
63595508,2025-01-01T14:56:39.000,2025-01-01T16:11:07.000,NYPD,Drug Activity,QUEENS,Closed
63589303,2025-01-01T14:56:44.000,2025-01-01T16:10:57.000,NYPD,Drug Activity,QUEENS,Closed
63593104,2025-01-01T14:56:47.000,2025-01-01T16:10:48.000,NYPD,Drug Activity,QUEENS,Closed
63589973,2025-01-01T14:56:48.000,2025-01-02T17:02:58.000,NYPD,Noise - Residential,BRONX,Closed
63594149,2025-01-01T14:56:59.000,2025-01-01T22:48:39.000,NYPD,Illegal Parking,QUEENS,Closed
63594892,2025-01-01T14:57:05.000,2025-01-02T17:07:54.000,NYPD,Noise - Residential,BRONX,Closed
63591739,2025-01-01T14:57:06.000,2025-01-01T16:12:20.000,NYPD,Illegal Parking,QUEENS,Closed
63594584,2025-01-01T14:57:14.000,2025-03-02T15:03:32.000,DOHMH,Food Establishment,BROOKLYN,Closed
63591379,2025-01-01T14:57:26.000,2025-03-10T15:49:49.000,HPD,GENERAL,MANHATTAN,Closed
63589408,2025-01-01T14:57:26.000,2025-01-02T17:10:31.000,NYPD,Noise - Residential,BRONX,Closed
63591508,2025-01-01T14:57:26.000,2025-01-02T19:20:30.000,HPD,HEAT/HOT WATER,MANHATTAN,Closed
63586577,2025-01-01T14:57:26.000,2025-01-01T22:26:25.000,HPD,HEAT/HOT WATER,BRONX,Closed
63588970,2025-01-01T14:57:43.000,2025-01-02T19:58:57.000,HPD,HEAT/HOT WATER,QUEENS,Closed
63591545,2025-01-01T14:57:46.000,2025-05-30T00:00:00.000,DOB,Plumbing,BROOKLYN,Closed
63594152,2025-01-01T14:57:47.000,2025-12-18T00:00:00.000,DOB,Building/Use,QUEENS,Closed
63593872,2025-01-01T14:57:50.000,2025-04-30T17:00:24.000,HPD,DOOR/WINDOW,BRONX,Closed
63589765,2025-01-01T14:57:52.000,2025-01-02T17:03:02.000,NYPD,Noise - Residential,BRONX,Closed
63595098,2025-01-01T14:57:57.000,2025-01-03T13:05:51.000,HPD,HEAT/HOT WATER,BRONX,Closed
63595199,2025-01-01T14:57:57.000,2025-01-03T13:05:51.000,HPD,HEAT/HOT WATER,BRONX,Closed
63585831,2025-01-01T14:58:04.000,2025-01-02T17:08:54.000,NYPD,Noise - Residential,BRONX,Closed
63592529,2025-01-01T14:58:04.000,2025-01-01T15:09:36.000,NYPD,Noise - Residential,BRONX,Closed
63595476,2025-01-01T14:58:08.000,2025-01-01T16:45:36.000,NYPD,Illegal Parking,BRONX,Closed
63595336,2025-01-01T14:58:22.000,2025-01-01T16:01:25.000,DSNY,Vendor Enforcement,MANHATTAN,Closed
63589921,2025-01-01T14:58:40.000,2025-01-02T17:06:16.000,NYPD,Noise - Residential,BRONX,Closed
63591667,2025-01-01T14:58:42.000,2025-01-04T10:27:20.000,DSNY,Illegal Dumping,QUEENS,Closed
63589749,2025-01-01T14:58:43.000,2025-01-02T17:04:43.000,NYPD,Noise - Residential,BRONX,Closed
63586813,2025-01-01T14:58:46.000,2025-01-01T19:32:19.000,NYPD,Drug Activity,QUEENS,Closed
63591091,2025-01-01T14:58:58.000,2025-01-01T15:09:18.000,NYPD,Noise - Residential,BRONX,Closed
63595447,2025-01-01T14:59:04.000,2025-01-01T15:10:50.000,NYPD,Illegal Parking,BROOKLYN,Closed
63588559,2025-01-01T14:59:21.000,2025-01-02T17:12:14.000,NYPD,Noise - Residential,BRONX,Closed
63592246,2025-01-01T14:59:27.000,2025-01-02T17:07:56.000,NYPD,Noise - Residential,BRONX,Closed
63586418,2025-01-01T14:59:31.000,2025-01-01T17:05:53.000,NYPD,Noise - Street/Sidewalk,MANHATTAN,Closed
63589355,2025-01-01T14:59:39.000,2025-01-08T14:40:47.000,DOT,Curb Condition,BROOKLYN,Closed
63587859,2025-01-01T14:59:51.000,2025-01-01T18:25:08.000,NYPD,Blocked Driveway,QUEENS,Closed
63590421,2025-01-01T14:59:56.000,2025-01-02T12:23:19.000,DCWP,Consumer Complaint,QUEENS,Closed
63594621,2025-01-01T14:59:59.000,2025-01-02T17:07:50.000,NYPD,Noise - Residential,BRONX,Closed
63592503,2025-01-01T15:00:00.000,2025-01-01T15:09:54.000,NYPD,Noise - Residential,BRONX,Closed
63594900,2025-01-01T15:00:15.000,2025-01-02T17:02:57.000,NYPD,Noise - Residential,BRONX,Closed
63591968,2025-01-01T15:00:37.000,2025-01-02T17:10:32.000,NYPD,Noise - Residential,BRONX,Closed
63593974,2025-01-01T15:00:57.000,2025-01-02T19:46:24.000,HPD,HEAT/HOT WATER,BROOKLYN,Closed
63593891,2025-01-01T15:00:58.000,2025-01-02T14:07:27.000,HPD,HEAT/HOT WATER,QUEENS,Closed
63589016,2025-01-01T15:00:59.000,2025-01-02T20:34:05.000,HPD,HEAT/HOT WATER,BRONX,Closed
63592237,2025-01-01T15:01:03.000,2025-01-02T17:04:44.000,NYPD,Noise - Residential,BRONX,Closed
63593259,2025-01-01T15:01:04.000,2025-01-01T15:28:44.000,NYPD,Illegal Parking,MANHATTAN,Closed
63593674,2025-01-01T15:01:15.000,2025-01-02T17:07:56.000,NYPD,Noise - Residential,BRONX,Closed
63590754,2025-01-01T15:01:19.000,2025-01-07T10:45:13.000,DSNY,Illegal Dumping,BRONX,Closed
63593583,2025-01-01T15:01:50.000,2025-01-02T17:04:44.000,NYPD,Noise - Residential,BRONX,Closed
63587309,2025-01-01T15:01:53.000,2025-01-02T17:04:42.000,NYPD,Noise - Residential,BRONX,Closed
63585635,2025-01-01T15:02:00.000,2025-01-03T14:22:00.000,DEP,Lead,BRONX,Closed
63587957,2025-01-01T15:02:02.000,2025-01-01T17:23:47.000,NYPD,Blocked Driveway,BROOKLYN,Closed
63588747,2025-01-01T15:02:02.000,2025-01-01T15:03:39.000,NYPD,Noise - Residential,BROOKLYN,Closed
63586644,2025-01-01T15:02:12.000,2025-01-02T10:45:34.000,HPD,HEAT/HOT WATER,BRONX,Closed
63590427,2025-01-01T15:02:15.000,2025-01-01T18:39:38.000,NYPD,Illegal Parking,QUEENS,Closed
63588470,2025-01-01T15:02:31.000,2025-01-02T17:04:40.000,NYPD,Noise - Residential,BRONX,Closed
63587621,2025-01-01T15:02:35.000,2025-01-01T15:10:09.000,NYPD,Noise - Residential,BRONX,Closed
63594667,2025-01-01T15:02:38.000,2025-01-02T17:08:54.000,NYPD,Noise - Residential,BRONX,Closed
63589051,2025-01-01T15:02:39.000,2025-01-02T07:51:57.000,NYPD,Abandoned Vehicle,QUEENS,Closed
63592946,2025-01-01T15:02:48.000,2025-01-01T16:45:27.000,NYPD,Illegal Parking,BROOKLYN,Closed
63586659,2025-01-01T15:02:51.000,2025-01-01T17:01:28.000,DSNY,Vendor Enforcement,MANHATTAN,Closed
63591677,2025-01-01T15:03:00.000,2025-01-01T17:00:00.000,DOT,Traffic Signal Condition,BROOKLYN,Closed
63589920,2025-01-01T15:03:10.000,2025-01-02T17:06:19.000,NYPD,Noise - Residential,BRONX,Closed
63589764,2025-01-01T15:03:25.000,2025-01-02T17:02:57.000,NYPD,Noise - Residential,BRONX,Closed
63589442,2025-01-01T15:03:47.000,2025-01-03T06:05:01.000,DSNY,Dirty Condition,BROOKLYN,Closed
63587078,2025-01-01T15:03:48.000,2025-01-02T17:06:19.000,NYPD,Noise - Residential,BRONX,Closed
63599749,2025-01-01T15:04:00.000,2025-01-02T07:51:00.000,DSNY,Derelict Vehicles,BRONX,Closed
63588131,2025-01-01T15:04:02.000,2025-01-03T18:29:16.000,HPD,DOOR/WINDOW,BRONX,Closed
63588922,2025-01-01T15:04:02.000,2025-01-03T18:29:16.000,HPD,HEAT/HOT WATER,BRONX,Closed
63591458,2025-01-01T15:04:03.000,2025-01-02T18:39:53.000,HPD,HEAT/HOT WATER,MANHATTAN,Closed
63592732,2025-01-01T15:04:06.000,2025-01-02T21:35:44.000,HPD,HEAT/HOT WATER,BROOKLYN,Closed
63589108,2025-01-01T15:04:10.000,2025-01-01T18:42:36.000,NYPD,Illegal Parking,QUEENS,Closed
63587848,2025-01-01T15:04:10.000,2025-01-01T16:45:57.000,NYPD,Blocked Driveway,QUEENS,Closed
63594543,2025-01-01T15:04:13.000,2025-01-02T17:04:42.000,NYPD,Noise - Residential,BRONX,Closed
63586196,2025-01-01T15:04:17.000,2025-01-02T01:23:04.000,NYPD,Blocked Driveway,QUEENS,Closed
63593181,2025-01-01T15:04:21.000,2025-01-01T15:04:21.000,DOHMH,Rodent,QUEENS,Closed
63589763,2025-01-01T15:04:26.000,2025-01-02T17:02:57.000,NYPD,Noise - Residential,BRONX,Closed
63595417,2025-01-01T15:04:40.000,2025-01-01T15:49:02.000,NYPD,Illegal Parking,MANHATTAN,Closed
63590418,2025-01-01T15:04:40.000,2025-01-01T17:01:29.000,DSNY,Vendor Enforcement,MANHATTAN,Closed
63595849,2025-01-01T15:05:00.000,2025-01-02T07:50:00.000,DSNY,Derelict Vehicles,BRONX,Closed
63589743,2025-01-01T15:05:00.000,2025-01-02T17:06:16.000,NYPD,Noise - Residential,BRONX,Closed
63586989,2025-01-01T15:05:03.000,2025-01-02T20:36:10.000,DSNY,Dirty Condition,BROOKLYN,Closed
63594572,2025-01-01T15:05:04.000,2025-01-02T17:02:56.000,NYPD,Noise - Residential,BRONX,Closed
63588108,2025-01-01T15:05:11.000,2025-01-04T10:17:50.000,DSNY,Illegal Dumping,QUEENS,Closed
63590658,2025-01-01T15:05:39.000,2025-01-02T20:32:15.000,DSNY,Dirty Condition,BROOKLYN,Closed
63585765,2025-01-01T15:05:42.000,2025-01-02T17:08:54.000,NYPD,Noise - Residential,BRONX,Closed
63594353,2025-01-01T15:05:47.000,2025-01-01T15:20:33.000,NYPD,Illegal Parking,QUEENS,Closed
63589720,2025-01-01T15:05:48.000,2025-01-02T17:06:17.000,NYPD,Noise - Residential,BRONX,Closed
63587961,2025-01-01T15:05:51.000,2025-01-01T16:35:22.000,NYPD,Illegal Parking,MANHATTAN,Closed
63587911,2025-01-01T15:06:07.000,2025-01-01T15:10:46.000,NYPD,Illegal Parking,BROOKLYN,Closed
63589724,2025-01-01T15:06:08.000,2025-01-01T15:06:08.000,DOHMH,Rodent,BROOKLYN,Closed
63588558,2025-01-01T15:06:20.000,2025-01-02T17:12:14.000,NYPD,Noise - Residential,BRONX,Closed
63594641,2025-01-01T15:06:27.000,2025-01-02T07:30:37.000,DOT,Street Sign - Damaged,BROOKLYN,Closed
63593644,2025-01-01T15:06:35.000,2025-01-02T17:04:47.000,NYPD,Noise - Residential,BRONX,Closed
63585607,2025-01-01T15:06:50.000,2025-01-02T07:21:25.000,DSNY,Dirty Condition,BROOKLYN,Closed
63586108,2025-01-01T15:06:58.000,2025-01-02T17:04:43.000,NYPD,Noise - Residential,BRONX,Closed
63586645,2025-01-01T15:07:00.000,2025-01-04T11:05:18.000,HPD,HEAT/HOT WATER,MANHATTAN,Closed
63587562,2025-01-01T15:07:05.000,2025-01-01T16:20:30.000,NYPD,Noise - Residential,BRONX,Closed
63587557,2025-01-01T15:07:18.000,2025-01-01T15:48:10.000,NYPD,Noise - Street/Sidewalk,MANHATTAN,Closed
63586836,2025-01-01T15:07:20.000,2025-03-31T21:00:14.000,HPD,PLUMBING,BRONX,Closed
63588375,2025-01-01T15:07:23.000,2025-01-02T17:06:21.000,NYPD,Noise - Residential,BRONX,Closed
63587308,2025-01-01T15:07:36.000,2025-01-02T17:04:41.000,NYPD,Noise - Residential,BRONX,Closed
63588981,2025-01-01T15:07:45.000,2025-01-02T16:50:16.000,HPD,HEAT/HOT WATER,BRONX,Closed
63591965,2025-01-01T15:08:11.000,2025-01-02T17:08:54.000,NYPD,Noise - Residential,BRONX,Closed
63587495,2025-01-01T15:08:15.000,2025-01-02T17:12:13.000,NYPD,Noise - Residential,BRONX,Closed
63593150,2025-01-01T15:08:18.000,2025-01-02T06:53:51.000,DSNY,Dirty Condition,MANHATTAN,Closed
63591672,2025-01-01T15:08:24.000,2025-01-02T14:31:34.000,DSNY,Dirty Condition,STATEN ISLAND,Closed
63587983,2025-01-01T15:08:45.000,2025-01-04T15:18:07.000,DSNY,Dead Animal,BROOKLYN,Closed
63587996,2025-01-01T15:08:54.000,2025-01-01T18:24:31.000,NYPD,Illegal Parking,BRONX,Closed
63594542,2025-01-01T15:08:54.000,2025-01-02T17:04:40.000,NYPD,Noise - Residential,BRONX,Closed
63585657,2025-01-01T15:08:59.000,2025-01-02T12:53:43.000,DSNY,Residential Disposal Complaint,QUEENS,Closed
63592202,2025-01-01T15:08:59.000,2025-01-02T17:06:25.000,NYPD,Noise - Residential,BRONX,Closed
63592976,2025-01-01T15:09:03.000,2025-01-01T16:49:08.000,NYPD,Illegal Parking,QUEENS,Closed
63585593,2025-01-01T15:09:21.000,2025-01-03T11:28:56.000,DSNY,Dirty Condition,QUEENS,Closed
63590882,2025-01-01T15:09:31.000,2025-01-02T17:08:54.000,NYPD,Noise - Residential,BRONX,Closed
63586465,2025-01-01T15:09:36.000,2025-01-01T17:20:19.000,NYPD,Blocked Driveway,QUEENS,Closed
63593218,2025-01-01T15:09:38.000,2025-01-02T06:52:04.000,DSNY,Dirty Condition,MANHATTAN,Closed
63593439,2025-01-01T15:09:46.000,2025-01-02T17:02:58.000,NYPD,Noise - Residential,BRONX,Closed
63589001,2025-01-01T15:10:00.000,2025-01-02T07:53:05.000,NYPD,Abandoned Vehicle,QUEENS,Closed
63595189,2025-01-01T15:10:07.000,2025-01-02T19:57:40.000,HPD,HEAT/HOT WATER,BROOKLYN,Closed
63586636,2025-01-01T15:10:07.000,2025-01-02T19:32:44.000,HPD,HEAT/HOT WATER,BROOKLYN,Closed
63594891,2025-01-01T15:10:09.000,2025-01-02T17:07:51.000,NYPD,Noise - Residential,BRONX,Closed
63593904,2025-01-01T15:10:09.000,2025-01-03T16:20:12.000,HPD,HEAT/HOT WATER,QUEENS,Closed
63591994,2025-01-01T15:10:11.000,2025-01-02T04:49:47.000,NYPD,Illegal Parking,QUEENS,Closed
63592750,2025-01-01T15:10:15.000,2025-01-02T16:50:52.000,HPD,HEAT/HOT WATER,BRONX,Closed
63595290,2025-01-01T15:10:18.000,2025-03-01T17:23:50.000,HPD,UNSANITARY CONDITION,BROOKLYN,Closed
63593988,2025-01-01T15:10:18.000,2025-03-01T17:42:15.000,HPD,PLUMBING,BROOKLYN,Closed
63591488,2025-01-01T15:10:27.000,2025-01-02T19:32:44.000,HPD,HEAT/HOT WATER,BROOKLYN,Closed
63590278,2025-01-01T15:10:32.000,2025-01-02T04:55:42.000,NYPD,Blocked Driveway,QUEENS,Closed
63587003,2025-01-01T15:10:33.000,2025-01-02T17:08:55.000,NYPD,Noise - Residential,BRONX,Closed
63588374,2025-01-01T15:10:47.000,2025-01-02T17:06:20.000,NYPD,Noise - Residential,BRONX,Closed
63587567,2025-01-01T15:10:54.000,2025-01-01T18:10:24.000,NYPD,Noise - Residential,BROOKLYN,Closed
63591252,2025-01-01T15:11:01.000,2025-01-01T16:39:28.000,NYPD,Noise - Residential,BROOKLYN,Closed
63590659,2025-01-01T15:11:08.000,2025-01-03T11:36:40.000,DSNY,Dirty Condition,BROOKLYN,Closed
63591599,2025-01-01T15:11:09.000,2025-01-01T16:49:24.000,NYPD,Blocked Driveway,QUEENS,Closed
63590128,2025-01-01T15:11:20.000,2025-01-01T16:03:20.000,NYPD,Non-Emergency Police Matter,BRONX,Closed
63592124,2025-01-01T15:11:21.000,2025-01-02T17:10:33.000,NYPD,Noise - Residential,BRONX,Closed
63588712,2025-01-01T15:11:25.000,2025-01-02T17:07:54.000,NYPD,Noise - Residential,BRONX,Closed
63591303,2025-01-01T15:11:28.000,2025-01-01T20:39:50.000,NYPD,Noise - Residential,BROOKLYN,Closed
63587289,2025-01-01T15:11:32.000,2025-01-02T01:26:26.000,NYPD,Non-Emergency Police Matter,BRONX,Closed
63593252,2025-01-01T15:11:40.000,2025-01-01T15:11:40.000,DOHMH,Rodent,MANHATTAN,Closed
63590340,2025-01-01T15:11:44.000,2025-01-01T17:45:39.000,NYPD,Blocked Driveway,QUEENS,Closed
63592321,2025-01-01T15:12:03.000,2025-01-02T17:12:17.000,NYPD,Noise - Residential,BRONX,Closed
63590940,2025-01-01T15:12:08.000,2025-01-02T17:06:18.000,NYPD,Noise - Residential,BRONX,Closed
63590449,2025-01-01T15:12:39.000,2025-01-01T16:15:25.000,NYPD,Illegal Parking,MANHATTAN,Closed
63585761,2025-01-01T15:12:41.000,2025-01-02T17:08:54.000,NYPD,Noise - Residential,BRONX,Closed
63589060,2025-01-01T15:12:49.000,2025-01-07T00:00:00.000,DOB,Boilers,BROOKLYN,Closed
63585595,2025-01-01T15:12:53.000,2025-01-02T12:53:48.000,DSNY,Residential Disposal Complaint,QUEENS,Closed
63587938,2025-01-01T15:12:55.000,2025-01-01T17:44:41.000,NYPD,Illegal Parking,MANHATTAN,Closed
63593195,2025-01-01T15:12:55.000,2025-01-02T05:50:46.000,NYPD,Illegal Parking,QUEENS,Closed
63587170,2025-01-01T15:12:56.000,2025-01-02T17:08:54.000,NYPD,Noise - Residential,BRONX,Closed
63592471,2025-01-01T15:13:09.000,2025-01-01T16:18:32.000,NYPD,Noise - Residential,BRONX,Closed
63589043,2025-01-01T15:13:17.000,2025-01-01T17:50:22.000,NYPD,Illegal Parking,QUEENS,Closed
63589407,2025-01-01T15:13:20.000,2025-01-02T17:10:31.000,NYPD,Noise - Residential,BRONX,Closed
63587475,2025-01-01T15:13:22.000,2025-01-01T16:32:49.000,NYPD,Noise - Residential,BROOKLYN,Closed
63589253,2025-01-01T15:13:28.000,2025-01-03T19:53:35.000,HPD,PLUMBING,QUEENS,Closed
63593989,2025-01-01T15:13:28.000,2025-01-03T19:53:35.000,HPD,PLUMBING,QUEENS,Closed
63593061,2025-01-01T15:13:34.000,2025-01-01T17:18:14.000,NYPD,Illegal Parking,MANHATTAN,Closed
63590189,2025-01-01T15:13:34.000,2025-01-02T13:10:55.000,HPD,HEAT/HOT WATER,BROOKLYN,Closed
63591833,2025-01-01T15:13:35.000,2026-01-02T11:25:00.000,DOT,Street Condition,MANHATTAN,Closed
63587058,2025-01-01T15:13:44.000,2025-01-02T17:08:56.000,NYPD,Noise - Residential,BRONX,Closed
63589772,2025-01-01T15:13:47.000,2025-01-01T19:47:51.000,NYPD,Noise - Residential,BROOKLYN,Closed
63592393,2025-01-01T15:13:58.000,2025-01-02T17:07:57.000,NYPD,Noise - Residential,BRONX,Closed
63585850,2025-01-01T15:14:00.000,2025-01-01T16:00:00.000,DEP,Sewer,STATEN ISLAND,Closed
63586609,2025-01-01T15:14:01.000,2025-01-04T10:12:57.000,HPD,HEAT/HOT WATER,MANHATTAN,Closed
63591497,2025-01-01T15:14:04.000,2025-01-06T00:42:58.000,HPD,PAINT/PLASTER,BRONX,Closed
63589067,2025-01-01T15:14:04.000,2025-01-06T00:42:58.000,HPD,PAINT/PLASTER,BRONX,Closed
63590620,2025-01-01T15:14:04.000,2025-01-06T00:42:57.000,HPD,WATER LEAK,BRONX,Closed
63586845,2025-01-01T15:14:04.000,2025-01-06T00:42:57.000,HPD,UNSANITARY CONDITION,BRONX,Closed
63591523,2025-01-01T15:14:04.000,2025-01-06T00:42:57.000,HPD,PAINT/PLASTER,BRONX,Closed
63595315,2025-01-01T15:14:04.000,2025-01-06T00:42:57.000,HPD,WATER LEAK,BRONX,Closed
63588883,2025-01-01T15:14:05.000,2025-01-02T13:14:34.000,HPD,HEAT/HOT WATER,BRONX,Closed
63589735,2025-01-01T15:14:25.000,2025-01-01T16:47:55.000,NYPD,Noise - Residential,BROOKLYN,Closed
63589583,2025-01-01T15:14:31.000,2025-01-02T17:12:13.000,NYPD,Noise - Residential,BRONX,Closed
63586872,2025-01-01T15:14:34.000,2025-01-01T16:15:46.000,NYPD,Illegal Parking,MANHATTAN,Closed
63586105,2025-01-01T15:14:36.000,2025-01-02T17:04:44.000,NYPD,Noise - Residential,BRONX,Closed
63588633,2025-01-01T15:14:39.000,2025-01-01T16:53:22.000,NYPD,Noise - Residential,MANHATTAN,Closed
63592466,2025-01-01T15:14:53.000,2025-01-01T16:15:20.000,NYPD,Noise - Residential,BRONX,Closed
63589277,2025-01-01T15:15:07.000,2025-01-01T15:31:28.000,NYPD,Illegal Parking,BROOKLYN,Closed
63587322,2025-01-01T15:15:14.000,2025-01-02T17:02:56.000,NYPD,Noise - Residential,BRONX,Closed
63586929,2025-01-01T15:15:19.000,2025-01-02T17:10:33.000,NYPD,Noise - Residential,BRONX,Closed
63594842,2025-01-01T15:15:37.000,2025-01-01T16:24:03.000,NYPD,Noise - Residential,MANHATTAN,Closed
63595220,2025-01-01T15:15:48.000,2025-01-01T18:06:37.000,NYPD,Abandoned Vehicle,BRONX,Closed
63586436,2025-01-01T15:15:49.000,2025-06-04T00:00:00.000,DOB,Elevator,MANHATTAN,Closed
63593431,2025-01-01T15:15:52.000,2025-01-02T17:10:32.000,NYPD,Noise - Residential,BRONX,Closed
63603298,2025-01-01T15:16:00.000,2025-01-02T09:30:00.000,DSNY,Derelict Vehicles,STATEN ISLAND,Closed
63592417,2025-01-01T15:16:06.000,2025-01-02T17:07:50.000,NYPD,Noise - Residential,BRONX,Closed
63591718,2025-01-01T15:16:12.000,2025-01-01T22:16:56.000,NYPD,Illegal Parking,QUEENS,Closed
63591848,2025-01-01T15:16:27.000,2025-01-03T12:55:05.000,DSNY,Illegal Dumping,BRONX,Closed
63586822,2025-01-01T15:16:30.000,2025-01-13T07:20:14.000,HPD,PLUMBING,BROOKLYN,Closed
63588076,2025-01-01T15:16:30.000,2025-01-13T07:20:14.000,HPD,UNSANITARY CONDITION,BROOKLYN,Closed
63589406,2025-01-01T15:16:30.000,2025-01-02T17:10:31.000,NYPD,Noise - Residential,BRONX,Closed
63589639,2025-01-01T15:16:30.000,2025-01-01T15:16:30.000,HPD,GENERAL,BROOKLYN,Closed
63587694,2025-01-01T15:16:32.000,2025-01-02T14:44:36.000,HPD,HEAT/HOT WATER,MANHATTAN,Closed
63587799,2025-01-01T15:16:41.000,2025-01-02T20:52:31.000,HPD,HEAT/HOT WATER,STATEN ISLAND,Closed
63595208,2025-01-01T15:16:44.000,2025-01-02T13:33:11.000,HPD,PAINT/PLASTER,BRONX,Closed
63589532,2025-01-01T15:16:54.000,2025-01-02T17:08:57.000,NYPD,Noise - Residential,BRONX,Closed
63590761,2025-01-01T15:17:00.000,2025-01-03T21:20:00.000,DEP,Water System,BROOKLYN,Closed
63586788,2025-01-01T15:17:05.000,2025-01-01T19:31:33.000,NYPD,Illegal Parking,BROOKLYN,Closed
63587261,2025-01-01T15:17:08.000,2025-01-02T17:06:16.000,NYPD,Noise - Residential,BRONX,Closed
63589335,2025-01-01T15:17:21.000,2025-01-02T12:01:29.000,DSNY,Dirty Condition,QUEENS,Closed
63588478,2025-01-01T15:17:41.000,2025-01-02T17:07:53.000,NYPD,Noise - Residential,BRONX,Closed
63586014,2025-01-01T15:17:46.000,2025-01-02T17:06:21.000,NYPD,Noise - Residential,BRONX,Closed
63585672,2025-01-01T15:18:18.000,2025-01-03T14:34:54.000,DPR,Damaged Tree,QUEENS,Closed
63591122,2025-01-01T15:18:25.000,2025-01-02T17:12:14.000,NYPD,Noise - Residential,BRONX,Closed
63592139,2025-01-01T15:18:29.000,2025-01-02T17:04:43.000,NYPD,Noise - Residential,BRONX,Closed
63587829,2025-01-01T15:18:32.000,2025-01-07T09:23:50.000,DOT,Broken Parking Meter,BROOKLYN,Closed
63594300,2025-01-01T15:18:50.000,2025-01-01T16:06:03.000,NYPD,Illegal Parking,MANHATTAN,Closed
63594780,2025-01-01T15:18:59.000,2025-01-01T16:19:05.000,NYPD,Noise - Residential,BRONX,Closed
63591039,2025-01-01T15:19:03.000,2025-01-02T17:12:13.000,NYPD,Noise - Residential,BRONX,Closed
63587908,2025-01-01T15:19:06.000,2025-01-01T18:12:44.000,NYPD,Illegal Parking,BROOKLYN,Closed
63588366,2025-01-01T15:19:16.000,2025-01-02T17:04:41.000,NYPD,Noise - Residential,BRONX,Closed
63587820,2025-01-01T15:19:33.000,2025-01-01T16:19:01.000,NYPD,Abandoned Vehicle,BRONX,Closed
63586602,2025-01-01T15:19:34.000,2025-01-02T16:06:42.000,HPD,HEAT/HOT WATER,BROOKLYN,Closed
63588090,2025-01-01T15:19:34.000,2025-01-03T09:21:41.000,HPD,UNSANITARY CONDITION,BROOKLYN,Closed
63595185,2025-01-01T15:19:35.000,2025-01-02T00:11:05.000,HPD,HEAT/HOT WATER,MANHATTAN,Closed
63592770,2025-01-01T15:19:38.000,2025-01-02T18:20:36.000,HPD,HEAT/HOT WATER,BRONX,Closed
63587384,2025-01-01T15:19:41.000,2025-01-02T17:07:50.000,NYPD,Noise - Residential,BRONX,Closed
63586589,2025-01-01T15:19:48.000,2025-01-03T18:29:17.000,HPD,HEAT/HOT WATER,BRONX,Closed
63590515,2025-01-01T15:19:50.000,2025-01-01T16:27:01.000,NYPD,Illegal Parking,QUEENS,Closed
63605160,2025-01-01T15:20:00.000,2025-01-02T05:07:00.000,DSNY,Derelict Vehicles,BRONX,Closed
63592909,2025-01-01T15:20:01.000,2025-01-01T17:52:05.000,NYPD,Blocked Driveway,QUEENS,Closed
63586721,2025-01-01T15:20:02.000,2025-01-04T13:18:06.000,DSNY,Dirty Condition,BROOKLYN,Closed
63589719,2025-01-01T15:20:04.000,2025-01-02T17:06:17.000,NYPD,Noise - Residential,BRONX,Closed
63588488,2025-01-01T15:20:19.000,2025-01-02T17:12:11.000,NYPD,Noise - Residential,BRONX,Closed
63588373,2025-01-01T15:20:52.000,2025-01-02T17:06:23.000,NYPD,Noise - Residential,BRONX,Closed
63589955,2025-01-01T15:20:57.000,2025-01-02T17:04:40.000,NYPD,Noise - Residential,BRONX,Closed
63588575,2025-01-01T15:21:13.000,2025-01-01T16:18:38.000,NYPD,Noise - Residential,QUEENS,Closed
63587611,2025-01-01T15:21:18.000,2025-01-01T15:52:15.000,NYPD,Panhandling,MANHATTAN,Closed
63595408,2025-01-01T15:21:26.000,2025-01-01T17:49:39.000,NYPD,Blocked Driveway,QUEENS,Closed
63589450,2025-01-01T15:21:32.000,2025-01-02T04:58:53.000,DSNY,Dirty Condition,QUEENS,Closed
63585647,2025-01-01T15:21:34.000,2025-01-01T17:51:03.000,NYPD,Illegal Parking,BRONX,Closed
63591134,2025-01-01T15:21:35.000,2025-01-02T17:07:58.000,NYPD,Noise - Residential,BRONX,Closed
63591060,2025-01-01T15:21:39.000,2025-01-02T17:10:31.000,NYPD,Noise - Residential,BRONX,Closed
63593203,2025-01-01T15:21:44.000,2025-01-02T05:38:35.000,NYPD,Illegal Parking,QUEENS,Closed
63588621,2025-01-01T15:22:13.000,2025-01-02T17:06:16.000,NYPD,Noise - Residential,BRONX,Closed
63589531,2025-01-01T15:22:27.000,2025-01-02T17:08:56.000,NYPD,Noise - Residential,BRONX,Closed
63587425,2025-01-01T15:22:27.000,2025-01-01T17:06:51.000,NYPD,Noise - Residential,MANHATTAN,Closed
63586590,2025-01-01T15:22:34.000,2025-01-02T13:45:11.000,HPD,HEAT/HOT WATER,BRONX,Closed
63586624,2025-01-01T15:22:34.000,2025-01-02T00:11:05.000,HPD,HEAT/HOT WATER,MANHATTAN,Closed
63595070,2025-01-01T15:22:34.000,2025-01-06T11:46:16.000,HPD,ELECTRIC,MANHATTAN,Closed
63595409,2025-01-01T15:22:37.000,2025-01-01T19:36:32.000,NYPD,Blocked Driveway,BROOKLYN,Closed
63595127,2025-01-01T15:22:46.000,2025-01-03T18:29:17.000,HPD,HEAT/HOT WATER,BRONX,Closed
63589381,2025-01-01T15:22:52.000,2025-01-02T17:08:56.000,NYPD,Noise - Residential,BRONX,Closed
63587705,2025-01-01T15:22:59.000,2025-01-03T18:29:17.000,HPD,HEAT/HOT WATER,BRONX,Closed
63593134,2025-01-01T15:23:00.000,2025-01-01T17:20:00.000,DEP,Sewer,BRONX,Closed
63593186,2025-01-01T15:23:01.000,2025-01-03T09:01:44.000,NYPD,Illegal Parking,BRONX,Closed
63588487,2025-01-01T15:23:14.000,2025-01-02T17:12:13.000,NYPD,Noise - Residential,BRONX,Closed
63594254,2025-01-01T15:23:20.000,2025-01-01T22:17:42.000,NYPD,Illegal Parking,QUEENS,Closed
63588707,2025-01-01T15:23:30.000,2025-01-02T17:07:53.000,NYPD,Noise - Residential,BRONX,Closed
63588531,2025-01-01T15:24:02.000,2025-01-02T17:08:57.000,NYPD,Noise - Residential,BRONX,Closed
63586337,2025-01-01T15:24:03.000,2025-01-01T16:19:28.000,NYPD,Noise - Residential,BRONX,Closed
63592245,2025-01-01T15:24:08.000,2025-01-02T17:07:51.000,NYPD,Noise - Residential,BRONX,Closed
63594219,2025-01-01T15:24:09.000,2025-01-01T22:23:38.000,NYPD,Blocked Driveway,QUEENS,Closed
63595404,2025-01-01T15:24:13.000,2025-01-01T22:49:00.000,NYPD,Blocked Driveway,QUEENS,Closed
63586764,2025-01-01T15:24:19.000,2025-01-01T18:42:08.000,NYPD,Illegal Parking,QUEENS,Closed
63592960,2025-01-01T15:24:28.000,2025-01-01T16:21:33.000,NYPD,Illegal Parking,QUEENS,Closed
63589998,2025-01-01T15:24:46.000,2025-01-02T17:07:50.000,NYPD,Noise - Residential,BRONX,Closed
63593430,2025-01-01T15:24:49.000,2025-01-02T17:10:32.000,NYPD,Noise - Residential,BRONX,Closed
63587603,2025-01-01T15:24:52.000,2025-01-01T17:44:38.000,NYPD,Noise - Street/Sidewalk,QUEENS,Closed
63587840,2025-01-01T15:24:53.000,2025-01-01T22:54:55.000,NYPD,Abandoned Vehicle,QUEENS,Closed
63588412,2025-01-01T15:24:55.000,2025-01-01T17:56:36.000,NYPD,Illegal Parking,MANHATTAN,Closed
63588365,2025-01-01T15:25:24.000,2025-01-02T17:04:43.000,NYPD,Noise - Residential,BRONX,Closed
63595172,2025-01-01T15:25:36.000,2025-01-01T23:34:00.000,HPD,HEAT/HOT WATER,MANHATTAN,Closed
63594620,2025-01-01T15:25:37.000,2025-01-02T17:07:57.000,NYPD,Noise - Residential,BRONX,Closed
63589110,2025-01-01T15:25:39.000,2025-01-01T16:44:38.000,NYPD,Blocked Driveway,BROOKLYN,Closed
63587718,2025-01-01T15:25:41.000,2025-01-02T13:14:21.000,HPD,HEAT/HOT WATER,MANHATTAN,Closed
63591493,2025-01-01T15:25:41.000,2025-01-02T15:58:03.000,HPD,HEAT/HOT WATER,MANHATTAN,Closed
63592657,2025-01-01T15:25:42.000,2025-01-06T11:46:16.000,HPD,ELEVATOR,MANHATTAN,Closed
63593931,2025-01-01T15:25:42.000,2025-01-02T00:11:05.000,HPD,HEAT/HOT WATER,MANHATTAN,Closed
63586386,2025-01-01T15:25:45.000,2025-01-01T16:42:58.000,NYPD,Noise - Residential,BRONX,Closed
63595179,2025-01-01T15:25:46.000,2025-01-09T16:16:45.000,HPD,PLUMBING,BROOKLYN,Closed
63591428,2025-01-01T15:25:47.000,2025-01-01T23:34:00.000,HPD,HEAT/HOT WATER,MANHATTAN,Closed
63590677,2025-01-01T15:25:53.000,2026-04-17T17:03:12.000,DPR,Damaged Tree,QUEENS,Closed
63590509,2025-01-01T15:25:57.000,2025-01-01T16:15:47.000,NYPD,Illegal Parking,BROOKLYN,Closed
63586037,2025-01-01T15:26:02.000,2025-01-02T17:04:43.000,NYPD,Noise - Residential,BRONX,Closed
63590422,2025-01-01T15:26:13.000,2025-01-03T11:06:38.000,DSNY,Dead Animal,QUEENS,Closed
63587980,2025-01-01T15:26:20.000,2025-01-01T16:10:39.000,NYPD,Illegal Parking,QUEENS,Closed
63591964,2025-01-01T15:26:25.000,2025-01-02T17:08:58.000,NYPD,Noise - Residential,BRONX,Closed
63589740,2025-01-01T15:26:40.000,2025-01-02T17:04:43.000,NYPD,Noise - Residential,BRONX,Closed
63588989,2025-01-01T15:26:50.000,2025-01-01T18:33:20.000,NYPD,Illegal Parking,BROOKLYN,Closed
63588197,2025-01-01T15:26:53.000,2025-01-11T06:45:05.000,DOHMH,Food Establishment,MANHATTAN,Closed
63594417,2025-01-01T15:27:12.000,2025-01-02T17:08:57.000,NYPD,Noise - Residential,BRONX,Closed
63593000,2025-01-01T15:27:13.000,2025-01-01T18:35:47.000,NYPD,Illegal Parking,BROOKLYN,Closed
63585782,2025-01-01T15:27:18.000,2025-01-02T17:08:56.000,NYPD,Noise - Residential,BRONX,Closed
63591798,2025-01-01T15:27:38.000,2025-01-01T20:02:12.000,NYPD,Drug Activity,BRONX,Closed
63589464,2025-01-01T15:27:56.000,2025-01-02T17:06:19.000,NYPD,Noise - Residential,BRONX,Closed
63588160,2025-01-01T15:28:00.000,2025-01-02T17:08:56.000,NYPD,Noise - Residential,BRONX,Closed
63589638,2025-01-01T15:28:04.000,2025-01-02T13:45:00.000,DOT,Street Condition,MANHATTAN,Closed
63590794,2025-01-01T15:28:07.000,2025-01-01T15:28:07.000,DOHMH,Rodent,QUEENS,Closed
63590450,2025-01-01T15:28:11.000,2025-01-01T18:42:17.000,NYPD,Illegal Parking,QUEENS,Closed
63589423,2025-01-01T15:28:20.000,2025-01-03T08:20:00.000,DOT,Street Condition,QUEENS,Closed
63590939,2025-01-01T15:28:35.000,2025-01-02T17:06:18.000,NYPD,Noise - Residential,BRONX,Closed
63594619,2025-01-01T15:28:47.000,2025-01-02T17:12:17.000,NYPD,Noise - Residential,BRONX,Closed
63587750,2025-01-01T15:28:48.000,2025-01-02T19:47:33.000,HPD,HEAT/HOT WATER,BRONX,Closed
63590223,2025-01-01T15:28:48.000,2025-01-02T00:11:05.000,HPD,HEAT/HOT WATER,MANHATTAN,Closed
63593936,2025-01-01T15:28:49.000,2025-01-03T17:08:58.000,HPD,HEAT/HOT WATER,MANHATTAN,Closed
63587786,2025-01-01T15:28:50.000,2025-01-03T17:04:22.000,HPD,PAINT/PLASTER,BRONX,Closed
63591399,2025-01-01T15:28:50.000,2025-01-02T17:03:34.000,HPD,HEAT/HOT WATER,BRONX,Closed
63595141,2025-01-01T15:28:51.000,2025-01-02T19:47:33.000,HPD,HEAT/HOT WATER,BRONX,Closed
63593887,2025-01-01T15:28:51.000,2025-01-02T16:16:19.000,HPD,HEAT/HOT WATER,BROOKLYN,Closed
63586079,2025-01-01T15:28:56.000,2025-01-01T20:19:02.000,NYPD,Animal-Abuse,BROOKLYN,Closed
63588742,2025-01-01T15:28:57.000,2025-01-01T15:47:37.000,NYPD,Noise - Street/Sidewalk,MANHATTAN,Closed
63594332,2025-01-01T15:29:00.000,2025-01-02T12:03:00.000,DEP,Noise,BROOKLYN,Closed
63594330,2025-01-01T15:29:00.000,2025-01-03T14:22:00.000,DEP,Lead,BROOKLYN,Closed
63588966,2025-01-01T15:29:06.000,2025-01-02T13:11:42.000,HPD,HEAT/HOT WATER,BROOKLYN,Closed
63592244,2025-01-01T15:29:13.000,2025-01-02T17:07:52.000,NYPD,Noise - Residential,BRONX,Closed
63588473,2025-01-01T15:29:19.000,2025-01-02T14:43:35.000,NYPD,Illegal Parking,BRONX,Closed
63595010,2025-01-01T15:29:25.000,2025-04-29T18:02:49.000,HPD,DOOR/WINDOW,BRONX,Closed
63594139,2025-01-01T15:29:26.000,2025-01-01T18:41:55.000,NYPD,Illegal Parking,QUEENS,Closed
63586182,2025-01-01T15:29:35.000,2025-01-02T17:07:58.000,NYPD,Noise - Residential,BRONX,Closed
63585655,2025-01-01T15:29:37.000,2025-01-02T05:51:59.000,NYPD,Illegal Parking,BRONX,Closed
63589692,2025-01-01T15:29:47.000,2025-01-01T17:33:12.000,NYPD,Illegal Parking,BROOKLYN,Closed
63590651,2025-01-01T15:29:51.000,2025-01-01T15:29:51.000,DOHMH,Rodent,MANHATTAN,Closed
63587315,2025-01-01T15:29:52.000,2025-01-02T17:04:45.000,NYPD,Noise - Residential,BRONX,Closed
63595502,2025-01-01T15:29:59.000,2025-01-01T16:10:17.000,NYPD,Drug Activity,QUEENS,Closed
63589305,2025-01-01T15:30:07.000,2025-01-01T16:10:08.000,NYPD,Drug Activity,QUEENS,Closed
63591876,2025-01-01T15:30:13.000,2025-01-07T10:44:08.000,DSNY,Illegal Dumping,BRONX,Closed
63594869,2025-01-01T15:30:22.000,2025-01-02T17:04:43.000,NYPD,Noise - Residential,BRONX,Closed
63586004,2025-01-01T15:30:29.000,2025-01-02T17:06:16.000,NYPD,Noise - Residential,BRONX,Closed
63593174,2025-01-01T15:30:35.000,2025-01-01T15:30:35.000,DOHMH,Rodent,MANHATTAN,Closed
63586215,2025-01-01T15:31:07.000,2025-01-02T17:07:58.000,NYPD,Noise - Residential,BRONX,Closed
63594243,2025-01-01T15:31:09.000,2025-01-01T16:07:42.000,NYPD,Traffic,QUEENS,Closed
63593497,2025-01-01T15:31:10.000,2025-01-02T17:07:53.000,NYPD,Noise - Residential,BRONX,Closed
63590389,2025-01-01T15:31:27.000,2025-01-01T17:02:53.000,NYPD,Illegal Parking,BROOKLYN,Closed
63587091,2025-01-01T15:31:45.000,2025-01-02T17:10:36.000,NYPD,Noise - Residential,BRONX,Closed
63592083,2025-01-01T15:31:57.000,2025-01-02T17:08:57.000,NYPD,Noise - Residential,BRONX,Closed
63590675,2025-01-01T15:31:59.000,2025-01-02T10:41:38.000,DPR,Damaged Tree,BROOKLYN,Closed
63587685,2025-01-01T15:32:05.000,2025-01-02T10:39:41.000,HPD,HEAT/HOT WATER,MANHATTAN,Closed
63592746,2025-01-01T15:32:09.000,2025-01-01T23:34:00.000,HPD,HEAT/HOT WATER,MANHATTAN,Closed
63593952,2025-01-01T15:32:09.000,2025-01-02T19:57:39.000,HPD,HEAT/HOT WATER,BROOKLYN,Closed
63591751,2025-01-01T15:32:17.000,2025-01-01T17:18:27.000,NYPD,Illegal Parking,QUEENS,Closed
63595337,2025-01-01T15:32:20.000,2025-01-01T17:01:26.000,DSNY,Vendor Enforcement,BROOKLYN,Closed
63586914,2025-01-01T15:32:23.000,2025-01-02T17:08:57.000,NYPD,Noise - Residential,BRONX,Closed
63586547,2025-01-01T15:32:32.000,2025-01-02T20:27:35.000,HPD,HEAT/HOT WATER,BRONX,Closed
63594975,2025-01-01T15:32:36.000,2025-01-01T16:38:11.000,NYPD,Noise - Residential,BROOKLYN,Closed
63588231,2025-01-01T15:32:45.000,2025-01-02T17:08:56.000,NYPD,Noise - Residential,BRONX,Closed
63587363,2025-01-01T15:33:01.000,2025-01-02T17:12:13.000,NYPD,Noise - Residential,BRONX,Closed
63593549,2025-01-01T15:33:33.000,2025-01-02T17:06:19.000,NYPD,Noise - Residential,BRONX,Closed
63586085,2025-01-01T15:33:40.000,2025-01-02T17:02:57.000,NYPD,Noise - Residential,BRONX,Closed
63590569,2025-01-01T15:34:12.000,2025-01-01T15:45:32.000,DHS,Homeless Person Assistance,MANHATTAN,Closed
63588706,2025-01-01T15:34:18.000,2025-01-02T17:07:54.000,NYPD,Noise - Residential,BRONX,Closed
63589530,2025-01-01T15:34:20.000,2025-01-02T17:08:56.000,NYPD,Noise - Residential,BRONX,Closed
63591844,2025-01-01T15:34:28.000,2025-01-02T04:32:34.000,DSNY,Dirty Condition,BROOKLYN,Closed
63591530,2025-01-01T15:34:44.000,2025-01-01T16:14:27.000,NYPD,Abandoned Vehicle,QUEENS,Closed
63588486,2025-01-01T15:34:56.000,2025-01-02T17:12:12.000,NYPD,Noise - Residential,BRONX,Closed
63592733,2025-01-01T15:34:57.000,2025-01-02T18:39:53.000,HPD,HEAT/HOT WATER,MANHATTAN,Closed
63595140,2025-01-01T15:35:00.000,2025-01-02T19:57:43.000,HPD,HEAT/HOT WATER,BROOKLYN,Closed
63586599,2025-01-01T15:35:02.000,2025-01-01T23:34:00.000,HPD,HEAT/HOT WATER,MANHATTAN,Closed
63587688,2025-01-01T15:35:02.000,2025-01-02T17:02:58.000,HPD,HEAT/HOT WATER,BRONX,Closed
63593429,2025-01-01T15:35:08.000,2025-01-02T17:10:31.000,NYPD,Noise - Residential,BRONX,Closed
63586496,2025-01-01T15:35:10.000,2025-01-14T09:28:10.000,HPD,DOOR/WINDOW,MANHATTAN,Closed
63589005,2025-01-01T15:35:13.000,2025-01-03T12:19:31.000,HPD,HEAT/HOT WATER,BRONX,Closed
63587737,2025-01-01T15:35:22.000,2025-01-02T12:31:36.000,HPD,HEAT/HOT WATER,BRONX,Closed
63587001,2025-01-01T15:35:34.000,2025-01-02T17:08:56.000,NYPD,Noise - Residential,BRONX,Closed
63594395,2025-01-01T15:35:55.000,2025-01-02T17:10:32.000,NYPD,Noise - Residential,BRONX,Closed
63590870,2025-01-01T15:36:00.000,2025-01-24T12:11:38.000,DSNY,Litter Basket Request,BRONX,Closed
63595455,2025-01-01T15:36:03.000,2025-01-01T15:40:48.000,NYPD,Illegal Parking,BROOKLYN,Closed
63588620,2025-01-01T15:36:12.000,2025-01-02T17:06:23.000,NYPD,Noise - Residential,BRONX,Closed
63592619,2025-01-01T15:36:17.000,2025-01-01T16:09:47.000,NYPD,Noise - Residential,QUEENS,Closed
63586250,2025-01-01T15:36:25.000,2025-01-01T16:09:58.000,NYPD,Noise - House of Worship,QUEENS,Closed
63590583,2025-01-01T15:36:28.000,2025-01-01T18:38:20.000,NYPD,Noise - Vehicle,QUEENS,Closed
63586718,2025-01-01T15:36:31.000,2025-02-01T04:01:54.000,DCWP,Consumer Complaint,BRONX,Closed
63593019,2025-01-01T15:36:34.000,2025-01-01T17:21:20.000,NYPD,Illegal Parking,QUEENS,Closed
63590874,2025-01-01T15:36:43.000,2025-01-02T17:04:42.000,NYPD,Noise - Residential,BRONX,Closed
63593312,2025-01-01T15:36:50.000,2025-01-02T17:08:56.000,NYPD,Noise - Residential,BRONX,Closed
63590798,2025-01-01T15:37:03.000,2025-01-11T06:55:43.000,DOHMH,Food Establishment,QUEENS,Closed
63591660,2025-01-01T15:37:09.000,2025-01-03T11:06:41.000,DSNY,Dead Animal,QUEENS,Closed
63591885,2025-01-01T15:37:28.000,2025-01-02T17:10:32.000,NYPD,Noise - Residential,BRONX,Closed
63591145,2025-01-01T15:37:30.000,2025-01-02T17:06:21.000,NYPD,Noise - Residential,BRONX,Closed
63593862,2025-01-01T15:37:37.000,2025-01-01T18:55:27.000,NYPD,Noise - Street/Sidewalk,QUEENS,Closed
63590603,2025-01-01T15:37:50.000,2025-01-05T13:36:31.000,HPD,WATER LEAK,BROOKLYN,Closed
63592815,2025-01-01T15:37:50.000,2025-01-11T18:06:51.000,HPD,PLUMBING,BROOKLYN,Closed
63593898,2025-01-01T15:37:50.000,2025-01-03T20:36:34.000,HPD,HEAT/HOT WATER,BROOKLYN,Closed
63592724,2025-01-01T15:37:50.000,2025-01-02T16:33:51.000,HPD,HEAT/HOT WATER,QUEENS,Closed
63595112,2025-01-01T15:37:51.000,2025-01-04T10:12:57.000,HPD,HEAT/HOT WATER,MANHATTAN,Closed
63588985,2025-01-01T15:37:52.000,2025-01-08T17:21:51.000,HPD,PLUMBING,BRONX,Closed
63589339,2025-01-01T15:37:57.000,2025-01-07T10:45:20.000,DSNY,Illegal Dumping,BRONX,Closed
63585746,2025-01-01T15:38:00.000,2025-01-02T08:40:00.000,DEP,Noise,QUEENS,Closed
63591892,2025-01-01T15:38:00.000,2025-01-02T08:40:00.000,DEP,Noise,QUEENS,Closed
63586705,2025-01-01T15:38:02.000,2025-01-01T16:14:05.000,NYPD,Illegal Parking,BROOKLYN,Closed
63592242,2025-01-01T15:38:06.000,2025-01-02T17:07:56.000,NYPD,Noise - Residential,BRONX,Closed
63592436,2025-01-01T15:38:07.000,2025-01-01T16:25:17.000,NYPD,Noise - Residential,BROOKLYN,Closed
63593948,2025-01-01T15:38:10.000,2025-01-02T13:45:11.000,HPD,HEAT/HOT WATER,BRONX,Closed
63592748,2025-01-01T15:38:12.000,2025-01-01T23:34:00.000,HPD,HEAT/HOT WATER,MANHATTAN,Closed
63595162,2025-01-01T15:38:13.000,2025-01-03T09:36:44.000,HPD,HEAT/HOT WATER,BROOKLYN,Closed
63590177,2025-01-01T15:38:15.000,2025-01-04T12:31:26.000,HPD,HEAT/HOT WATER,MANHATTAN,Closed
63586156,2025-01-01T15:38:18.000,2025-01-02T17:12:15.000,NYPD,Noise - Residential,BRONX,Closed
63587748,2025-01-01T15:38:30.000,2025-01-02T14:47:32.000,HPD,HEAT/HOT WATER,BROOKLYN,Closed
63588705,2025-01-01T15:38:45.000,2025-01-02T17:07:57.000,NYPD,Noise - Residential,BRONX,Closed
63587946,2025-01-01T15:39:04.000,2025-01-01T17:01:47.000,NYPD,Illegal Parking,BROOKLYN,Closed
63589835,2025-01-01T15:39:05.000,2025-01-02T17:12:18.000,NYPD,Noise - Residential,BRONX,Closed
63593466,2025-01-01T15:39:07.000,2025-01-01T16:02:32.000,NYPD,Encampment,MANHATTAN,Closed
63594522,2025-01-01T15:39:23.000,2025-01-02T17:06:17.000,NYPD,Noise - Residential,BRONX,Closed
63587057,2025-01-01T15:39:53.000,2025-01-02T17:08:56.000,NYPD,Noise - Residential,BRONX,Closed
63588775,2025-01-01T15:39:53.000,2025-05-29T00:00:00.000,DOB,Elevator,MANHATTAN,Closed
63594928,2025-01-01T15:40:01.000,2025-01-02T17:07:51.000,NYPD,Noise - Residential,BRONX,Closed
63593404,2025-01-01T15:40:12.000,2025-01-02T00:00:00.000,DOB,Elevator,BRONX,Closed
63594886,2025-01-01T15:40:39.000,2025-01-02T17:12:16.000,NYPD,Noise - Residential,BRONX,Closed
63592298,2025-01-01T15:40:41.000,2025-01-02T17:04:45.000,NYPD,Noise - Residential,BRONX,Closed
63589358,2025-01-01T15:41:04.000,2025-01-02T14:39:37.000,NYPD,Illegal Parking,BRONX,Closed
63587653,2025-01-01T15:41:10.000,2025-01-16T20:28:00.000,HPD,DOOR/WINDOW,BROOKLYN,Closed
63587556,2025-01-01T15:41:13.000,2025-01-01T16:00:04.000,NYPD,Noise - Street/Sidewalk,MANHATTAN,Closed
63595160,2025-01-01T15:41:16.000,2025-01-03T18:15:53.000,HPD,HEAT/HOT WATER,MANHATTAN,Closed
63589558,2025-01-01T15:41:17.000,2025-01-02T17:08:57.000,NYPD,Noise - Residential,BRONX,Closed
63585706,2025-01-01T15:41:23.000,2025-07-03T11:35:18.000,DPR,Root/Sewer/Sidewalk Condition,STATEN ISLAND,Closed
63593227,2025-01-01T15:41:28.000,2025-01-02T17:08:57.000,NYPD,Noise - Residential,BRONX,Closed
63594631,2025-01-01T15:42:01.000,2025-01-02T17:10:32.000,NYPD,Noise - Residential,BRONX,Closed
63591758,2025-01-01T15:42:07.000,2025-01-01T22:12:14.000,NYPD,Illegal Parking,QUEENS,Closed
63586131,2025-01-01T15:42:16.000,2025-01-02T17:07:57.000,NYPD,Noise - Residential,BRONX,Closed
63591920,2025-01-01T15:42:18.000,2025-01-02T06:44:41.000,NYPD,Illegal Parking,QUEENS,Closed
63592554,2025-01-01T15:42:22.000,2025-01-01T16:07:52.000,NYPD,Noise - Residential,QUEENS,Closed
63590056,2025-01-01T15:42:27.000,2025-01-01T16:08:07.000,NYPD,Noise - House of Worship,QUEENS,Closed
63590388,2025-01-01T15:42:39.000,2025-01-01T20:24:15.000,NYPD,Non-Emergency Police Matter,QUEENS,Closed
63587256,2025-01-01T15:43:03.000,2025-01-02T17:06:20.000,NYPD,Noise - Residential,BRONX,Closed
63591754,2025-01-01T15:43:10.000,2025-01-01T16:45:06.000,NYPD,Illegal Parking,BROOKLYN,Closed
63589995,2025-01-01T15:43:11.000,2025-01-02T17:07:52.000,NYPD,Noise - Residential,BRONX,Closed
63595375,2025-01-01T15:43:20.000,2025-01-01T22:24:41.000,NYPD,Illegal Parking,QUEENS,Closed
63587124,2025-01-01T15:43:46.000,2025-01-10T13:59:20.000,DPR,Maintenance or Facility,BROOKLYN,Closed
63594541,2025-01-01T15:43:50.000,2025-01-02T17:04:45.000,NYPD,Noise - Residential,BRONX,Closed
63589739,2025-01-01T15:43:51.000,2025-01-02T17:04:46.000,NYPD,Noise - Residential,BRONX,Closed
63593146,2025-01-01T15:44:00.000,2025-01-02T08:40:00.000,DEP,Noise,QUEENS,Closed
63590635,2025-01-01T15:44:00.000,2025-01-02T08:40:00.000,DEP,Noise,QUEENS,Closed
63589967,2025-01-01T15:44:06.000,2025-01-01T16:34:02.000,NYPD,Noise - Residential,BROOKLYN,Closed
63593868,2025-01-01T15:44:11.000,2025-01-05T13:36:31.000,HPD,DOOR/WINDOW,BROOKLYN,Closed
63589966,2025-01-01T15:44:13.000,2025-01-01T20:33:25.000,NYPD,Noise - Residential,MANHATTAN,Closed
63588940,2025-01-01T15:44:15.000,2025-01-01T18:45:57.000,HPD,HEAT/HOT WATER,QUEENS,Closed
63588578,2025-01-01T15:44:16.000,2025-01-01T16:22:42.000,NYPD,Noise - Residential,BRONX,Closed
63592668,2025-01-01T15:44:21.000,2025-01-03T13:05:51.000,HPD,HEAT/HOT WATER,BRONX,Closed
63588952,2025-01-01T15:44:24.000,2025-01-02T08:39:53.000,HPD,HEAT/HOT WATER,BRONX,Closed
63591628,2025-01-01T15:44:26.000,2025-01-01T15:47:52.000,NYPD,Illegal Parking,MANHATTAN,Closed
63586907,2025-01-01T15:44:28.000,2025-01-02T17:10:35.000,NYPD,Noise - Residential,BRONX,Closed
63592717,2025-01-01T15:44:38.000,2025-01-03T10:34:08.000,HPD,HEAT/HOT WATER,BROOKLYN,Closed
63592235,2025-01-01T15:44:38.000,2025-01-02T17:04:44.000,NYPD,Noise - Residential,BRONX,Closed
63591468,2025-01-01T15:44:39.000,2025-01-02T19:43:40.000,HPD,HEAT/HOT WATER,BRONX,Closed
63590240,2025-01-01T15:44:40.000,2025-01-02T18:09:12.000,HPD,HEAT/HOT WATER,QUEENS,Closed
63594825,2025-01-01T15:45:06.000,2025-01-02T17:04:41.000,NYPD,Noise - Residential,BRONX,Closed
63593912,2025-01-01T15:45:17.000,2025-01-02T20:27:35.000,HPD,HEAT/HOT WATER,BRONX,Closed
63586130,2025-01-01T15:45:26.000,2025-01-02T17:07:55.000,NYPD,Noise - Residential,BRONX,Closed
63592396,2025-01-01T15:45:44.000,2025-01-02T17:12:12.000,NYPD,Noise - Residential,BRONX,Closed
63594092,2025-01-01T15:45:44.000,2025-01-01T15:55:23.000,NYPD,Blocked Driveway,BROOKLYN,Closed
63595304,2025-01-01T15:45:51.000,2025-01-01T20:04:44.000,NYPD,Blocked Driveway,BROOKLYN,Closed
63590032,2025-01-01T15:45:58.000,2025-01-01T21:51:44.000,NYPD,Noise - Residential,BRONX,Closed
63587792,2025-01-01T15:46:13.000,2025-01-02T00:00:00.000,DOB,General Construction/Plumbing,BRONX,Closed
63589522,2025-01-01T15:46:14.000,2025-01-02T17:10:34.000,NYPD,Noise - Residential,BRONX,Closed
63594927,2025-01-01T15:46:22.000,2025-01-02T17:07:59.000,NYPD,Noise - Residential,BRONX,Closed
63588781,2025-01-01T15:46:52.000,2025-01-01T17:03:00.000,NYPD,Noise - Street/Sidewalk,BROOKLYN,Closed
63587978,2025-01-01T15:46:53.000,2025-01-01T15:47:44.000,NYPD,Illegal Parking,BROOKLYN,Closed
63593254,2025-01-01T15:46:53.000,2025-01-02T13:03:09.000,DSNY,Dirty Condition,QUEENS,Closed
63591140,2025-01-01T15:46:54.000,2025-01-08T09:45:44.000,DOT,Sidewalk Condition,BROOKLYN,Closed
63592256,2025-01-01T15:47:00.000,2025-01-02T17:06:20.000,NYPD,Noise - Residential,BRONX,Closed
63587285,2025-01-01T15:47:02.000,2025-01-02T17:12:12.000,NYPD,Noise - Residential,BRONX,Closed
63586739,2025-01-01T15:47:12.000,2025-01-01T16:35:19.000,NYPD,Illegal Parking,BROOKLYN,Closed
63586712,2025-01-01T15:47:24.000,2025-01-01T18:17:49.000,NYPD,Illegal Parking,BROOKLYN,Closed
63593192,2025-01-01T15:47:40.000,2025-01-02T00:57:14.000,NYPD,Illegal Parking,STATEN ISLAND,Closed
63588335,2025-01-01T15:47:40.000,2025-01-02T17:06:17.000,NYPD,Noise - Residential,BRONX,Closed
63591053,2025-01-01T15:47:49.000,2025-01-02T17:12:12.000,NYPD,Noise - Residential,BRONX,Closed
63588972,2025-01-01T15:47:52.000,2025-01-03T14:03:07.000,HPD,HEAT/HOT WATER,BRONX,Closed
63591409,2025-01-01T15:47:53.000,2025-01-01T18:45:57.000,HPD,HEAT/HOT WATER,QUEENS,Closed
63588893,2025-01-01T15:47:54.000,2025-01-02T19:57:40.000,HPD,HEAT/HOT WATER,BROOKLYN,Closed
63595058,2025-01-01T15:47:54.000,2025-04-26T16:51:20.000,HPD,GENERAL,BROOKLYN,Closed
63595116,2025-01-01T15:47:55.000,2025-01-02T15:48:34.000,HPD,HEAT/HOT WATER,BRONX,Closed
63592914,2025-01-01T15:48:02.000,2025-01-01T20:17:07.000,NYPD,Blocked Driveway,BROOKLYN,Closed
63586981,2025-01-01T15:48:03.000,2025-01-01T15:48:03.000,DOHMH,Rodent,QUEENS,Closed
63593884,2025-01-01T15:48:04.000,2025-01-01T22:50:30.000,HPD,HEAT/HOT WATER,MANHATTAN,Closed
63591421,2025-01-01T15:48:09.000,2025-01-02T08:59:52.000,HPD,HEAT/HOT WATER,BRONX,Closed
63588704,2025-01-01T15:48:17.000,2025-01-02T17:07:51.000,NYPD,Noise - Residential,BRONX,Closed
63594899,2025-01-01T15:48:36.000,2025-01-02T17:02:58.000,NYPD,Noise - Residential,BRONX,Closed
63592141,2025-01-01T15:48:55.000,2025-01-02T17:02:57.000,NYPD,Noise - Residential,BRONX,Closed
63592939,2025-01-01T15:49:04.000,2025-01-01T20:16:47.000,NYPD,Blocked Driveway,BROOKLYN,Closed
63594661,2025-01-01T15:49:24.000,2025-01-02T17:08:57.000,NYPD,Noise - Residential,BRONX,Closed
63594880,2025-01-01T15:49:24.000,2025-01-01T16:19:59.000,NYPD,Noise - Residential,BRONX,Closed
63591532,2025-01-01T15:49:29.000,2025-01-02T07:51:35.000,NYPD,Abandoned Vehicle,QUEENS,Closed
63593548,2025-01-01T15:49:33.000,2025-01-02T17:06:19.000,NYPD,Noise - Residential,BRONX,Closed
63590394,2025-01-01T15:49:40.000,2025-01-01T17:35:48.000,NYPD,Illegal Parking,BROOKLYN,Closed
63586899,2025-01-01T15:50:00.000,2025-01-03T14:22:00.000,DEP,Lead,BROOKLYN,Closed
63588396,2025-01-01T15:50:00.000,2025-01-03T14:22:00.000,DEP,Lead,BROOKLYN,Closed
63595410,2025-01-01T15:50:02.000,2025-01-01T18:23:45.000,NYPD,Blocked Driveway,BROOKLYN,Closed
63594207,2025-01-01T15:50:11.000,2025-01-01T16:45:44.000,NYPD,Blocked Driveway,BROOKLYN,Closed
63589839,2025-01-01T15:50:11.000,2025-01-02T17:07:55.000,NYPD,Noise - Residential,BRONX,Closed
63588229,2025-01-01T15:50:14.000,2025-01-02T17:08:56.000,NYPD,Noise - Residential,BRONX,Closed
63590556,2025-01-01T15:50:14.000,2025-01-01T20:32:01.000,NYPD,Illegal Parking,BROOKLYN,Closed
63588688,2025-01-01T15:50:40.000,2025-01-01T16:36:18.000,NYPD,Noise - Residential,BROOKLYN,Closed
63593359,2025-01-01T15:50:45.000,2025-05-21T15:19:42.000,EDC,Noise - Helicopter,MANHATTAN,Closed
63588467,2025-01-01T15:50:59.000,2025-01-02T17:04:43.000,NYPD,Noise - Residential,BRONX,Closed
63591433,2025-01-01T15:51:08.000,2025-01-02T08:59:52.000,HPD,HEAT/HOT WATER,BRONX,Closed
63595352,2025-01-01T15:51:08.000,2025-01-01T16:32:17.000,NYPD,Illegal Parking,QUEENS,Closed
63594477,2025-01-01T15:51:08.000,2025-01-01T18:30:52.000,NYPD,Encampment,QUEENS,Closed
63586594,2025-01-01T15:51:09.000,2025-01-02T17:51:22.000,HPD,HEAT/HOT WATER,QUEENS,Closed
63590205,2025-01-01T15:51:13.000,2025-01-02T15:40:34.000,HPD,HEAT/HOT WATER,BRONX,Closed
63589329,2025-01-01T15:51:22.000,2025-01-16T06:21:44.000,HPD,WATER LEAK,BROOKLYN,Closed
63589196,2025-01-01T15:51:22.000,2025-01-01T20:32:06.000,NYPD,Illegal Parking,BROOKLYN,Closed
63589325,2025-01-01T15:51:22.000,2025-01-14T18:14:03.000,HPD,WATER LEAK,BROOKLYN,Closed
63593905,2025-01-01T15:51:22.000,2025-01-03T08:55:49.000,HPD,HEAT/HOT WATER,BROOKLYN,Closed
63594013,2025-01-01T15:51:22.000,2025-01-14T18:14:03.000,HPD,UNSANITARY CONDITION,BROOKLYN,Closed
63594011,2025-01-01T15:51:22.000,2025-01-16T06:21:44.000,HPD,PAINT/PLASTER,BROOKLYN,Closed
63591211,2025-01-01T15:51:27.000,2025-01-02T17:12:15.000,NYPD,Noise - Residential,BRONX,Closed
63591505,2025-01-01T15:51:28.000,2025-01-02T19:57:43.000,HPD,HEAT/HOT WATER,BROOKLYN,Closed
63588946,2025-01-01T15:51:37.000,2025-01-02T14:28:36.000,HPD,HEAT/HOT WATER,MANHATTAN,Closed
63591101,2025-01-01T15:51:46.000,2025-01-02T17:02:57.000,NYPD,Noise - Residential,BRONX,Closed
63603400,2025-01-01T15:52:00.000,2025-01-02T20:17:00.000,DSNY,Derelict Vehicles,QUEENS,Closed
63588147,2025-01-01T15:52:05.000,2025-01-02T17:08:58.000,NYPD,Noise - Residential,BRONX,Closed
63591287,2025-01-01T15:52:09.000,2025-01-01T17:19:47.000,NYPD,Noise - Street/Sidewalk,MANHATTAN,Closed
63595345,2025-01-01T15:52:09.000,2025-01-01T15:54:11.000,NYPD,Illegal Parking,MANHATTAN,Closed
63588887,2025-01-01T15:52:17.000,2025-01-03T16:03:46.000,HPD,HEAT/HOT WATER,BRONX,Closed
63593535,2025-01-01T15:52:34.000,2025-01-02T17:06:22.000,NYPD,Noise - Residential,BRONX,Closed
63590181,2025-01-01T15:52:36.000,2025-01-02T12:38:58.000,HPD,HEAT/HOT WATER,BRONX,Closed
63586214,2025-01-01T15:52:43.000,2025-01-02T17:07:52.000,NYPD,Noise - Residential,BRONX,Closed
63594044,2025-01-01T15:52:43.000,2025-01-01T20:15:59.000,NYPD,Abandoned Vehicle,BROOKLYN,Closed
63591305,2025-01-01T15:52:49.000,2025-01-01T15:56:13.000,NYPD,Noise - Vehicle,MANHATTAN,Closed
63588660,2025-01-01T15:52:50.000,2025-01-01T15:55:36.000,NYPD,Noise - Residential,MANHATTAN,Closed
63593774,2025-01-01T15:53:13.000,2025-01-01T18:19:58.000,NYPD,Noise - Residential,QUEENS,Closed
63594937,2025-01-01T15:53:22.000,2025-01-02T17:12:14.000,NYPD,Noise - Residential,BRONX,Closed
63594898,2025-01-01T15:53:22.000,2025-01-02T17:02:59.000,NYPD,Noise - Residential,BRONX,Closed
63589061,2025-01-01T15:53:32.000,2025-01-01T16:28:59.000,NYPD,Abandoned Vehicle,MANHATTAN,Closed
63592840,2025-01-01T15:53:40.000,2025-01-01T20:15:40.000,NYPD,Abandoned Vehicle,BROOKLYN,Closed
63601212,2025-01-01T15:54:00.000,2025-01-03T10:38:00.000,DSNY,Derelict Vehicles,QUEENS,Closed
63594562,2025-01-01T15:54:00.000,2025-01-02T17:04:48.000,NYPD,Noise - Residential,BRONX,Closed
63589183,2025-01-01T15:54:01.000,2025-01-01T17:40:25.000,NYPD,Illegal Parking,MANHATTAN,Closed
63593694,2025-01-01T15:54:07.000,2025-01-01T20:06:15.000,NYPD,Noise - Residential,BROOKLYN,Closed
63594868,2025-01-01T15:54:09.000,2025-01-02T17:04:44.000,NYPD,Noise - Residential,BRONX,Closed
63594546,2025-01-01T15:54:34.000,2025-01-03T16:23:59.000,DSNY,Obstruction,BROOKLYN,Closed
63587300,2025-01-01T15:54:38.000,2025-01-02T17:04:42.000,NYPD,Noise - Residential,BRONX,Closed
63585732,2025-01-01T15:54:57.000,2025-01-02T17:08:59.000,NYPD,Noise - Residential,BRONX,Closed
63591522,2025-01-01T15:54:59.000,2025-01-01T20:15:26.000,NYPD,Abandoned Vehicle,BROOKLYN,Closed
63586717,2025-01-01T15:55:00.000,2025-10-30T09:58:00.000,DOT,Street Light Condition,QUEENS,Closed
63587738,2025-01-01T15:55:04.000,2025-01-04T10:13:56.000,HPD,HEAT/HOT WATER,MANHATTAN,Closed
63591436,2025-01-01T15:55:04.000,2025-01-02T20:01:00.000,HPD,HEAT/HOT WATER,QUEENS,Closed
63588089,2025-01-01T15:55:05.000,2025-06-09T08:24:12.000,HPD,WATER LEAK,MANHATTAN,Closed
63592794,2025-01-01T15:55:05.000,2025-06-09T08:24:12.000,HPD,PAINT/PLASTER,MANHATTAN,Closed
63595360,2025-01-01T15:55:09.000,2025-01-01T16:46:22.000,NYPD,Illegal Parking,BROOKLYN,Closed
63588802,2025-01-01T15:55:15.000,2025-07-14T00:00:00.000,DOB,Elevator,BROOKLYN,Closed
63587330,2025-01-01T15:55:16.000,2025-01-02T17:02:58.000,NYPD,Noise - Residential,BRONX,Closed
63589034,2025-01-01T15:55:21.000,2025-01-01T16:21:52.000,NYPD,Non-Emergency Police Matter,MANHATTAN,Closed
63588980,2025-01-01T15:55:33.000,2025-01-03T14:25:22.000,HPD,HEAT/HOT WATER,MANHATTAN,Closed
63587128,2025-01-01T15:55:44.000,2025-01-02T17:10:32.000,NYPD,Noise - Residential,BRONX,Closed
63590701,2025-01-01T15:55:55.000,2025-01-02T17:08:57.000,NYPD,Noise - Residential,BRONX,Closed
63592500,2025-01-01T15:56:11.000,2025-01-01T16:12:56.000,NYPD,Encampment,MANHATTAN,Closed
63594478,2025-01-01T15:56:11.000,2025-01-08T06:27:53.000,DHS,Encampment,MANHATTAN,Closed
63591877,2025-01-01T15:56:23.000,2025-01-01T17:51:22.000,NYPD,Illegal Parking,BRONX,Closed
63591955,2025-01-01T15:56:32.000,2025-01-02T17:10:32.000,NYPD,Noise - Residential,BRONX,Closed
63593310,2025-01-01T15:56:32.000,2025-01-02T17:08:58.000,NYPD,Noise - Residential,BRONX,Closed
63592858,2025-01-01T15:56:47.000,2025-01-01T20:15:09.000,NYPD,Abandoned Vehicle,BROOKLYN,Closed
63590125,2025-01-01T15:56:49.000,2025-01-01T17:54:07.000,NYPD,Noise - Street/Sidewalk,MANHATTAN,Closed
63590331,2025-01-01T15:57:00.000,2025-01-01T17:20:00.000,DOT,Traffic Signal Condition,MANHATTAN,Closed
63586226,2025-01-01T15:57:00.000,2025-01-11T12:55:00.000,DOT,Traffic Signal Condition,BROOKLYN,Closed
63590464,2025-01-01T15:57:04.000,2025-01-01T15:58:45.000,NYPD,Illegal Parking,BROOKLYN,Closed
63588795,2025-01-01T15:57:07.000,2025-01-01T16:19:42.000,NYPD,Noise - Street/Sidewalk,QUEENS,Closed
63590872,2025-01-01T15:57:10.000,2025-01-02T17:04:41.000,NYPD,Noise - Residential,BRONX,Closed
63589753,2025-01-01T15:57:18.000,2025-01-02T01:37:42.000,NYPD,Illegal Parking,QUEENS,Closed
63589738,2025-01-01T15:57:19.000,2025-01-02T17:04:46.000,NYPD,Noise - Residential,BRONX,Closed
63589063,2025-01-01T15:57:39.000,2025-01-01T20:14:56.000,NYPD,Abandoned Vehicle,BROOKLYN,Closed
63594128,2025-01-01T15:57:47.000,2025-01-01T19:33:40.000,NYPD,Illegal Parking,BROOKLYN,Closed
63594889,2025-01-01T15:57:48.000,2025-01-02T17:07:59.000,NYPD,Noise - Residential,BRONX,Closed
63587283,2025-01-01T15:58:07.000,2025-01-02T17:07:54.000,NYPD,Noise - Residential,BRONX,Closed
63587139,2025-01-01T15:58:27.000,2025-01-02T17:04:45.000,NYPD,Noise - Residential,BRONX,Closed
63586605,2025-01-01T15:58:30.000,2025-01-02T12:32:36.000,HPD,HEAT/HOT WATER,BRONX,Closed
63586642,2025-01-01T15:58:35.000,2025-01-08T12:58:06.000,HPD,PAINT/PLASTER,BRONX,Closed
63595213,2025-01-01T15:58:35.000,2025-01-08T12:58:06.000,HPD,PAINT/PLASTER,BRONX,Closed
63592827,2025-01-01T15:58:35.000,2025-01-08T12:58:06.000,HPD,UNSANITARY CONDITION,BRONX,Closed
63594020,2025-01-01T15:58:35.000,2025-01-08T12:58:06.000,HPD,PAINT/PLASTER,BRONX,Closed
63594179,2025-01-01T15:58:35.000,2025-01-08T12:58:06.000,HPD,WATER LEAK,BRONX,Closed
63594134,2025-01-01T15:58:36.000,2025-01-02T04:01:26.000,NYPD,Blocked Driveway,BROOKLYN,Closed
63585659,2025-01-01T15:58:45.000,2025-01-01T20:05:21.000,NYPD,Illegal Parking,BROOKLYN,Closed
63587754,2025-01-01T15:58:53.000,2025-01-02T15:10:28.000,HPD,HEAT/HOT WATER,MANHATTAN,Closed
63592136,2025-01-01T15:58:55.000,2025-01-02T17:04:43.000,NYPD,Noise - Residential,BRONX,Closed
63597921,2025-01-01T15:59:00.000,2025-01-02T08:04:00.000,DSNY,Derelict Vehicles,BRONX,Closed
63590962,2025-01-01T15:59:05.000,2025-01-02T17:10:34.000,NYPD,Noise - Residential,BRONX,Closed
63593962,2025-01-01T15:59:12.000,2025-01-01T21:42:45.000,HPD,HEAT/HOT WATER,BRONX,Closed
63590938,2025-01-01T15:59:42.000,2025-01-02T17:06:26.000,NYPD,Noise - Residential,BRONX,Closed
63586162,2025-01-01T15:59:44.000,2025-01-02T17:07:53.000,NYPD,Noise - Residential,BRONX,Closed
63593403,2025-01-01T15:59:46.000,2025-02-18T13:57:00.000,TLC,For Hire Vehicle Complaint,MANHATTAN,Closed
63588017,2025-01-01T15:59:48.000,2025-01-01T20:14:37.000,NYPD,Illegal Parking,BROOKLYN,Closed
63590479,2025-01-01T15:59:51.000,2025-01-01T16:49:42.000,NYPD,Blocked Driveway,QUEENS,Closed
63595392,2025-01-01T15:59:51.000,2025-01-02T11:45:37.000,NYPD,Blocked Driveway,MANHATTAN,Closed
63588659,2025-01-01T16:00:09.000,2025-01-01T16:46:03.000,NYPD,Noise - Residential,BROOKLYN,Closed
63585978,2025-01-01T16:00:21.000,2025-01-02T17:06:21.000,NYPD,Noise - Residential,BRONX,Closed
63588715,2025-01-01T16:00:28.000,2025-03-28T07:04:02.000,TLC,For Hire Vehicle Complaint,MANHATTAN,Closed
63588239,2025-01-01T16:00:30.000,2025-01-02T17:08:58.000,NYPD,Noise - Residential,BRONX,Closed
63591549,2025-01-01T16:00:33.000,2025-01-01T17:13:29.000,NYPD,Blocked Driveway,BROOKLYN,Closed
63595242,2025-01-01T16:00:35.000,2025-01-01T19:34:45.000,NYPD,Blocked Driveway,BROOKLYN,Closed
63589508,2025-01-01T16:00:52.000,2025-01-02T02:53:32.000,NYPD,Noise - Residential,MANHATTAN,Closed
63589215,2025-01-01T16:00:56.000,2025-01-01T20:14:20.000,NYPD,Illegal Parking,BROOKLYN,Closed
63588238,2025-01-01T16:00:59.000,2025-01-02T17:08:59.000,NYPD,Noise - Residential,BRONX,Closed
63605264,2025-01-01T16:01:00.000,2025-01-02T10:29:00.000,DSNY,Derelict Vehicles,QUEENS,Closed
63588714,2025-01-01T16:01:16.000,2025-02-18T13:56:42.000,TLC,For Hire Vehicle Complaint,MANHATTAN,Closed
63595478,2025-01-01T16:01:16.000,2025-01-01T16:42:42.000,NYPD,Illegal Parking,QUEENS,Closed
63594930,2025-01-01T16:01:17.000,2025-01-02T17:12:15.000,NYPD,Noise - Residential,BRONX,Closed
63590357,2025-01-01T16:01:18.000,2025-01-02T00:00:00.000,DOB,General Construction/Plumbing,MANHATTAN,Closed
63591909,2025-01-01T16:01:34.000,2025-02-28T09:32:27.000,DPR,Dead/Dying Tree,STATEN ISLAND,Closed
63593648,2025-01-01T16:01:37.000,2025-01-02T17:02:58.000,NYPD,Noise - Residential,BRONX,Closed
63595073,2025-01-01T16:01:56.000,2025-01-02T13:41:57.000,HPD,HEAT/HOT WATER,QUEENS,Closed
63592077,2025-01-01T16:02:00.000,2025-01-01T16:35:00.000,DEP,Water System,QUEENS,Closed
63586116,2025-01-01T16:02:00.000,2025-01-02T12:15:00.000,DEP,Water System,QUEENS,Closed
63591100,2025-01-01T16:02:05.000,2025-01-02T17:02:57.000,NYPD,Noise - Residential,BRONX,Closed
63586146,2025-01-01T16:02:15.000,2025-01-02T17:02:59.000,NYPD,Noise - Residential,BRONX,Closed
63586310,2025-01-01T16:02:23.000,2025-01-01T16:18:21.000,NYPD,Noise - Residential,QUEENS,Closed
63591689,2025-01-01T16:02:32.000,2025-01-01T20:13:02.000,NYPD,Illegal Parking,BROOKLYN,Closed
63593240,2025-01-01T16:02:52.000,2025-01-02T17:08:58.000,NYPD,Noise - Residential,BRONX,Closed
63589708,2025-01-01T16:02:54.000,2025-01-02T17:06:20.000,NYPD,Noise - Residential,BRONX,Closed
63590171,2025-01-01T16:02:54.000,2025-01-04T17:14:27.000,HPD,HEAT/HOT WATER,MANHATTAN,Closed
63588854,2025-01-01T16:02:57.000,2025-03-28T07:03:46.000,TLC,For Hire Vehicle Complaint,BROOKLYN,Closed
63587596,2025-01-01T16:03:02.000,2025-01-01T20:13:00.000,NYPD,Noise - Street/Sidewalk,BROOKLYN,Closed
63594414,2025-01-01T16:03:32.000,2025-01-02T17:08:57.000,NYPD,Noise - Residential,BRONX,Closed
63591132,2025-01-01T16:03:40.000,2025-01-02T17:12:15.000,NYPD,Noise - Residential,BRONX,Closed
63586808,2025-01-01T16:03:44.000,2025-01-01T20:13:30.000,NYPD,Illegal Parking,BROOKLYN,Closed
63593258,2025-01-01T16:03:58.000,2025-01-13T07:17:07.000,DSNY,Illegal Dumping,MANHATTAN,Closed
63590538,2025-01-01T16:03:59.000,2025-01-01T17:50:31.000,NYPD,Illegal Parking,BRONX,Closed
63606873,2025-01-01T16:04:00.000,2025-01-03T10:37:00.000,DSNY,Derelict Vehicles,BROOKLYN,Closed
63587138,2025-01-01T16:04:10.000,2025-01-02T17:04:42.000,NYPD,Noise - Residential,BRONX,Closed
63587382,2025-01-01T16:04:27.000,2025-01-02T17:06:17.000,NYPD,Noise - Residential,BRONX,Closed
63585606,2025-01-01T16:04:27.000,2025-01-02T06:42:37.000,DSNY,Dirty Condition,MANHATTAN,Closed
63592600,2025-01-01T16:04:30.000,2025-01-01T16:23:47.000,NYPD,Noise - Residential,MANHATTAN,Closed
63586931,2025-01-01T16:04:33.000,2025-01-02T08:22:55.000,DPR,Damaged Tree,BROOKLYN,Closed
63591310,2025-01-01T16:04:39.000,2025-01-28T14:19:28.000,TLC,For Hire Vehicle Complaint,BROOKLYN,Closed
63588652,2025-01-01T16:04:48.000,2025-01-02T17:02:58.000,NYPD,Noise - Residential,BRONX,Closed
63587877,2025-01-01T16:04:55.000,2025-01-01T16:45:02.000,NYPD,Illegal Parking,BROOKLYN,Closed
63586856,2025-01-01T16:04:58.000,2025-04-09T18:04:25.000,HPD,UNSANITARY CONDITION,BROOKLYN,Closed
63586629,2025-01-01T16:05:00.000,2025-01-01T16:50:00.000,DOT,Traffic Signal Condition,BRONX,Closed
63593993,2025-01-01T16:05:00.000,2025-01-02T19:19:04.000,HPD,HEAT/HOT WATER,BRONX,Closed
63594520,2025-01-01T16:05:15.000,2025-01-02T17:06:22.000,NYPD,Noise - Residential,BRONX,Closed
63593615,2025-01-01T16:05:19.000,2025-03-28T07:03:29.000,TLC,For Hire Vehicle Complaint,MANHATTAN,Closed
63593380,2025-01-01T16:05:26.000,2025-01-02T17:06:18.000,NYPD,Noise - Residential,BRONX,Closed
63595300,2025-01-01T16:05:37.000,2025-01-01T20:12:29.000,NYPD,Illegal Parking,BROOKLYN,Closed
63589901,2025-01-01T16:05:39.000,2025-04-27T05:07:42.000,DHS,Encampment,MANHATTAN,Closed
63591260,2025-01-01T16:05:39.000,2025-01-01T17:56:45.000,NYPD,Encampment,MANHATTAN,Closed
63592312,2025-01-01T16:06:02.000,2025-01-02T17:06:26.000,NYPD,Noise - Residential,BRONX,Closed
63588142,2025-01-01T16:06:04.000,2025-01-02T17:10:35.000,NYPD,Noise - Residential,BRONX,Closed
63593046,2025-01-01T16:06:13.000,2025-01-01T16:11:22.000,NYPD,Illegal Parking,BROOKLYN,Closed
63589605,2025-01-01T16:06:22.000,2025-01-02T06:47:28.000,DOT,Street Sign - Damaged,MANHATTAN,Closed
63590371,2025-01-01T16:06:26.000,2025-01-01T17:58:32.000,NYPD,Blocked Driveway,QUEENS,Closed
63586137,2025-01-01T16:06:28.000,2025-01-01T18:41:29.000,NYPD,Abandoned Vehicle,BROOKLYN,Closed
63588015,2025-01-01T16:06:41.000,2025-01-01T20:05:57.000,NYPD,Illegal Parking,BROOKLYN,Closed
63589372,2025-01-01T16:06:42.000,2025-01-02T17:10:33.000,NYPD,Noise - Residential,BRONX,Closed
63590830,2025-01-01T16:06:50.000,2025-01-02T17:06:19.000,NYPD,Noise - Residential,BRONX,Closed
63593266,2025-01-01T16:07:02.000,2025-01-10T22:40:40.000,DOHMH,Food Establishment,BRONX,Closed
63592058,2025-01-01T16:07:04.000,2025-01-02T05:50:53.000,NYPD,Illegal Parking,BRONX,Closed
63590552,2025-01-01T16:07:12.000,2025-01-01T16:31:38.000,NYPD,Illegal Parking,BROOKLYN,Closed
63593841,2025-01-01T16:07:17.000,2025-01-01T16:09:47.000,DPR,Animal in a Park,QUEENS,Closed
63591954,2025-01-01T16:07:20.000,2025-01-02T17:10:34.000,NYPD,Noise - Residential,BRONX,Closed
63585637,2025-01-01T16:07:32.000,2025-01-01T20:29:43.000,NYPD,Illegal Parking,MANHATTAN,Closed
63594343,2025-01-01T16:07:36.000,2025-01-02T10:46:13.000,DSNY,Dirty Condition,BROOKLYN,Closed
63588529,2025-01-01T16:07:38.000,2025-01-02T17:08:58.000,NYPD,Noise - Residential,BRONX,Closed
63591131,2025-01-01T16:07:58.000,2025-01-02T17:12:14.000,NYPD,Noise - Residential,BRONX,Closed
63588066,2025-01-01T16:07:59.000,2025-01-16T13:20:05.000,HPD,UNSANITARY CONDITION,MANHATTAN,Closed
63590869,2025-01-01T16:08:06.000,2025-01-02T14:31:52.000,DSNY,Illegal Dumping,STATEN ISLAND,Closed
63588176,2025-01-01T16:08:08.000,2025-01-03T09:05:52.000,DOT,Street Condition,QUEENS,Closed
63586653,2025-01-01T16:08:10.000,2025-01-02T16:32:29.000,HPD,HEAT/HOT WATER,QUEENS,Closed
63591948,2025-01-01T16:08:16.000,2025-01-02T01:06:27.000,DSNY,Dirty Condition,BROOKLYN,Closed
63593581,2025-01-01T16:08:25.000,2025-01-02T17:04:45.000,NYPD,Noise - Residential,BRONX,Closed
63593379,2025-01-01T16:08:37.000,2025-01-02T17:06:21.000,NYPD,Noise - Residential,BRONX,Closed
63594004,2025-01-01T16:08:39.000,2025-01-02T15:02:36.000,HPD,HEAT/HOT WATER,BRONX,Closed
63591459,2025-01-01T16:08:48.000,2025-01-03T18:29:17.000,HPD,HEAT/HOT WATER,BRONX,Closed
63593888,2025-01-01T16:08:49.000,2025-01-02T20:27:35.000,HPD,HEAT/HOT WATER,BRONX,Closed
63587708,2025-01-01T16:08:53.000,2025-01-02T16:06:29.000,HPD,HEAT/HOT WATER,MANHATTAN,Closed
63594251,2025-01-01T16:09:01.000,2025-01-01T18:11:22.000,NYPD,Illegal Parking,MANHATTAN,Closed
63593028,2025-01-01T16:09:09.000,2025-01-01T16:37:04.000,NYPD,Illegal Parking,BROOKLYN,Closed
63589838,2025-01-01T16:09:13.000,2025-01-02T17:12:18.000,NYPD,Noise - Residential,BRONX,Closed
63593641,2025-01-01T16:09:15.000,2025-01-02T17:07:51.000,NYPD,Noise - Residential,BRONX,Closed
63588902,2025-01-01T16:09:23.000,2025-01-02T20:27:35.000,HPD,HEAT/HOT WATER,BRONX,Closed
63586710,2025-01-01T16:09:25.000,2025-01-01T17:35:03.000,NYPD,Illegal Parking,BRONX,Closed
63593452,2025-01-01T16:09:53.000,2025-01-02T17:02:57.000,NYPD,Noise - Residential,BRONX,Closed
63586779,2025-01-01T16:09:54.000,2025-01-01T18:38:59.000,NYPD,Illegal Parking,QUEENS,Closed
63592320,2025-01-01T16:10:00.000,2025-01-02T17:12:14.000,NYPD,Noise - Residential,BRONX,Closed
63590119,2025-01-01T16:10:01.000,2025-01-02T09:40:47.000,DOHMH,Indoor Air Quality,QUEENS,Closed
63595364,2025-01-01T16:10:08.000,2025-01-01T20:53:28.000,NYPD,Illegal Parking,BROOKLYN,Closed
63590700,2025-01-01T16:10:31.000,2025-01-02T17:08:58.000,NYPD,Noise - Residential,BRONX,Closed
63589337,2025-01-01T16:10:32.000,2025-01-04T11:51:51.000,DSNY,Illegal Dumping,QUEENS,Closed
63586876,2025-01-01T16:10:39.000,2025-01-01T22:51:18.000,NYPD,Illegal Parking,QUEENS,Closed
63594544,2025-01-01T16:10:45.000,2025-01-03T16:21:29.000,DSNY,Illegal Dumping,BROOKLYN,Closed
63587137,2025-01-01T16:10:48.000,2025-01-02T17:04:45.000,NYPD,Noise - Residential,BRONX,Closed
63594606,2025-01-01T16:11:09.000,2025-01-02T17:10:34.000,NYPD,Noise - Residential,BRONX,Closed
63586685,2025-01-01T16:11:16.000,2025-01-01T19:20:24.000,NYPD,Illegal Parking,QUEENS,Closed
63586316,2025-01-01T16:11:17.000,2025-01-01T23:12:31.000,NYPD,Noise - Residential,BRONX,Closed
63593444,2025-01-01T16:11:35.000,2025-01-02T17:04:44.000,NYPD,Noise - Residential,BRONX,Closed
63592348,2025-01-01T16:11:42.000,2025-01-01T16:40:02.000,NYPD,Noise - Commercial,BRONX,Closed
63586145,2025-01-01T16:11:48.000,2025-01-02T17:02:58.000,NYPD,Noise - Residential,BRONX,Closed
63593110,2025-01-01T16:11:50.000,2025-01-01T16:13:34.000,NYPD,Drug Activity,QUEENS,Closed
63591057,2025-01-01T16:11:51.000,2025-01-02T11:21:50.000,DOT,Street Condition,BROOKLYN,Closed
63591795,2025-01-01T16:11:57.000,2025-01-01T16:13:26.000,NYPD,Drug Activity,QUEENS,Closed
63595081,2025-01-01T16:11:58.000,2025-01-04T11:43:38.000,HPD,HEAT/HOT WATER,BRONX,Closed
63589155,2025-01-01T16:12:00.000,2025-01-01T16:55:00.000,DOT,Traffic Signal Condition,BRONX,Closed
63593111,2025-01-01T16:12:01.000,2025-01-01T16:13:08.000,NYPD,Drug Activity,QUEENS,Closed
63591427,2025-01-01T16:12:01.000,2025-01-03T20:17:54.000,HPD,HEAT/HOT WATER,MANHATTAN,Closed
63590608,2025-01-01T16:12:06.000,2025-01-01T16:13:16.000,NYPD,Drug Activity,QUEENS,Closed
63587734,2025-01-01T16:12:12.000,2025-01-03T18:29:17.000,HPD,HEAT/HOT WATER,BRONX,Closed
63590222,2025-01-01T16:12:14.000,2025-01-02T19:32:44.000,HPD,HEAT/HOT WATER,BROOKLYN,Closed
63595192,2025-01-01T16:12:16.000,2025-01-02T16:06:17.000,HPD,HEAT/HOT WATER,MANHATTAN,Closed
63586542,2025-01-01T16:12:22.000,2025-01-03T14:17:28.000,HPD,HEAT/HOT WATER,STATEN ISLAND,Closed
63588232,2025-01-01T16:12:23.000,2025-01-02T17:10:33.000,NYPD,Noise - Residential,BRONX,Closed
63588477,2025-01-01T16:12:25.000,2025-01-02T17:12:16.000,NYPD,Noise - Residential,BRONX,Closed
63589032,2025-01-01T16:12:27.000,2025-01-02T17:03:07.000,HPD,PAINT/PLASTER,BRONX,Closed
63593116,2025-01-01T16:12:28.000,2025-01-02T17:03:07.000,HPD,WATER LEAK,BRONX,Closed
63586025,2025-01-01T16:12:35.000,2025-01-01T20:11:41.000,NYPD,Abandoned Vehicle,BROOKLYN,Closed
63591982,2025-01-01T16:12:49.000,2025-01-02T16:09:17.000,DPR,Maintenance or Facility,MANHATTAN,Closed
63592540,2025-01-01T16:12:55.000,2025-01-01T19:23:06.000,NYPD,Noise - Residential,MANHATTAN,Closed
63586084,2025-01-01T16:13:03.000,2025-01-02T17:03:00.000,NYPD,Noise - Residential,BRONX,Closed
63586494,2025-01-01T16:13:07.000,2025-02-03T07:11:12.000,HPD,ELECTRIC,BROOKLYN,Closed
63592806,2025-01-01T16:13:07.000,2025-02-03T07:11:12.000,HPD,PLUMBING,BROOKLYN,Closed
63595216,2025-01-01T16:13:07.000,2025-02-03T07:11:12.000,HPD,PLUMBING,BROOKLYN,Closed
63587765,2025-01-01T16:13:07.000,2025-02-03T07:11:12.000,HPD,PLUMBING,BROOKLYN,Closed
63586160,2025-01-01T16:13:11.000,2025-01-02T17:07:59.000,NYPD,Noise - Residential,BRONX,Closed
63589637,2025-01-01T16:13:26.000,2025-01-02T09:40:00.000,DOT,Street Condition,MANHATTAN,Closed
63588638,2025-01-01T16:13:32.000,2025-01-01T17:31:49.000,NYPD,Noise - Residential,BRONX,Closed
63588517,2025-01-01T16:13:38.000,2025-01-09T11:14:17.000,DOT,Street Sign - Dangling,QUEENS,Closed
63593560,2025-01-01T16:13:42.000,2025-01-02T17:06:19.000,NYPD,Noise - Residential,BRONX,Closed
63590846,2025-01-01T16:13:58.000,2025-01-02T17:10:35.000,NYPD,Noise - Residential,BRONX,Closed
63589012,2025-01-01T16:14:10.000,2025-01-02T05:58:25.000,NYPD,Blocked Driveway,QUEENS,Closed
63591165,2025-01-01T16:14:20.000,2025-01-02T17:04:46.000,NYPD,Noise - Residential,BRONX,Closed
63592361,2025-01-01T16:14:46.000,2025-01-02T17:07:54.000,NYPD,Noise - Residential,BRONX,Closed
63594605,2025-01-01T16:14:58.000,2025-01-02T17:10:33.000,NYPD,Noise - Residential,BRONX,Closed
63595448,2025-01-01T16:15:06.000,2025-01-01T19:30:22.000,NYPD,Illegal Parking,BROOKLYN,Closed
63592586,2025-01-01T16:15:09.000,2025-01-01T17:44:25.000,NYPD,Noise - Residential,QUEENS,Closed
63592715,2025-01-01T16:15:30.000,2025-01-03T13:00:10.000,HPD,HEAT/HOT WATER,BROOKLYN,Closed
63588746,2025-01-01T16:15:32.000,2025-01-01T20:04:23.000,NYPD,Noise - Residential,QUEENS,Closed
63588372,2025-01-01T16:15:33.000,2025-01-02T17:06:17.000,NYPD,Noise - Residential,BRONX,Closed
63585724,2025-01-01T16:15:36.000,2025-01-02T17:12:14.000,NYPD,Noise - Residential,BRONX,Closed
63586941,2025-01-01T16:15:40.000,2025-01-02T02:10:27.000,NYPD,Illegal Parking,QUEENS,Closed
63590259,2025-01-01T16:15:48.000,2025-01-02T19:54:08.000,HPD,HEAT/HOT WATER,BROOKLYN,Closed
63590280,2025-01-01T16:16:00.000,2025-01-02T02:19:44.000,NYPD,Blocked Driveway,QUEENS,Closed
63586800,2025-01-01T16:16:02.000,2025-01-01T16:48:38.000,NYPD,Illegal Parking,BROOKLYN,Closed
63591350,2025-01-01T16:16:03.000,2025-01-01T17:44:04.000,NYPD,Noise - Street/Sidewalk,QUEENS,Closed
63590491,2025-01-01T16:16:10.000,2025-01-01T20:18:51.000,NYPD,Urinating in Public,BROOKLYN,Closed
63593016,2025-01-01T16:16:10.000,2025-01-01T16:20:18.000,NYPD,Illegal Parking,BROOKLYN,Closed
63590691,2025-01-01T16:16:14.000,2025-01-02T17:10:33.000,NYPD,Noise - Residential,BRONX,Closed
63593029,2025-01-01T16:16:14.000,2025-01-01T20:53:47.000,NYPD,Illegal Parking,BROOKLYN,Closed
63592689,2025-01-01T16:16:17.000,2025-01-02T07:12:12.000,HPD,HEAT/HOT WATER,BROOKLYN,Closed
63587928,2025-01-01T16:16:21.000,2025-01-01T16:54:49.000,NYPD,Blocked Driveway,BROOKLYN,Closed
63585726,2025-01-01T16:16:21.000,2025-01-02T17:08:58.000,NYPD,Noise - Residential,BRONX,Closed
63592811,2025-01-01T16:16:27.000,2025-01-02T08:50:14.000,HPD,PLUMBING,BRONX,Closed
63587581,2025-01-01T16:16:43.000,2025-01-01T20:55:08.000,NYPD,Noise - Residential,BRONX,Closed
63586783,2025-01-01T16:16:45.000,2025-01-01T16:35:22.000,NYPD,Illegal Parking,BROOKLYN,Closed
63592311,2025-01-01T16:16:52.000,2025-01-02T17:06:20.000,NYPD,Noise - Residential,BRONX,Closed
63592913,2025-01-01T16:16:54.000,2025-01-01T17:12:45.000,NYPD,Blocked Driveway,BROOKLYN,Closed
63587208,2025-01-01T16:17:00.000,2025-01-03T09:27:00.000,DEP,Water Conservation,QUEENS,Closed
63595462,2025-01-01T16:17:00.000,2025-01-29T11:30:00.000,DOT,Street Light Condition,QUEENS,Closed
63594387,2025-01-01T16:17:00.000,2025-01-02T10:30:00.000,DEP,Noise,BROOKLYN,Closed
63593168,2025-01-01T16:17:07.000,2025-01-03T14:38:03.000,DPR,Damaged Tree,QUEENS,Closed
63594411,2025-01-01T16:17:08.000,2025-01-02T17:12:12.000,NYPD,Noise - Residential,BRONX,Closed
63586584,2025-01-01T16:17:14.000,2025-01-02T13:25:57.000,HPD,HEAT/HOT WATER,BRONX,Closed
63585977,2025-01-01T16:17:30.000,2025-01-02T17:06:24.000,NYPD,Noise - Residential,BRONX,Closed
63586934,2025-01-01T16:17:42.000,2025-02-27T14:48:33.000,DOHMH,Food Establishment,MANHATTAN,Closed
63594230,2025-01-01T16:17:42.000,2025-01-01T18:29:40.000,NYPD,Traffic,QUEENS,Closed
63588141,2025-01-01T16:17:56.000,2025-01-02T17:10:33.000,NYPD,Noise - Residential,BRONX,Closed
63588982,2025-01-01T16:18:00.000,2025-01-03T13:15:47.000,HPD,HEAT/HOT WATER,BROOKLYN,Closed
63591434,2025-01-01T16:18:01.000,2025-01-03T13:32:36.000,HPD,HEAT/HOT WATER,BRONX,Closed
63593432,2025-01-01T16:18:08.000,2025-01-02T17:10:34.000,NYPD,Noise - Residential,BRONX,Closed
63588828,2025-01-01T16:18:20.000,2025-01-01T16:47:05.000,NYPD,Noise - Residential,BROOKLYN,Closed
63587329,2025-01-01T16:18:44.000,2025-01-02T17:03:03.000,NYPD,Noise - Residential,BRONX,Closed
63588369,2025-01-01T16:18:47.000,2025-01-02T17:02:59.000,NYPD,Noise - Residential,BRONX,Closed
63592977,2025-01-01T16:19:00.000,2025-01-01T17:04:07.000,NYPD,Illegal Parking,BROOKLYN,Closed
63595029,2025-01-01T16:19:12.000,2025-01-01T16:35:05.000,NYPD,Noise - Street/Sidewalk,BROOKLYN,Closed
63589952,2025-01-01T16:19:25.000,2025-01-02T17:04:45.000,NYPD,Noise - Residential,BRONX,Closed
63585779,2025-01-01T16:19:31.000,2025-01-02T17:08:57.000,NYPD,Noise - Residential,BRONX,Closed
63587682,2025-01-01T16:19:35.000,2025-01-03T20:14:09.000,HPD,HEAT/HOT WATER,MANHATTAN,Closed
63590232,2025-01-01T16:19:36.000,2025-01-04T12:34:02.000,HPD,HEAT/HOT WATER,MANHATTAN,Closed
63593179,2025-01-01T16:19:38.000,2025-01-02T11:26:09.000,DPR,Damaged Tree,QUEENS,Closed
63589126,2025-01-01T16:19:46.000,2025-01-01T17:44:11.000,NYPD,Non-Emergency Police Matter,MANHATTAN,Closed
63586995,2025-01-01T16:20:00.000,2025-01-04T15:23:23.000,DSNY,Illegal Dumping,BROOKLYN,Closed
63591771,2025-01-01T16:20:00.000,2025-01-02T14:08:00.000,DOT,Street Light Condition,BRONX,Closed
63588526,2025-01-01T16:20:00.000,2025-01-16T11:00:00.000,DEP,Water System,MANHATTAN,Closed
63585702,2025-01-01T16:20:03.000,2025-01-02T17:12:14.000,NYPD,Noise - Residential,BRONX,Closed
63587064,2025-01-01T16:20:08.000,2025-02-24T15:22:51.000,DPR,Root/Sewer/Sidewalk Condition,QUEENS,Closed
63590937,2025-01-01T16:20:19.000,2025-01-02T17:06:22.000,NYPD,Noise - Residential,BRONX,Closed
63585675,2025-01-01T16:20:29.000,2025-01-01T16:20:29.000,DOHMH,Unsanitary Animal Pvt Property,QUEENS,Closed
63590649,2025-01-01T16:20:33.000,2025-01-03T13:54:47.000,DOHMH,Indoor Sewage,QUEENS,Closed
63595326,2025-01-01T16:20:34.000,2025-02-01T04:01:54.000,DCWP,Consumer Complaint,BROOKLYN,Closed
63593357,2025-01-01T16:20:41.000,2025-01-02T17:10:37.000,NYPD,Noise - Residential,BRONX,Closed
63592082,2025-01-01T16:21:06.000,2025-01-02T17:12:19.000,NYPD,Noise - Residential,BRONX,Closed
63586144,2025-01-01T16:21:19.000,2025-01-02T17:02:58.000,NYPD,Noise - Residential,BRONX,Closed
63586682,2025-01-01T16:21:20.000,2025-01-01T16:58:09.000,NYPD,Illegal Parking,BROOKLYN,Closed
63595340,2025-01-01T16:21:22.000,2025-01-01T17:44:49.000,NYPD,Illegal Parking,BROOKLYN,Closed
63587433,2025-01-01T16:21:41.000,2025-01-01T17:37:01.000,NYPD,Noise - Residential,BROOKLYN,Closed
63586778,2025-01-01T16:21:41.000,2025-01-01T20:02:49.000,NYPD,Illegal Parking,BRONX,Closed
63590924,2025-01-01T16:21:46.000,2025-01-02T10:15:51.000,DOT,Street Condition,BRONX,Closed
63587243,2025-01-01T16:21:54.000,2025-01-02T17:08:58.000,NYPD,Noise - Residential,BRONX,Closed
63588446,2025-01-01T16:21:57.000,2025-01-02T17:04:43.000,NYPD,Noise - Residential,BRONX,Closed
63591755,2025-01-01T16:22:04.000,2025-01-01T21:47:00.000,NYPD,Illegal Parking,QUEENS,Closed
63586963,2025-01-01T16:22:26.000,2025-01-03T09:40:00.000,DOT,Street Condition,QUEENS,Closed
63590510,2025-01-01T16:22:26.000,2025-01-01T20:24:16.000,NYPD,Illegal Parking,STATEN ISLAND,Closed
63587381,2025-01-01T16:22:35.000,2025-01-02T17:06:19.000,NYPD,Noise - Residential,BRONX,Closed
63588422,2025-01-01T16:22:41.000,2025-01-02T17:08:57.000,NYPD,Noise - Residential,BRONX,Closed
63592768,2025-01-01T16:22:43.000,2025-01-03T19:18:10.000,HPD,HEAT/HOT WATER,MANHATTAN,Closed
63592740,2025-01-01T16:22:54.000,2025-01-03T16:55:46.000,HPD,HEAT/HOT WATER,QUEENS,Closed
63591921,2025-01-01T16:22:54.000,2025-01-02T16:13:22.000,DPR,Maintenance or Facility,MANHATTAN,Closed
63590522,2025-01-01T16:23:00.000,2025-01-01T17:35:00.000,DOT,Traffic Signal Condition,BROOKLYN,Closed
63593148,2025-01-01T16:23:00.000,2025-01-01T16:23:00.000,DEP,Water System,STATEN ISLAND,Closed
63593123,2025-01-01T16:23:00.000,2025-01-07T11:24:00.000,DEP,Noise,BRONX,Closed
63588672,2025-01-01T16:23:01.000,2025-01-01T19:37:56.000,NYPD,Noise - Residential,QUEENS,Closed
63586723,2025-01-01T16:23:13.000,2025-01-01T18:16:09.000,NYPD,Illegal Parking,MANHATTAN,Closed
63594846,2025-01-01T16:23:14.000,2025-01-02T17:02:58.000,NYPD,Noise - Residential,BRONX,Closed
63586661,2025-01-01T16:23:29.000,2025-01-03T11:07:21.000,DSNY,Dirty Condition,QUEENS,Closed
63590905,2025-01-01T16:23:29.000,2025-01-02T17:08:58.000,NYPD,Noise - Residential,BRONX,Closed
63586516,2025-01-01T16:23:36.000,2025-01-01T19:07:02.000,NYPD,Blocked Driveway,BRONX,Closed
63586750,2025-01-01T16:23:36.000,2025-01-02T02:22:23.000,DSNY,Graffiti,Unspecified,Closed
63591224,2025-01-01T16:23:38.000,2025-01-01T16:31:32.000,NYPD,Noise - Residential,QUEENS,Closed
63590350,2025-01-01T16:23:40.000,2025-01-01T17:36:33.000,NYPD,Blocked Driveway,BROOKLYN,Closed
63589160,2025-01-01T16:23:41.000,2025-01-01T22:27:10.000,NYPD,Blocked Driveway,QUEENS,Closed
63587358,2025-01-01T16:23:52.000,2025-01-02T17:08:57.000,NYPD,Noise - Residential,BRONX,Closed
63586128,2025-01-01T16:24:16.000,2025-01-02T17:07:59.000,NYPD,Noise - Residential,BRONX,Closed
63594519,2025-01-01T16:24:30.000,2025-01-02T17:06:22.000,NYPD,Noise - Residential,BRONX,Closed
63590574,2025-01-01T16:24:31.000,2025-01-01T18:30:10.000,NYPD,Illegal Parking,QUEENS,Closed
63594183,2025-01-01T16:24:42.000,2025-01-01T18:30:01.000,NYPD,Illegal Parking,QUEENS,Closed
63594283,2025-01-01T16:24:58.000,2025-01-01T18:29:53.000,NYPD,Illegal Parking,QUEENS,Closed
63592999,2025-01-01T16:25:00.000,2025-01-01T16:31:52.000,NYPD,Illegal Parking,QUEENS,Closed
63591143,2025-01-01T16:25:04.000,2025-01-02T17:06:22.000,NYPD,Noise - Residential,BRONX,Closed
63589837,2025-01-01T16:25:08.000,2025-01-02T17:08:00.000,NYPD,Noise - Residential,BRONX,Closed
63591645,2025-01-01T16:25:24.000,2025-01-01T18:03:04.000,DPR,Violation of Park Rules,BROOKLYN,Closed
63586159,2025-01-01T16:25:46.000,2025-01-02T17:07:55.000,NYPD,Noise - Residential,BRONX,Closed
63587217,2025-01-01T16:25:52.000,2025-01-02T17:06:18.000,NYPD,Noise - Residential,BRONX,Closed
63591674,2025-01-01T16:26:05.000,2025-01-13T07:29:04.000,DSNY,Dirty Condition,MANHATTAN,Closed
63595119,2025-01-01T16:26:12.000,2025-01-03T16:55:46.000,HPD,HEAT/HOT WATER,QUEENS,Closed
63590130,2025-01-01T16:26:13.000,2025-01-01T18:06:33.000,DPR,Animal in a Park,QUEENS,Closed
63590279,2025-01-01T16:26:14.000,2025-01-02T04:35:54.000,NYPD,Blocked Driveway,QUEENS,Closed
63586127,2025-01-01T16:26:24.000,2025-01-02T17:07:56.000,NYPD,Noise - Residential,BRONX,Closed
63594274,2025-01-01T16:26:35.000,2025-01-01T17:50:14.000,NYPD,Illegal Parking,BRONX,Closed
63589527,2025-01-01T16:26:39.000,2025-01-02T17:12:15.000,NYPD,Noise - Residential,BRONX,Closed
63585979,2025-01-01T16:26:55.000,2025-11-06T07:39:03.000,DPR,Overgrown Tree/Branches,QUEENS,Closed
63586694,2025-01-01T16:26:57.000,2025-01-01T20:24:25.000,NYPD,Illegal Parking,STATEN ISLAND,Closed
63591727,2025-01-01T16:26:58.000,2025-01-01T17:33:28.000,NYPD,Illegal Parking,BROOKLYN,Closed
63590335,2025-01-01T16:26:59.000,2025-01-01T23:16:00.000,NYPD,Abandoned Vehicle,BRONX,Closed
63588496,2025-01-01T16:27:02.000,2025-01-02T17:02:58.000,NYPD,Noise - Residential,BRONX,Closed
63594953,2025-01-01T16:27:05.000,2025-01-01T19:31:57.000,NYPD,Noise - Commercial,MANHATTAN,Closed
63588368,2025-01-01T16:27:27.000,2025-01-02T17:03:00.000,NYPD,Noise - Residential,BRONX,Closed
63587444,2025-01-01T16:27:40.000,2025-01-02T17:02:58.000,NYPD,Noise - Residential,BRONX,Closed
63589691,2025-01-01T16:27:56.000,2025-01-01T17:34:39.000,NYPD,Illegal Parking,BRONX,Closed
63587599,2025-01-01T16:28:12.000,2025-01-01T17:02:35.000,NYPD,Noise - Vehicle,BROOKLYN,Closed
63588421,2025-01-01T16:28:14.000,2025-01-02T17:08:58.000,NYPD,Noise - Residential,BRONX,Closed
63589463,2025-01-01T16:28:18.000,2025-01-02T17:06:20.000,NYPD,Noise - Residential,BRONX,Closed
63588415,2025-01-01T16:28:25.000,2025-01-03T08:38:35.000,DPR,Damaged Tree,QUEENS,Closed
63593756,2025-01-01T16:28:42.000,2025-01-01T17:07:13.000,NYPD,Noise - Residential,BRONX,Closed
63589238,2025-01-01T16:28:57.000,2025-01-01T16:28:57.000,DOT,Street Condition,MANHATTAN,Closed
63589707,2025-01-01T16:28:57.000,2025-01-02T17:06:23.000,NYPD,Noise - Residential,BRONX,Closed
63588042,2025-01-01T16:28:59.000,2025-01-01T16:33:30.000,NYPD,Illegal Parking,BROOKLYN,Closed
63590894,2025-01-01T16:29:00.000,2025-01-02T06:41:00.000,DEP,Air Quality,QUEENS,Closed
63593225,2025-01-01T16:29:00.000,2025-03-20T07:11:00.000,DEP,Water Quality,BRONX,Closed
63587207,2025-01-01T16:29:00.000,2025-01-02T06:42:00.000,DEP,Air Quality,QUEENS,Closed
63589537,2025-01-01T16:29:00.000,2025-01-02T06:41:00.000,DEP,Air Quality,QUEENS,Closed
63594518,2025-01-01T16:29:02.000,2025-01-02T17:06:28.000,NYPD,Noise - Residential,BRONX,Closed
63588099,2025-01-01T16:29:05.000,2025-04-14T08:31:14.000,HPD,UNSANITARY CONDITION,QUEENS,Closed
63586902,2025-01-01T16:29:05.000,2025-04-14T08:31:14.000,HPD,UNSANITARY CONDITION,QUEENS,Closed
63592670,2025-01-01T16:29:06.000,2025-01-03T18:13:28.000,HPD,HEAT/HOT WATER,MANHATTAN,Closed
63590218,2025-01-01T16:29:09.000,2025-01-02T18:10:56.000,HPD,HEAT/HOT WATER,QUEENS,Closed
63588811,2025-01-01T16:29:11.000,2025-01-01T16:33:03.000,NYPD,Encampment,QUEENS,Closed
63588741,2025-01-01T16:29:11.000,2025-01-05T07:16:58.000,DHS,Encampment,QUEENS,Closed
63593923,2025-01-01T16:29:17.000,2025-01-02T15:01:19.000,HPD,HEAT/HOT WATER,BRONX,Closed
63586910,2025-01-01T16:29:35.000,2025-01-02T17:12:14.000,NYPD,Noise - Residential,BRONX,Closed
63594227,2025-01-01T16:29:36.000,2025-01-01T22:19:35.000,NYPD,Blocked Driveway,QUEENS,Closed
63592884,2025-01-01T16:29:48.000,2025-01-02T10:44:53.000,NYPD,Blocked Driveway,QUEENS,Closed
63586152,2025-01-01T16:29:50.000,2025-01-02T17:08:59.000,NYPD,Noise - Residential,BRONX,Closed
63586447,2025-01-01T16:29:54.000,2025-01-01T17:56:55.000,NYPD,Encampment,MANHATTAN,Closed
63591207,2025-01-01T16:29:54.000,2025-04-27T05:11:38.000,DHS,Encampment,MANHATTAN,Closed
63585902,2025-01-01T16:30:13.000,2025-01-02T17:10:32.000,NYPD,Noise - Residential,BRONX,Closed
63592923,2025-01-01T16:30:27.000,2025-01-01T16:57:53.000,NYPD,Blocked Driveway,BROOKLYN,Closed
63587873,2025-01-01T16:30:28.000,2025-01-01T18:29:18.000,NYPD,Traffic,QUEENS,Closed
63586067,2025-01-01T16:30:37.000,2025-01-02T17:04:46.000,NYPD,Noise - Residential,BRONX,Closed
63588684,2025-01-01T16:30:51.000,2025-01-02T17:08:58.000,NYPD,Noise - Residential,BRONX,Closed
63594193,2025-01-01T16:30:56.000,2025-01-01T18:36:30.000,NYPD,Blocked Driveway,QUEENS,Closed
63592954,2025-01-01T16:30:59.000,2025-01-01T17:15:25.000,NYPD,Illegal Parking,QUEENS,Closed
63595320,2025-01-01T16:31:24.000,2025-01-01T18:29:28.000,NYPD,Traffic,QUEENS,Closed
63593378,2025-01-01T16:31:25.000,2025-01-02T17:06:22.000,NYPD,Noise - Residential,BRONX,Closed
63593286,2025-01-01T16:31:29.000,2025-01-02T17:10:34.000,NYPD,Noise - Residential,BRONX,Closed
63595013,2025-01-01T16:31:49.000,2025-01-01T16:47:41.000,NYPD,Noise - Residential,BROOKLYN,Closed
63591274,2025-01-01T16:31:52.000,2025-01-01T19:23:15.000,NYPD,Noise - Residential,MANHATTAN,Closed
63588491,2025-01-01T16:32:00.000,2025-01-03T13:20:00.000,DEP,Water System,BRONX,Closed
63592707,2025-01-01T16:32:05.000,2025-01-01T22:26:25.000,HPD,HEAT/HOT WATER,BRONX,Closed
63595124,2025-01-01T16:32:06.000,2025-01-02T18:39:53.000,HPD,HEAT/HOT WATER,MANHATTAN,Closed
63587313,2025-01-01T16:32:07.000,2025-01-02T17:04:46.000,NYPD,Noise - Residential,BRONX,Closed
63593937,2025-01-01T16:32:07.000,2025-01-02T20:33:07.000,HPD,HEAT/HOT WATER,BROOKLYN,Closed
63594460,2025-01-01T16:32:12.000,2025-01-02T17:10:34.000,NYPD,Noise - Residential,BRONX,Closed
63590275,2025-01-01T16:32:15.000,2025-01-04T10:12:12.000,HPD,HEAT/HOT WATER,MANHATTAN,Closed
63585626,2025-01-01T16:32:16.000,2025-01-03T15:12:29.000,DSNY,Litter Basket Request,STATEN ISLAND,Closed
63591408,2025-01-01T16:32:21.000,2025-01-02T20:12:42.000,HPD,HEAT/HOT WATER,BROOKLYN,Closed
63587936,2025-01-01T16:32:23.000,2025-01-01T18:13:19.000,NYPD,Illegal Parking,STATEN ISLAND,Closed
63592974,2025-01-01T16:32:28.000,2025-01-01T18:16:40.000,NYPD,Illegal Parking,BROOKLYN,Closed
63590633,2025-01-01T16:32:36.000,2025-01-02T10:50:07.000,DSNY,Dirty Condition,BROOKLYN,Closed
63592741,2025-01-01T16:32:36.000,2025-01-03T17:50:40.000,HPD,HEAT/HOT WATER,BROOKLYN,Closed
63592947,2025-01-01T16:32:40.000,2025-01-01T18:29:09.000,NYPD,Traffic,QUEENS,Closed
63592114,2025-01-01T16:32:45.000,2025-01-02T17:04:47.000,NYPD,Noise - Residential,BRONX,Closed
63592995,2025-01-01T16:32:56.000,2025-01-01T18:27:11.000,NYPD,Illegal Parking,QUEENS,Closed
63593464,2025-01-01T16:33:00.000,2025-01-02T17:08:58.000,NYPD,Noise - Residential,BRONX,Closed
63590309,2025-01-01T16:33:13.000,2025-01-01T22:56:46.000,NYPD,Blocked Driveway,QUEENS,Closed
63586400,2025-01-01T16:33:15.000,2025-01-01T16:48:21.000,NYPD,Noise - Residential,BROOKLYN,Closed
63592287,2025-01-01T16:33:23.000,2025-01-13T11:54:56.000,DOT,Sidewalk Condition,MANHATTAN,Closed
63586057,2025-01-01T16:33:24.000,2025-01-02T17:06:22.000,NYPD,Noise - Residential,BRONX,Closed
63589608,2025-01-01T16:33:47.000,2025-01-02T17:10:34.000,NYPD,Noise - Residential,BRONX,Closed
63590310,2025-01-01T16:33:57.000,2025-01-10T19:44:50.000,DOHMH,Day Care,BROOKLYN,Closed
63592454,2025-01-01T16:34:00.000,2025-01-02T06:05:00.000,DOT,Traffic Signal Condition,BROOKLYN,Closed
63586119,2025-01-01T16:34:02.000,2025-01-02T17:08:59.000,NYPD,Noise - Residential,BRONX,Closed
63594095,2025-01-01T16:34:04.000,2025-01-01T19:10:48.000,NYPD,Blocked Driveway,STATEN ISLAND,Closed
63595046,2025-01-01T16:34:16.000,2025-01-01T16:37:42.000,NYPD,Non-Emergency Police Matter,QUEENS,Closed
63586462,2025-01-01T16:34:17.000,2025-01-01T20:55:31.000,NYPD,Blocked Driveway,BRONX,Closed
63592431,2025-01-01T16:34:34.000,2025-01-01T17:15:41.000,NYPD,Noise - Residential,BRONX,Closed
63591887,2025-01-01T16:34:35.000,2025-01-02T17:12:16.000,NYPD,Noise - Residential,BRONX,Closed
63593534,2025-01-01T16:34:40.000,2025-01-02T17:06:19.000,NYPD,Noise - Residential,BRONX,Closed
63592453,2025-01-01T16:35:00.000,2025-01-28T12:20:00.000,DOT,Traffic Signal Condition,BROOKLYN,Closed
63590743,2025-01-01T16:35:00.000,2025-01-01T16:35:00.000,DEP,Water System,BROOKLYN,Closed
63592710,2025-01-01T16:35:05.000,2025-01-03T17:48:13.000,HPD,HEAT/HOT WATER,MANHATTAN,Closed
63586597,2025-01-01T16:35:06.000,2025-01-02T17:03:19.000,HPD,HEAT/HOT WATER,BRONX,Closed
63595107,2025-01-01T16:35:08.000,2025-01-02T15:02:36.000,HPD,HEAT/HOT WATER,BRONX,Closed
63588410,2025-01-01T16:35:12.000,2025-01-03T15:12:14.000,DSNY,Illegal Dumping,STATEN ISLAND,Closed
63590367,2025-01-01T16:35:18.000,2025-01-03T14:52:18.000,HPD,PLUMBING,BROOKLYN,Closed
63594459,2025-01-01T16:35:18.000,2025-01-02T17:10:36.000,NYPD,Noise - Residential,BRONX,Closed
63589748,2025-01-01T16:35:23.000,2025-01-02T17:04:45.000,NYPD,Noise - Residential,BRONX,Closed
63586857,2025-01-01T16:35:34.000,2025-01-12T17:36:53.000,HPD,UNSANITARY CONDITION,BROOKLYN,Closed
63593921,2025-01-01T16:35:36.000,2025-01-03T16:04:43.000,HPD,HEAT/HOT WATER,MANHATTAN,Closed
63594897,2025-01-01T16:35:56.000,2025-01-02T17:02:58.000,NYPD,Noise - Residential,BRONX,Closed
63595188,2025-01-01T16:35:58.000,2025-01-04T16:45:57.000,HPD,HEAT/HOT WATER,MANHATTAN,Closed
63592996,2025-01-01T16:36:05.000,2025-01-01T16:39:39.000,NYPD,Illegal Parking,QUEENS,Closed
63592099,2025-01-01T16:36:10.000,2025-01-02T17:12:19.000,NYPD,Noise - Residential,BRONX,Closed
63595443,2025-01-01T16:36:19.000,2025-01-01T17:24:27.000,NYPD,Illegal Parking,BRONX,Closed
63585845,2025-01-01T16:36:34.000,2025-01-02T17:10:35.000,NYPD,Noise - Residential,BRONX,Closed
63595344,2025-01-01T16:36:37.000,2025-01-01T18:19:59.000,NYPD,Illegal Parking,QUEENS,Closed
63595136,2025-01-01T16:36:45.000,2025-01-02T10:45:34.000,HPD,HEAT/HOT WATER,BRONX,Closed
63593578,2025-01-01T16:36:58.000,2025-01-02T17:04:43.000,NYPD,Noise - Residential,BRONX,Closed
63587493,2025-01-01T16:37:12.000,2025-01-02T17:07:57.000,NYPD,Noise - Residential,BRONX,Closed
63592260,2025-01-01T16:37:22.000,2025-01-07T00:00:00.000,DOB,General Construction/Plumbing,QUEENS,Closed
63592896,2025-01-01T16:37:22.000,2025-02-19T00:00:00.000,DOB,Building/Use,BROOKLYN,Closed
63587776,2025-01-01T16:37:24.000,2025-01-14T13:29:11.000,DPR,Wood Pile Remaining,QUEENS,Closed
63587380,2025-01-01T16:37:45.000,2025-01-02T17:06:23.000,NYPD,Noise - Residential,BRONX,Closed
63585778,2025-01-01T16:37:51.000,2025-01-02T17:12:17.000,NYPD,Noise - Residential,BRONX,Closed
63589152,2025-01-01T16:37:52.000,2025-01-03T00:00:00.000,DOB,General Construction/Plumbing,STATEN ISLAND,Closed
63591831,2025-01-01T16:38:00.000,2025-01-03T11:15:00.000,DEP,Noise,MANHATTAN,Closed
63601565,2025-01-01T16:38:00.000,2025-01-02T22:03:00.000,DSNY,Derelict Vehicles,BROOKLYN,Closed
63592919,2025-01-01T16:38:11.000,2025-01-01T19:53:49.000,NYPD,Blocked Driveway,QUEENS,Closed
63591564,2025-01-01T16:38:24.000,2025-01-01T22:39:47.000,NYPD,Blocked Driveway,QUEENS,Closed
63589800,2025-01-01T16:38:28.000,2025-01-02T17:12:14.000,NYPD,Noise - Residential,BRONX,Closed
63585958,2025-01-01T16:38:33.000,2025-01-02T17:06:21.000,NYPD,Noise - Residential,BRONX,Closed
63586593,2025-01-01T16:39:01.000,2025-01-03T17:22:25.000,HPD,HEAT/HOT WATER,BRONX,Closed
63594210,2025-01-01T16:39:01.000,2025-01-01T22:49:44.000,NYPD,Blocked Driveway,QUEENS,Closed
63586665,2025-01-01T16:39:02.000,2025-01-02T20:33:07.000,HPD,PLUMBING,BROOKLYN,Closed
63588942,2025-01-01T16:39:04.000,2025-01-02T13:06:02.000,HPD,HEAT/HOT WATER,BROOKLYN,Closed
63591200,2025-01-01T16:39:07.000,2025-01-02T17:09:00.000,NYPD,Noise - Residential,BRONX,Closed
63588865,2025-01-01T16:39:10.000,2025-01-17T05:02:07.000,HPD,DOOR/WINDOW,MANHATTAN,Closed
63589462,2025-01-01T16:39:20.000,2025-01-02T17:06:27.000,NYPD,Noise - Residential,BRONX,Closed
63587866,2025-01-01T16:39:27.000,2025-01-01T20:19:30.000,NYPD,Non-Emergency Police Matter,BROOKLYN,Closed
63594811,2025-01-01T16:39:45.000,2025-01-02T17:04:44.000,NYPD,Noise - Residential,BRONX,Closed
63591778,2025-01-01T16:40:06.000,2025-01-02T13:29:33.000,DSNY,Residential Disposal Complaint,BRONX,Closed
63589782,2025-01-01T16:40:08.000,2025-01-02T17:08:59.000,NYPD,Noise - Residential,BRONX,Closed
63586134,2025-01-01T16:40:23.000,2025-01-02T17:02:59.000,NYPD,Noise - Residential,BRONX,Closed
63593832,2025-01-01T16:40:30.000,2025-01-01T20:13:47.000,NYPD,Noise - Residential,BROOKLYN,Closed
63594368,2025-01-01T16:40:33.000,2025-01-03T10:55:47.000,DPR,Damaged Tree,QUEENS,Closed
63587577,2025-01-01T16:40:52.000,2025-01-02T00:00:00.000,DOB,Elevator,BRONX,Closed
63592857,2025-01-01T16:40:53.000,2025-02-28T00:00:00.000,DOB,Building/Use,STATEN ISLAND,Closed
63593407,2025-01-01T16:40:53.000,2025-04-17T00:00:00.000,DOB,Elevator,BROOKLYN,Closed
63594637,2025-01-01T16:40:55.000,2025-01-02T17:07:58.000,NYPD,Noise - Residential,BRONX,Closed
63589876,2025-01-01T16:41:00.000,2025-01-03T21:20:00.000,DEP,Water System,BROOKLYN,Closed
63587242,2025-01-01T16:41:01.000,2025-01-02T17:09:00.000,NYPD,Noise - Residential,BRONX,Closed
63589284,2025-01-01T16:41:15.000,2025-01-01T18:16:27.000,NYPD,Illegal Parking,BROOKLYN,Closed
63586252,2025-01-01T16:41:31.000,2025-01-01T17:10:32.000,NYPD,Noise - Residential,BRONX,Closed
63586937,2025-01-01T16:41:35.000,2025-01-02T01:58:42.000,NYPD,Illegal Parking,QUEENS,Closed
63593570,2025-01-01T16:41:39.000,2025-01-02T17:04:50.000,NYPD,Noise - Residential,BRONX,Closed
63586126,2025-01-01T16:41:43.000,2025-01-02T17:07:53.000,NYPD,Noise - Residential,BRONX,Closed
63591519,2025-01-01T16:42:05.000,2025-01-02T20:33:08.000,HPD,PLUMBING,BROOKLYN,Closed
63588947,2025-01-01T16:42:05.000,2025-01-02T16:33:51.000,HPD,HEAT/HOT WATER,QUEENS,Closed
63593402,2025-01-01T16:42:17.000,2025-01-02T17:04:46.000,NYPD,Noise - Residential,BRONX,Closed
63590319,2025-01-01T16:42:18.000,2025-01-02T20:34:05.000,HPD,HEAT/HOT WATER,BRONX,Closed
63592743,2025-01-01T16:42:18.000,2025-01-02T11:09:29.000,HPD,HEAT/HOT WATER,BRONX,Closed
63588915,2025-01-01T16:42:28.000,2025-01-02T20:27:35.000,HPD,HEAT/HOT WATER,BRONX,Closed
63591142,2025-01-01T16:42:30.000,2025-01-02T17:06:20.000,NYPD,Noise - Residential,BRONX,Closed
63594551,2025-01-01T16:42:30.000,2025-06-02T11:45:19.000,DPR,Damaged Tree,STATEN ISLAND,Closed
63590178,2025-01-01T16:42:35.000,2025-01-03T13:08:23.000,HPD,HEAT/HOT WATER,BRONX,Closed
63593267,2025-01-01T16:42:37.000,2025-01-02T01:34:51.000,NYPD,Illegal Parking,QUEENS,Closed
63589410,2025-01-01T16:42:55.000,2025-01-02T17:10:33.000,NYPD,Noise - Residential,BRONX,Closed
63595108,2025-01-01T16:43:05.000,2025-01-02T15:02:36.000,HPD,HEAT/HOT WATER,BRONX,Closed
63592643,2025-01-01T16:43:06.000,2025-01-02T20:33:08.000,HPD,ELECTRIC,BROOKLYN,Closed
63586223,2025-01-01T16:43:17.000,2025-01-13T15:07:42.000,DOT,Street Sign - Dangling,QUEENS,Closed
63589563,2025-01-01T16:43:18.000,2025-01-02T17:09:00.000,NYPD,Noise - Residential,BRONX,Closed
63595395,2025-01-01T16:43:22.000,2025-01-01T20:00:29.000,NYPD,Noise - Vehicle,BROOKLYN,Closed
63590426,2025-01-01T16:43:26.000,2025-01-01T17:05:40.000,NYPD,Illegal Parking,STATEN ISLAND,Closed
63589497,2025-01-01T16:43:34.000,2025-01-02T17:04:44.000,NYPD,Noise - Residential,BRONX,Closed
63595432,2025-01-01T16:43:41.000,2025-01-01T20:00:09.000,NYPD,Illegal Parking,BRONX,Closed
63590664,2025-01-01T16:43:46.000,2025-01-01T17:13:19.000,NYPD,Illegal Parking,BROOKLYN,Closed
63595441,2025-01-01T16:43:52.000,2025-01-01T22:12:40.000,NYPD,Illegal Parking,QUEENS,Closed
63585684,2025-01-01T16:43:55.000,2025-01-02T11:16:57.000,TLC,Lost Property,BROOKLYN,Closed
63586234,2025-01-01T16:44:00.000,2025-01-02T07:30:00.000,DOT,Street Light Condition,MANHATTAN,Closed
63587206,2025-01-01T16:44:00.000,2025-01-01T16:50:00.000,DEP,Water System,QUEENS,Closed
63597885,2025-01-01T16:44:00.000,2025-01-02T05:45:00.000,DSNY,Derelict Vehicles,QUEENS,Closed
63594450,2025-01-01T16:44:05.000,2025-01-02T17:10:33.000,NYPD,Noise - Residential,BRONX,Closed
63591093,2025-01-01T16:44:12.000,2025-01-02T17:02:58.000,NYPD,Noise - Residential,BRONX,Closed
63595289,2025-01-01T16:44:16.000,2025-01-01T17:41:46.000,NYPD,Illegal Parking,QUEENS,Closed
63586235,2025-01-01T16:44:19.000,2025-01-01T17:56:49.000,NYPD,Panhandling,MANHATTAN,Closed
63592176,2025-01-01T16:44:50.000,2025-01-02T17:06:23.000,NYPD,Noise - Residential,BRONX,Closed
63592255,2025-01-01T16:44:53.000,2025-01-02T17:06:21.000,NYPD,Noise - Residential,BRONX,Closed
63591977,2025-01-01T16:45:25.000,2025-06-02T11:45:20.000,DPR,Damaged Tree,STATEN ISLAND,Closed
63590929,2025-01-01T16:45:28.000,2025-01-02T17:10:36.000,NYPD,Noise - Residential,BRONX,Closed
63595042,2025-01-01T16:45:30.000,2025-01-02T20:33:08.000,HPD,ELECTRIC,BROOKLYN,Closed
63595123,2025-01-01T16:45:30.000,2025-01-03T16:20:12.000,HPD,HEAT/HOT WATER,QUEENS,Closed
63594785,2025-01-01T16:45:41.000,2025-01-02T17:06:18.000,NYPD,Noise - Residential,BRONX,Closed
63589223,2025-01-01T16:45:43.000,2025-01-01T17:05:28.000,NYPD,Illegal Parking,BROOKLYN,Closed
63591768,2025-01-01T16:45:56.000,2025-01-03T11:25:03.000,HPD,PLUMBING,MANHATTAN,Closed
63589935,2025-01-01T16:46:00.000,2025-01-01T16:58:26.000,NYPD,Noise - House of Worship,BROOKLYN,Closed
63594347,2025-01-01T16:46:01.000,2025-01-01T21:07:47.000,NYPD,Illegal Parking,BROOKLYN,Closed
63591081,2025-01-01T16:46:06.000,2025-01-02T17:02:58.000,NYPD,Noise - Residential,BRONX,Closed
63594913,2025-01-01T16:46:24.000,2025-01-02T06:39:38.000,DOT,Street Sign - Dangling,BROOKLYN,Closed
63593361,2025-01-01T16:46:28.000,2025-01-02T17:12:13.000,NYPD,Noise - Residential,BRONX,Closed
63594165,2025-01-01T16:46:31.000,2025-01-01T20:14:03.000,NYPD,Illegal Parking,QUEENS,Closed
63591634,2025-01-01T16:46:37.000,2025-01-01T17:14:47.000,NYPD,Illegal Parking,QUEENS,Closed
63589848,2025-01-01T16:46:40.000,2025-01-01T17:36:47.000,NYPD,Noise - Residential,BROOKLYN,Closed
63589864,2025-01-01T16:46:44.000,2025-01-02T17:10:36.000,NYPD,Noise - Residential,BRONX,Closed
63587023,2025-01-01T16:47:00.000,2025-01-03T14:22:00.000,DEP,Lead,BROOKLYN,Closed
63589432,2025-01-01T16:47:00.000,2025-01-03T14:22:00.000,DEP,Lead,QUEENS,Closed
63594593,2025-01-01T16:47:16.000,2025-01-02T17:09:00.000,NYPD,Noise - Residential,BRONX,Closed
63589496,2025-01-01T16:47:22.000,2025-01-02T17:04:42.000,NYPD,Noise - Residential,BRONX,Closed
63590397,2025-01-01T16:47:31.000,2025-01-01T18:41:44.000,NYPD,Abandoned Vehicle,BROOKLYN,Closed
63593021,2025-01-01T16:47:50.000,2025-01-01T17:07:18.000,NYPD,Illegal Parking,QUEENS,Closed
63586032,2025-01-01T16:48:00.000,2025-01-02T17:04:48.000,NYPD,Noise - Residential,BRONX,Closed
63585739,2025-01-01T16:48:03.000,2025-01-02T17:12:13.000,NYPD,Noise - Residential,BRONX,Closed
63585711,2025-01-01T16:48:29.000,2025-02-10T12:25:24.000,TLC,For Hire Vehicle Complaint,Unspecified,Closed
63589278,2025-01-01T16:48:34.000,2025-01-04T16:17:39.000,HPD,PLUMBING,STATEN ISLAND,Closed
63591397,2025-01-01T16:48:34.000,2025-01-03T20:59:40.000,HPD,HEAT/HOT WATER,STATEN ISLAND,Closed
63590110,2025-01-01T16:48:35.000,2025-01-04T16:17:39.000,HPD,ELECTRIC,STATEN ISLAND,Closed
63591802,2025-01-01T16:48:35.000,2025-01-04T16:17:39.000,HPD,UNSANITARY CONDITION,STATEN ISLAND,Closed
63590139,2025-01-01T16:48:35.000,2025-01-04T16:17:39.000,HPD,ELECTRIC,STATEN ISLAND,Closed
63593728,2025-01-01T16:48:35.000,2025-01-01T17:18:23.000,NYPD,Noise - Residential,MANHATTAN,Closed
63591061,2025-01-01T16:48:39.000,2025-01-02T17:10:35.000,NYPD,Noise - Residential,BRONX,Closed
63593976,2025-01-01T16:48:44.000,2025-01-03T14:04:44.000,HPD,HEAT/HOT WATER,BRONX,Closed
63589781,2025-01-01T16:48:51.000,2025-01-02T17:09:00.000,NYPD,Noise - Residential,BRONX,Closed
63589242,2025-01-01T16:48:57.000,2025-01-01T22:53:20.000,NYPD,Illegal Parking,QUEENS,Closed
63590349,2025-01-01T16:49:05.000,2025-01-01T20:01:05.000,NYPD,Noise - Vehicle,BROOKLYN,Closed
63586133,2025-01-01T16:49:17.000,2025-01-02T17:03:00.000,NYPD,Noise - Residential,BRONX,Closed
63586194,2025-01-01T16:49:35.000,2025-01-03T10:54:42.000,DOT,Street Condition,QUEENS,Closed
63589809,2025-01-01T16:49:38.000,2025-01-02T17:12:16.000,NYPD,Noise - Residential,BRONX,Closed
63586887,2025-01-01T16:49:40.000,2025-01-02T03:57:47.000,NYPD,Illegal Parking,QUEENS,Closed
63587259,2025-01-01T16:49:55.000,2025-01-02T17:06:21.000,NYPD,Noise - Residential,BRONX,Closed
63590763,2025-01-01T16:50:00.000,2025-01-01T16:50:00.000,DEP,Water System,BROOKLYN,Closed
63594278,2025-01-01T16:50:02.000,2025-01-01T18:28:44.000,NYPD,Illegal Parking,QUEENS,Closed
63587366,2025-01-01T16:50:26.000,2025-01-02T17:07:58.000,NYPD,Noise - Residential,BRONX,Closed
63591683,2025-01-01T16:50:26.000,2025-01-01T21:24:23.000,NYPD,Illegal Parking,MANHATTAN,Closed
63591001,2025-01-01T16:50:33.000,2025-01-02T17:02:59.000,NYPD,Noise - Residential,BRONX,Closed
63595426,2025-01-01T16:50:35.000,2025-01-01T20:04:58.000,NYPD,Blocked Driveway,QUEENS,Closed
63588476,2025-01-01T16:51:11.000,2025-01-02T17:07:53.000,NYPD,Noise - Residential,BRONX,Closed
63587216,2025-01-01T16:51:14.000,2025-01-02T17:06:26.000,NYPD,Noise - Residential,BRONX,Closed
63588888,2025-01-01T16:51:32.000,2025-01-03T13:32:36.000,HPD,HEAT/HOT WATER,BRONX,Closed
63591503,2025-01-01T16:51:33.000,2025-01-03T13:39:58.000,HPD,HEAT/HOT WATER,BRONX,Closed
63595183,2025-01-01T16:51:45.000,2025-01-02T15:58:36.000,HPD,HEAT/HOT WATER,MANHATTAN,Closed
63592611,2025-01-01T16:51:48.000,2025-01-01T18:28:57.000,NYPD,Noise - Residential,QUEENS,Closed
63589762,2025-01-01T16:51:49.000,2025-01-02T17:02:59.000,NYPD,Noise - Residential,BRONX,Closed
63594084,2025-01-01T16:52:00.000,2025-01-01T17:38:30.000,NYPD,Blocked Driveway,BROOKLYN,Closed
63587465,2025-01-01T16:52:02.000,2025-01-02T17:12:15.000,NYPD,Noise - Residential,BRONX,Closed
63593663,2025-01-01T16:52:21.000,2025-01-01T18:28:48.000,NYPD,Noise - House of Worship,QUEENS,Closed
63589736,2025-01-01T16:52:27.000,2025-01-02T17:04:46.000,NYPD,Noise - Residential,BRONX,Closed
63591199,2025-01-01T16:52:49.000,2025-01-02T17:08:59.000,NYPD,Noise - Residential,BRONX,Closed
63588157,2025-01-01T16:52:57.000,2025-01-02T00:00:00.000,DOB,Real Time Enforcement,BRONX,Closed
63589177,2025-01-01T16:53:00.000,2025-01-01T17:29:52.000,NYPD,Illegal Parking,MANHATTAN,Closed
63589754,2025-01-01T16:53:00.000,2025-01-02T08:40:00.000,DEP,Noise,QUEENS,Closed
63586206,2025-01-01T16:53:00.000,2025-01-03T11:11:00.000,DEP,Water Conservation,BROOKLYN,Closed
63594331,2025-01-01T16:53:00.000,2025-01-02T08:40:00.000,DEP,Noise,QUEENS,Closed
63590519,2025-01-01T16:53:04.000,2025-01-01T18:28:32.000,NYPD,Illegal Parking,QUEENS,Closed
63591004,2025-01-01T16:53:05.000,2025-01-02T17:09:00.000,NYPD,Noise - Residential,BRONX,Closed
63594229,2025-01-01T16:53:27.000,2025-01-01T18:28:39.000,NYPD,Traffic,QUEENS,Closed
63587607,2025-01-01T16:53:29.000,2025-01-01T18:17:45.000,NYPD,Noise - Residential,BROOKLYN,Closed
63595239,2025-01-01T16:53:33.000,2025-01-01T22:39:14.000,NYPD,Blocked Driveway,BROOKLYN,Closed
63595383,2025-01-01T16:53:35.000,2025-01-02T01:31:49.000,NYPD,Illegal Parking,QUEENS,Closed
63594920,2025-01-01T16:53:36.000,2025-01-02T17:08:59.000,NYPD,Noise - Residential,BRONX,Closed
63588429,2025-01-01T16:53:44.000,2025-01-02T17:04:45.000,NYPD,Noise - Residential,BRONX,Closed
63593171,2025-01-01T16:53:44.000,2025-01-10T12:04:55.000,DPR,Dead/Dying Tree,QUEENS,Closed
63593813,2025-01-01T16:54:20.000,2025-01-01T22:21:59.000,NYPD,Noise - Street/Sidewalk,QUEENS,Closed
63591000,2025-01-01T16:54:22.000,2025-01-02T17:02:59.000,NYPD,Noise - Residential,BRONX,Closed
63587371,2025-01-01T16:54:25.000,2025-01-02T17:12:17.000,NYPD,Noise - Residential,BRONX,Closed
63594778,2025-01-01T16:54:36.000,2025-01-01T17:04:33.000,NYPD,Noise - Residential,MANHATTAN,Closed
63591475,2025-01-01T16:54:37.000,2025-01-03T18:12:37.000,HPD,HEAT/HOT WATER,MANHATTAN,Closed
63586805,2025-01-01T16:54:38.000,2025-01-01T23:16:44.000,NYPD,Illegal Parking,BROOKLYN,Closed
63587757,2025-01-01T16:54:49.000,2025-01-02T00:11:05.000,HPD,HEAT/HOT WATER,MANHATTAN,Closed
63587679,2025-01-01T16:54:49.000,2025-01-03T10:11:41.000,HPD,HEAT/HOT WATER,BROOKLYN,Closed
63592864,2025-01-01T16:54:50.000,2025-02-24T17:11:31.000,HPD,UNSANITARY CONDITION,BROOKLYN,Closed
63592799,2025-01-01T16:54:50.000,2025-02-24T17:11:31.000,HPD,PAINT/PLASTER,BROOKLYN,Closed
63586834,2025-01-01T16:54:50.000,2025-02-24T17:11:31.000,HPD,SAFETY,BROOKLYN,Closed
63586860,2025-01-01T16:54:50.000,2025-02-24T17:11:31.000,HPD,WATER LEAK,BROOKLYN,Closed
63587235,2025-01-01T16:55:00.000,2025-01-02T17:10:35.000,NYPD,Noise - Residential,BRONX,Closed
63589274,2025-01-01T16:55:03.000,2025-01-01T17:39:06.000,NYPD,Illegal Parking,BROOKLYN,Closed
63589069,2025-01-01T16:55:05.000,2025-01-02T05:20:28.000,DSNY,Residential Disposal Complaint,QUEENS,Closed
63588475,2025-01-01T16:55:11.000,2025-01-02T17:07:56.000,NYPD,Noise - Residential,BRONX,Closed
63595338,2025-01-01T16:55:35.000,2025-01-01T18:01:29.000,DSNY,Vendor Enforcement,QUEENS,Closed
63593559,2025-01-01T16:55:38.000,2025-01-02T17:06:23.000,NYPD,Noise - Residential,BRONX,Closed
63591559,2025-01-01T16:55:39.000,2025-01-01T18:34:04.000,NYPD,Blocked Driveway,BROOKLYN,Closed
63594829,2025-01-01T16:55:59.000,2025-01-02T17:03:00.000,NYPD,Noise - Residential,BRONX,Closed
63589658,2025-01-01T16:56:00.000,2025-01-02T08:00:00.000,DEP,Lead,BRONX,Closed
63588683,2025-01-01T16:56:16.000,2025-01-02T17:09:00.000,NYPD,Noise - Residential,BRONX,Closed
63592490,2025-01-01T16:56:31.000,2025-01-01T17:04:26.000,NYPD,Encampment,MANHATTAN,Closed
63586446,2025-01-01T16:56:31.000,2025-01-08T06:31:49.000,DHS,Encampment,MANHATTAN,Closed
63591794,2025-01-01T16:56:43.000,2025-01-01T17:04:41.000,NYPD,Drug Activity,QUEENS,Closed
63585976,2025-01-01T16:56:47.000,2025-01-02T17:06:21.000,NYPD,Noise - Residential,BRONX,Closed
63587135,2025-01-01T16:56:54.000,2025-01-02T17:04:43.000,NYPD,Noise - Residential,BRONX,Closed
63595249,2025-01-01T16:56:59.000,2025-01-01T18:21:48.000,NYPD,Blocked Driveway,QUEENS,Closed
63591610,2025-01-01T16:57:00.000,2025-01-01T18:20:00.000,DOT,Traffic Signal Condition,QUEENS,Closed
63586815,2025-01-01T16:57:23.000,2025-01-01T18:28:29.000,NYPD,Drug Activity,QUEENS,Closed
63593504,2025-01-01T16:57:32.000,2025-01-02T17:12:16.000,NYPD,Noise - Residential,BRONX,Closed
63591126,2025-01-01T16:57:34.000,2025-01-02T17:06:24.000,NYPD,Noise - Residential,BRONX,Closed
63590137,2025-01-01T16:57:50.000,2025-02-09T15:02:49.000,HPD,ELECTRIC,STATEN ISLAND,Closed
63588921,2025-01-01T16:57:50.000,2025-01-02T16:21:21.000,HPD,HEAT/HOT WATER,STATEN ISLAND,Closed
63590131,2025-01-01T16:57:50.000,2025-02-09T15:02:49.000,HPD,APPLIANCE,STATEN ISLAND,Closed
63588126,2025-01-01T16:57:50.000,2025-02-09T15:02:49.000,HPD,DOOR/WINDOW,STATEN ISLAND,Closed
63591377,2025-01-01T16:57:50.000,2025-02-09T15:02:49.000,HPD,GENERAL,STATEN ISLAND,Closed
63590247,2025-01-01T16:57:50.000,2025-02-09T15:02:49.000,HPD,PAINT/PLASTER,STATEN ISLAND,Closed
63590607,2025-01-01T16:57:51.000,2025-01-01T18:28:20.000,NYPD,Drug Activity,QUEENS,Closed
63588929,2025-01-01T16:57:54.000,2025-01-02T13:25:57.000,HPD,HEAT/HOT WATER,BRONX,Closed
63591405,2025-01-01T16:58:00.000,2025-01-03T18:31:16.000,HPD,HEAT/HOT WATER,BRONX,Closed
63590434,2025-01-01T16:58:00.000,2025-01-01T18:00:00.000,DOT,Traffic Signal Condition,BROOKLYN,Closed
63595068,2025-01-01T16:58:00.000,2025-01-16T06:21:42.000,HPD,ELECTRIC,BRONX,Closed
63592676,2025-01-01T16:58:02.000,2025-01-02T20:02:24.000,HPD,HEAT/HOT WATER,BROOKLYN,Closed
63593688,2025-01-01T16:58:10.000,2025-01-02T17:08:00.000,NYPD,Noise - Residential,BRONX,Closed
63587227,2025-01-01T16:58:22.000,2025-01-02T17:06:24.000,NYPD,Noise - Residential,BRONX,Closed
63590064,2025-01-01T16:58:34.000,2025-01-01T19:19:10.000,NYPD,Noise - Residential,QUEENS,Closed
63585901,2025-01-01T16:58:49.000,2025-01-02T17:10:36.000,NYPD,Noise - Residential,BRONX,Closed
63592186,2025-01-01T16:59:09.000,2025-01-02T17:12:15.000,NYPD,Noise - Residential,BRONX,Closed
63594051,2025-01-01T16:59:10.000,2025-01-02T05:45:41.000,NYPD,Blocked Driveway,QUEENS,Closed
63593687,2025-01-01T16:59:27.000,2025-01-02T17:07:52.000,NYPD,Noise - Residential,BRONX,Closed
63591511,2025-01-01T16:59:35.000,2025-02-10T15:19:22.000,DOHMH,Smoking or Vaping,MANHATTAN,Closed
63589706,2025-01-01T16:59:57.000,2025-01-02T17:06:20.000,NYPD,Noise - Residential,BRONX,Closed
63597950,2025-01-01T17:00:00.000,2025-01-02T11:47:00.000,DSNY,Derelict Vehicles,BRONX,Closed
63608890,2025-01-01T17:00:00.000,2025-01-02T06:40:00.000,DSNY,Derelict Vehicles,BRONX,Closed
63588241,2025-01-01T17:00:05.000,2025-01-02T17:10:35.000,NYPD,Noise - Residential,BRONX,Closed
63590793,2025-01-01T17:00:28.000,2025-01-02T07:13:15.000,DPR,Dead/Dying Tree,STATEN ISLAND,Closed
63586883,2025-01-01T17:00:28.000,2025-01-03T12:28:50.000,DPR,Damaged Tree,QUEENS,Closed
63591799,2025-01-01T17:00:30.000,2025-01-01T17:04:59.000,NYPD,Drug Activity,QUEENS,Closed
63594298,2025-01-01T17:00:38.000,2025-01-01T18:28:02.000,NYPD,Drug Activity,QUEENS,Closed
63589863,2025-01-01T17:00:46.000,2025-01-02T17:10:37.000,NYPD,Noise - Residential,BRONX,Closed
63592379,2025-01-01T17:00:46.000,2025-01-02T17:08:59.000,NYPD,Noise - Residential,BRONX,Closed
63595027,2025-01-01T17:00:51.000,2025-04-19T16:57:38.000,HPD,DOOR/WINDOW,BROOKLYN,Closed
63595197,2025-01-01T17:00:52.000,2025-01-01T22:26:26.000,HPD,HEAT/HOT WATER,BRONX,Closed
63595156,2025-01-01T17:00:53.000,2025-01-02T22:54:17.000,HPD,HEAT/HOT WATER,BROOKLYN,Closed
63590532,2025-01-01T17:01:02.000,2025-01-01T18:28:11.000,NYPD,Drug Activity,QUEENS,Closed
63587815,2025-01-01T17:01:03.000,2025-01-01T18:47:52.000,NYPD,Blocked Driveway,QUEENS,Closed
63585612,2025-01-01T17:01:11.000,2025-01-02T11:09:04.000,DSNY,Dirty Condition,QUEENS,Closed
63586621,2025-01-01T17:01:29.000,2025-01-02T16:06:17.000,HPD,HEAT/HOT WATER,MANHATTAN,Closed
63587245,2025-01-01T17:01:32.000,2025-01-02T17:12:20.000,NYPD,Noise - Residential,BRONX,Closed
63588810,2025-01-01T17:01:41.000,2025-01-01T18:00:55.000,DPR,Animal in a Park,MANHATTAN,Closed
63586124,2025-01-01T17:01:59.000,2025-01-02T17:07:56.000,NYPD,Noise - Residential,BRONX,Closed
63590527,2025-01-01T17:02:00.000,2025-01-07T13:57:00.000,DOT,Street Light Condition,BROOKLYN,Closed
63588428,2025-01-01T17:02:00.000,2025-01-14T09:20:00.000,DEP,Water System,QUEENS,Closed
63586117,2025-01-01T17:02:00.000,2025-01-01T17:17:00.000,DEP,Water System,QUEENS,Closed
63592957,2025-01-01T17:02:15.000,2025-01-01T22:41:59.000,NYPD,Illegal Parking,BROOKLYN,Closed
63589831,2025-01-01T17:02:19.000,2025-01-02T17:07:53.000,NYPD,Noise - Residential,BRONX,Closed
63590401,2025-01-01T17:02:34.000,2025-01-01T18:17:12.000,NYPD,Illegal Parking,BROOKLYN,Closed
63594597,2025-01-01T17:02:38.000,2025-01-02T17:08:59.000,NYPD,Noise - Residential,BRONX,Closed
63588403,2025-01-01T17:03:07.000,2025-01-02T17:04:47.000,NYPD,Noise - Residential,BRONX,Closed
63593451,2025-01-01T17:03:15.000,2025-01-02T17:02:59.000,NYPD,Noise - Residential,BRONX,Closed
63590923,2025-01-01T17:03:17.000,2025-01-02T05:20:15.000,NYPD,Non-Emergency Police Matter,BRONX,Closed
63589791,2025-01-01T17:03:54.000,2025-01-02T17:12:16.000,NYPD,Noise - Residential,BRONX,Closed
63594449,2025-01-01T17:03:55.000,2025-01-02T17:10:34.000,NYPD,Noise - Residential,BRONX,Closed
63594261,2025-01-01T17:04:30.000,2025-01-01T21:23:21.000,NYPD,Illegal Parking,QUEENS,Closed
63589972,2025-01-01T17:04:32.000,2025-01-02T17:02:59.000,NYPD,Noise - Residential,BRONX,Closed
63594963,2025-01-01T17:04:34.000,2025-01-01T21:48:11.000,NYPD,Noise - Commercial,BRONX,Closed
63589543,2025-01-01T17:04:42.000,2025-01-02T17:08:59.000,NYPD,Noise - Residential,BRONX,Closed
63594529,2025-01-01T17:04:56.000,2025-01-03T07:21:03.000,DSNY,Dirty Condition,QUEENS,Closed
63589128,2025-01-01T17:05:00.000,2025-01-01T19:47:19.000,NYPD,Illegal Parking,QUEENS,Closed
63593857,2025-01-01T17:05:02.000,2025-01-01T17:34:29.000,NYPD,Noise - Street/Sidewalk,MANHATTAN,Closed
63594270,2025-01-01T17:05:04.000,2025-01-01T18:17:26.000,NYPD,Illegal Parking,BROOKLYN,Closed
63593910,2025-01-01T17:05:06.000,2025-01-02T13:14:28.000,HPD,HEAT/HOT WATER,BROOKLYN,Closed
63589240,2025-01-01T17:05:07.000,2025-01-01T17:46:52.000,NYPD,Noise - Vehicle,BROOKLYN,Closed
63591073,2025-01-01T17:05:10.000,2025-01-02T17:04:46.000,NYPD,Noise - Residential,BRONX,Closed
63588923,2025-01-01T17:05:12.000,2025-01-01T23:33:59.000,HPD,HEAT/HOT WATER,MANHATTAN,Closed
63587370,2025-01-01T17:05:30.000,2025-01-02T17:12:17.000,NYPD,Noise - Residential,BRONX,Closed
63591225,2025-01-01T17:05:37.000,2025-01-01T18:37:30.000,NYPD,Noise - Residential,QUEENS,Closed
63589542,2025-01-01T17:05:48.000,2025-01-02T17:09:00.000,NYPD,Noise - Residential,BRONX,Closed
63589158,2025-01-01T17:06:00.000,2025-01-01T19:44:51.000,NYPD,Blocked Driveway,BROOKLYN,Closed
63593279,2025-01-01T17:06:17.000,2025-01-02T17:10:34.000,NYPD,Noise - Residential,BRONX,Closed
63592072,2025-01-01T17:06:26.000,2025-01-02T17:10:35.000,NYPD,Noise - Residential,BRONX,Closed
63590429,2025-01-01T17:06:44.000,2025-01-01T17:52:37.000,NYPD,Illegal Parking,BRONX,Closed
63591094,2025-01-01T17:07:00.000,2025-01-07T13:56:00.000,DOT,Street Light Condition,BROOKLYN,Closed
63587338,2025-01-01T17:07:04.000,2025-01-02T17:08:59.000,NYPD,Noise - Residential,BRONX,Closed
63586121,2025-01-01T17:07:05.000,2025-01-02T17:08:00.000,NYPD,Noise - Residential,BRONX,Closed
63593136,2025-01-01T17:07:09.000,2025-01-02T13:10:00.000,DOT,Street Condition,STATEN ISLAND,Closed
63593679,2025-01-01T17:07:42.000,2025-01-02T17:12:16.000,NYPD,Noise - Residential,BRONX,Closed
63590326,2025-01-01T17:07:44.000,2025-01-03T19:18:10.000,HPD,HEAT/HOT WATER,MANHATTAN,Closed
63592358,2025-01-01T17:07:52.000,2025-01-02T17:07:56.000,NYPD,Noise - Residential,BRONX,Closed
63587773,2025-01-01T17:07:52.000,2025-01-02T20:27:36.000,HPD,HEAT/HOT WATER,BRONX,Closed
63593906,2025-01-01T17:07:55.000,2025-01-03T15:35:26.000,HPD,HEAT/HOT WATER,BROOKLYN,Closed
63593223,2025-01-01T17:08:00.000,2025-01-02T00:00:00.000,DOB,Real Time Enforcement,MANHATTAN,Closed
63586534,2025-01-01T17:08:08.000,2025-01-01T19:03:24.000,HPD,HEAT/HOT WATER,QUEENS,Closed
63591489,2025-01-01T17:08:18.000,2025-01-02T15:11:51.000,HPD,HEAT/HOT WATER,BRONX,Closed
63591868,2025-01-01T17:08:18.000,2025-01-02T23:21:39.000,DSNY,Dirty Condition,BRONX,Closed
63590153,2025-01-01T17:08:20.000,2025-06-30T07:15:42.000,HPD,ELECTRIC,BRONX,Closed
63590990,2025-01-01T17:08:20.000,2025-01-02T17:12:14.000,NYPD,Noise - Residential,BRONX,Closed
63593364,2025-01-01T17:08:40.000,2025-01-02T17:12:16.000,NYPD,Noise - Residential,BRONX,Closed
63587190,2025-01-01T17:08:59.000,2025-01-02T17:08:59.000,NYPD,Noise - Residential,BRONX,Closed
63589104,2025-01-01T17:09:06.000,2025-01-01T18:30:40.000,NYPD,Illegal Parking,BROOKLYN,Closed
63593858,2025-01-01T17:09:21.000,2025-01-01T19:22:53.000,NYPD,Noise - Street/Sidewalk,MANHATTAN,Closed
63594344,2025-01-01T17:09:23.000,2025-01-02T13:20:35.000,DSNY,Dirty Condition,STATEN ISLAND,Closed
63585620,2025-01-01T17:09:26.000,2025-01-02T14:19:39.000,DSNY,Dirty Condition,BRONX,Closed
63588240,2025-01-01T17:09:28.000,2025-01-02T17:10:35.000,NYPD,Noise - Residential,BRONX,Closed
63588522,2025-01-01T17:09:37.000,2025-01-02T17:09:00.000,NYPD,Noise - Residential,BRONX,Closed
63586686,2025-01-01T17:09:48.000,2025-01-01T23:13:04.000,NYPD,Illegal Parking,BROOKLYN,Closed
63587498,2025-01-01T17:10:00.000,2025-01-01T19:22:30.000,NYPD,Noise - Residential,MANHATTAN,Closed
63607076,2025-01-01T17:10:00.000,2025-01-02T08:02:00.000,DSNY,Derelict Vehicles,BROOKLYN,Closed
63588563,2025-01-01T17:10:15.000,2025-01-02T17:10:38.000,NYPD,Noise - Residential,BRONX,Closed
63594571,2025-01-01T17:10:15.000,2025-01-02T17:02:59.000,NYPD,Noise - Residential,BRONX,Closed
63589220,2025-01-01T17:10:19.000,2025-01-01T20:06:41.000,NYPD,Illegal Parking,MANHATTAN,Closed
63593273,2025-01-01T17:10:20.000,2025-01-13T08:32:58.000,DSNY,Litter Basket Request,MANHATTAN,Closed
63594271,2025-01-01T17:10:34.000,2025-01-01T17:13:00.000,NYPD,Illegal Parking,QUEENS,Closed
63592871,2025-01-01T17:10:43.000,2025-01-01T20:29:26.000,NYPD,Animal-Abuse,QUEENS,Closed
63594517,2025-01-01T17:10:53.000,2025-01-02T17:06:23.000,NYPD,Noise - Residential,BRONX,Closed
63586115,2025-01-01T17:11:00.000,2025-01-01T19:45:00.000,DEP,Water System,STATEN ISLAND,Closed
63592392,2025-01-01T17:11:00.000,2025-04-14T00:00:00.000,DOB,Elevator,BROOKLYN,Closed
63590928,2025-01-01T17:11:03.000,2025-01-02T17:10:34.000,NYPD,Noise - Residential,BRONX,Closed
63591362,2025-01-01T17:11:10.000,2025-01-27T15:26:44.000,HPD,GENERAL,BROOKLYN,Closed
63595061,2025-01-01T17:11:10.000,2025-01-27T15:26:44.000,HPD,DOOR/WINDOW,BROOKLYN,Closed
63595167,2025-01-01T17:11:12.000,2025-01-02T10:18:54.000,HPD,HEAT/HOT WATER,BRONX,Closed
63595101,2025-01-01T17:11:14.000,2025-01-04T19:27:06.000,HPD,HEAT/HOT WATER,MANHATTAN,Closed
63592726,2025-01-01T17:11:14.000,2025-01-02T20:05:44.000,HPD,HEAT/HOT WATER,BRONX,Closed
63593866,2025-01-01T17:11:14.000,2025-01-07T11:16:02.000,HPD,DOOR/WINDOW,MANHATTAN,Closed
63589468,2025-01-01T17:11:18.000,2025-02-06T07:42:54.000,TLC,Green Taxi Complaint,QUEENS,Closed
63592898,2025-01-01T17:11:20.000,2025-01-01T17:36:18.000,NYPD,Blocked Driveway,BROOKLYN,Closed
63586285,2025-01-01T17:11:26.000,2025-01-01T17:50:10.000,NYPD,Noise - Residential,MANHATTAN,Closed
63593500,2025-01-01T17:11:31.000,2025-01-02T17:08:59.000,NYPD,Noise - Residential,BRONX,Closed
63586538,2025-01-01T17:11:34.000,2025-01-02T20:27:35.000,HPD,HEAT/HOT WATER,BRONX,Closed
63586071,2025-01-01T17:11:50.000,2025-01-02T17:03:01.000,NYPD,Noise - Residential,BRONX,Closed
63593975,2025-01-01T17:12:07.000,2025-01-02T15:00:21.000,HPD,HEAT/HOT WATER,MANHATTAN,Closed
63592212,2025-01-01T17:12:09.000,2025-01-02T17:04:45.000,NYPD,Noise - Residential,BRONX,Closed
63595301,2025-01-01T17:12:09.000,2025-01-01T20:32:44.000,NYPD,Illegal Parking,QUEENS,Closed
63594127,2025-01-01T17:12:28.000,2025-01-01T17:14:26.000,NYPD,Illegal Parking,BROOKLYN,Closed
63594409,2025-01-01T17:12:38.000,2025-01-02T17:12:21.000,NYPD,Noise - Residential,BRONX,Closed
63588419,2025-01-01T17:12:47.000,2025-01-02T17:08:59.000,NYPD,Noise - Residential,BRONX,Closed
63588516,2025-01-01T17:12:56.000,2025-01-02T12:51:28.000,DOT,Sidewalk Condition,MANHATTAN,Closed
63601657,2025-01-01T17:13:00.000,2025-01-02T07:09:00.000,DSNY,Derelict Vehicles,MANHATTAN,Closed
63587985,2025-01-01T17:13:01.000,2025-01-01T17:36:29.000,NYPD,Illegal Parking,BROOKLYN,Closed
63593689,2025-01-01T17:13:07.000,2025-01-01T18:11:10.000,NYPD,Noise - Residential,BROOKLYN,Closed
63593004,2025-01-01T17:13:09.000,2025-01-01T20:36:49.000,NYPD,Illegal Parking,QUEENS,Closed
63587298,2025-01-01T17:13:25.000,2025-01-02T17:04:48.000,NYPD,Noise - Residential,BRONX,Closed
63587337,2025-01-01T17:13:26.000,2025-01-02T17:09:01.000,NYPD,Noise - Residential,BRONX,Closed
63586332,2025-01-01T17:13:37.000,2025-01-01T17:31:24.000,NYPD,Noise - Residential,BRONX,Closed
63592053,2025-01-01T17:13:53.000,2025-01-02T01:26:12.000,NYPD,Illegal Parking,QUEENS,Closed
63590020,2025-01-01T17:14:00.000,2025-01-11T12:00:00.000,DOT,Street Light Condition,BROOKLYN,Closed
63588463,2025-01-01T17:14:04.000,2025-01-02T17:09:01.000,NYPD,Noise - Residential,BRONX,Closed
63591445,2025-01-01T17:14:12.000,2025-01-01T23:33:59.000,HPD,HEAT/HOT WATER,MANHATTAN,Closed
63591049,2025-01-01T17:14:14.000,2025-01-02T17:07:54.000,NYPD,Noise - Residential,BRONX,Closed
63593114,2025-01-01T17:14:14.000,2025-01-08T21:01:44.000,HPD,UNSANITARY CONDITION,BRONX,Closed
63586511,2025-01-01T17:14:14.000,2025-01-08T21:01:43.000,HPD,FLOORING/STAIRS,BRONX,Closed
63592795,2025-01-01T17:14:14.000,2025-01-08T21:01:44.000,HPD,PLUMBING,BRONX,Closed
63588877,2025-01-01T17:14:14.000,2025-01-08T21:01:43.000,HPD,ELECTRIC,BRONX,Closed
63586503,2025-01-01T17:14:14.000,2025-01-08T21:01:43.000,HPD,DOOR/WINDOW,BRONX,Closed
63592812,2025-01-01T17:14:14.000,2025-01-08T21:01:44.000,HPD,PLUMBING,BRONX,Closed
63592641,2025-01-01T17:14:14.000,2025-01-08T21:01:43.000,HPD,DOOR/WINDOW,BRONX,Closed
63588074,2025-01-01T17:14:14.000,2025-01-08T21:01:44.000,HPD,SAFETY,BRONX,Closed
63593877,2025-01-01T17:14:14.000,2025-01-08T21:01:44.000,HPD,FLOORING/STAIRS,BRONX,Closed
63591396,2025-01-01T17:14:20.000,2025-01-04T12:34:41.000,HPD,HEAT/HOT WATER,MANHATTAN,Closed
63592754,2025-01-01T17:14:32.000,2025-01-02T19:43:40.000,HPD,HEAT/HOT WATER,BRONX,Closed
63593639,2025-01-01T17:14:42.000,2025-01-02T17:07:52.000,NYPD,Noise - Residential,BRONX,Closed
63587643,2025-01-01T17:14:58.000,2025-01-01T20:11:30.000,NYPD,Noise - Street/Sidewalk,QUEENS,Closed
63590737,2025-01-01T17:15:00.000,2025-01-02T17:12:16.000,NYPD,Noise - Residential,BRONX,Closed
63594553,2025-01-01T17:15:02.000,2025-03-21T08:09:00.000,TLC,Taxi Complaint,QUEENS,Closed
63594946,2025-01-01T17:15:17.000,2025-01-09T07:02:39.000,DOT,Street Sign - Dangling,STATEN ISLAND,Closed
63586502,2025-01-01T17:15:18.000,2025-01-01T20:13:24.000,NYPD,Blocked Driveway,BROOKLYN,Closed
63591080,2025-01-01T17:15:20.000,2025-01-02T17:03:04.000,NYPD,Noise - Residential,BRONX,Closed
63586171,2025-01-01T17:15:48.000,2025-01-02T17:09:00.000,NYPD,Noise - Residential,BRONX,Closed
63590823,2025-01-01T17:15:58.000,2025-01-02T17:10:35.000,NYPD,Noise - Residential,BRONX,Closed
63592855,2025-01-01T17:16:25.000,2025-01-02T01:30:37.000,NYPD,Blocked Driveway,BRONX,Closed
63589033,2025-01-01T17:16:27.000,2025-01-01T19:07:59.000,NYPD,Blocked Driveway,BRONX,Closed
63594865,2025-01-01T17:16:36.000,2025-01-02T17:04:47.000,NYPD,Noise - Residential,BRONX,Closed
63586013,2025-01-01T17:16:38.000,2025-01-02T17:06:24.000,NYPD,Noise - Residential,BRONX,Closed
63593853,2025-01-01T17:16:41.000,2025-01-01T17:58:02.000,NYPD,Noise - Street/Sidewalk,QUEENS,Closed
63590347,2025-01-01T17:17:01.000,2025-01-07T00:00:00.000,DOB,Boilers,QUEENS,Closed
63591580,2025-01-01T17:17:09.000,2025-01-01T23:23:28.000,NYPD,Blocked Driveway,BRONX,Closed
63592731,2025-01-01T17:17:10.000,2025-01-02T16:06:17.000,HPD,HEAT/HOT WATER,MANHATTAN,Closed
63593450,2025-01-01T17:17:14.000,2025-01-02T17:03:00.000,NYPD,Noise - Residential,BRONX,Closed
63585628,2025-01-01T17:17:21.000,2025-01-01T20:32:29.000,NYPD,Illegal Parking,BROOKLYN,Closed
63589607,2025-01-01T17:17:23.000,2025-01-02T17:10:35.000,NYPD,Noise - Residential,BRONX,Closed
63589312,2025-01-01T17:17:28.000,2025-01-05T12:05:27.000,HPD,PLUMBING,BROOKLYN,Closed
63593969,2025-01-01T17:17:31.000,2025-01-02T17:56:13.000,HPD,HEAT/HOT WATER,QUEENS,Closed
63590162,2025-01-01T17:17:32.000,2025-01-04T14:07:00.000,HPD,HEAT/HOT WATER,MANHATTAN,Closed
63593942,2025-01-01T17:17:51.000,2025-01-02T14:27:07.000,HPD,HEAT/HOT WATER,BROOKLYN,Closed
63588680,2025-01-01T17:17:52.000,2025-01-02T17:09:01.000,NYPD,Noise - Residential,BRONX,Closed
63591139,2025-01-01T17:18:05.000,2025-01-07T10:32:42.000,DOT,Sidewalk Condition,BROOKLYN,Closed
63589836,2025-01-01T17:18:11.000,2025-01-02T17:08:00.000,NYPD,Noise - Residential,BRONX,Closed
63594313,2025-01-01T17:18:27.000,2025-01-01T19:01:24.000,DSNY,Vendor Enforcement,BROOKLYN,Closed
63594687,2025-01-01T17:18:30.000,2025-01-02T17:10:37.000,NYPD,Noise - Residential,BRONX,Closed
63587052,2025-01-01T17:18:58.000,2025-01-02T17:12:15.000,NYPD,Noise - Residential,BRONX,Closed
63590988,2025-01-01T17:19:09.000,2025-01-02T17:02:59.000,NYPD,Noise - Residential,BRONX,Closed
63590665,2025-01-01T17:19:18.000,2025-01-03T13:41:26.000,NYPD,Illegal Parking,BRONX,Closed
63591894,2025-01-01T17:19:46.000,2025-01-02T17:12:17.000,NYPD,Noise - Residential,BRONX,Closed
63593569,2025-01-01T17:19:47.000,2025-01-02T17:04:46.000,NYPD,Noise - Residential,BRONX,Closed
63595431,2025-01-01T17:19:49.000,2025-01-01T23:12:35.000,NYPD,Illegal Parking,BROOKLYN,Closed
63599627,2025-01-01T17:20:00.000,2025-01-02T22:04:00.000,DSNY,Derelict Vehicles,BROOKLYN,Closed
63594717,2025-01-01T17:20:02.000,2025-01-24T00:00:00.000,DOB,Elevator,BROOKLYN,Closed
63587234,2025-01-01T17:20:10.000,2025-01-02T05:24:03.000,NYPD,Noise - Residential,MANHATTAN,Closed
63586570,2025-01-01T17:20:11.000,2025-01-03T19:32:28.000,HPD,HEAT/HOT WATER,BROOKLYN,Closed
63595105,2025-01-01T17:20:20.000,2025-01-02T08:42:28.000,HPD,HEAT/HOT WATER,BRONX,Closed
63589191,2025-01-01T17:20:24.000,2025-01-01T17:42:47.000,NYPD,Illegal Parking,QUEENS,Closed
63592357,2025-01-01T17:20:25.000,2025-01-02T17:07:55.000,NYPD,Noise - Residential,BRONX,Closed
63589224,2025-01-01T17:20:31.000,2025-01-01T17:24:41.000,NYPD,Illegal Parking,QUEENS,Closed
63587328,2025-01-01T17:20:34.000,2025-01-02T17:02:59.000,NYPD,Noise - Residential,BRONX,Closed
63589411,2025-01-01T17:20:42.000,2025-06-27T16:06:05.000,HPD,APPLIANCE,BRONX,Closed
63588102,2025-01-01T17:20:42.000,2025-06-27T16:06:05.000,HPD,WATER LEAK,BRONX,Closed
63590132,2025-01-01T17:20:42.000,2025-06-27T16:06:05.000,HPD,APPLIANCE,BRONX,Closed
63592682,2025-01-01T17:20:48.000,2025-01-02T09:59:44.000,HPD,HEAT/HOT WATER,BRONX,Closed
63591481,2025-01-01T17:21:03.000,2025-01-02T20:33:19.000,HPD,HEAT/HOT WATER,BROOKLYN,Closed
63593449,2025-01-01T17:21:03.000,2025-01-02T17:02:59.000,NYPD,Noise - Residential,BRONX,Closed
63588024,2025-01-01T17:21:11.000,2025-01-01T19:01:24.000,DSNY,Vendor Enforcement,BROOKLYN,Closed
63586412,2025-01-01T17:21:14.000,2025-01-02T00:48:43.000,NYPD,Noise - Residential,BROOKLYN,Closed
63586376,2025-01-01T17:21:20.000,2025-01-01T17:48:16.000,NYPD,Noise - Residential,MANHATTAN,Closed
63591197,2025-01-01T17:21:21.000,2025-01-02T17:09:01.000,NYPD,Noise - Residential,BRONX,Closed
63594397,2025-01-01T17:21:41.000,2025-01-02T17:12:20.000,NYPD,Noise - Residential,BRONX,Closed
63595255,2025-01-01T17:22:03.000,2025-01-02T06:11:45.000,NYPD,Abandoned Vehicle,BROOKLYN,Closed
63593558,2025-01-01T17:22:08.000,2025-01-02T17:06:29.000,NYPD,Noise - Residential,BRONX,Closed
63593358,2025-01-01T17:22:13.000,2025-01-11T05:27:44.000,DOHMH,Mobile Food Vendor,MANHATTAN,Closed
63593308,2025-01-01T17:22:19.000,2025-01-02T17:12:19.000,NYPD,Noise - Residential,BRONX,Closed
63586790,2025-01-01T17:22:36.000,2025-01-01T17:23:45.000,NYPD,Illegal Parking,BROOKLYN,Closed
63591351,2025-01-01T17:22:41.000,2025-01-01T17:57:47.000,NYPD,Noise - Street/Sidewalk,QUEENS,Closed
63594120,2025-01-01T17:22:42.000,2025-01-01T20:05:10.000,NYPD,Illegal Parking,BROOKLYN,Closed
63591341,2025-01-01T17:22:50.000,2025-01-01T17:30:01.000,NYPD,Non-Emergency Police Matter,QUEENS,Closed
63588461,2025-01-01T17:22:57.000,2025-01-02T17:08:02.000,NYPD,Noise - Residential,BRONX,Closed
63594925,2025-01-01T17:22:57.000,2025-01-02T17:08:01.000,NYPD,Noise - Residential,BRONX,Closed
63586034,2025-01-01T17:23:36.000,2025-01-02T17:04:48.000,NYPD,Noise - Residential,BRONX,Closed
63594192,2025-01-01T17:23:36.000,2025-01-01T21:43:55.000,NYPD,Traffic,STATEN ISLAND,Closed
63594381,2025-01-01T17:23:39.000,2025-01-08T14:33:00.000,DOT,Curb Condition,BROOKLYN,Closed
63594686,2025-01-01T17:23:44.000,2025-01-02T17:10:38.000,NYPD,Noise - Residential,BRONX,Closed
63595111,2025-01-01T17:23:58.000,2025-01-03T11:26:35.000,HPD,HEAT/HOT WATER,BRONX,Closed
63593998,2025-01-01T17:24:00.000,2025-01-03T13:40:38.000,HPD,HEAT/HOT WATER,BRONX,Closed
63592756,2025-01-01T17:24:06.000,2025-01-02T21:02:38.000,HPD,HEAT/HOT WATER,BRONX,Closed
63587660,2025-01-01T17:24:08.000,2025-05-08T07:23:28.000,HPD,FLOORING/STAIRS,QUEENS,Closed
63590598,2025-01-01T17:24:08.000,2025-05-08T07:23:28.000,HPD,UNSANITARY CONDITION,QUEENS,Closed
63591366,2025-01-01T17:24:08.000,2025-01-05T12:05:15.000,HPD,APPLIANCE,QUEENS,Closed
63588743,2025-01-01T17:24:08.000,2025-01-01T17:30:55.000,NYPD,Noise - Street/Sidewalk,QUEENS,Closed
63591438,2025-01-01T17:24:09.000,2025-01-01T22:26:26.000,HPD,HEAT/HOT WATER,BRONX,Closed
63589977,2025-01-01T17:24:14.000,2025-01-02T17:09:02.000,NYPD,Noise - Residential,BRONX,Closed
63590472,2025-01-01T17:24:23.000,2025-01-01T21:24:30.000,NYPD,Illegal Parking,BRONX,Closed
63593356,2025-01-01T17:24:31.000,2025-01-02T17:10:38.000,NYPD,Noise - Residential,BRONX,Closed
63594591,2025-01-01T17:24:52.000,2025-01-02T17:09:01.000,NYPD,Noise - Residential,BRONX,Closed
63589940,2025-01-01T17:25:04.000,2025-01-01T17:47:02.000,NYPD,Noise - Residential,BROOKLYN,Closed
63586200,2025-01-01T17:25:17.000,2025-01-08T20:58:47.000,NYPD,Abandoned Vehicle,BROOKLYN,Closed
63590307,2025-01-01T17:25:19.000,2025-01-01T20:19:56.000,NYPD,Blocked Driveway,BROOKLYN,Closed
63585884,2025-01-01T17:25:19.000,2025-01-02T17:10:37.000,NYPD,Noise - Residential,BRONX,Closed
63594636,2025-01-01T17:25:30.000,2025-01-02T17:07:56.000,NYPD,Noise - Residential,BRONX,Closed
63588455,2025-01-01T17:25:53.000,2025-01-02T20:54:54.000,NYPD,Illegal Parking,BROOKLYN,Closed
63592929,2025-01-01T17:26:03.000,2025-01-01T17:26:03.000,DOB,General Construction/Plumbing,QUEENS,Open
63590736,2025-01-01T17:26:06.000,2025-01-02T17:12:15.000,NYPD,Noise - Residential,BRONX,Closed
63589862,2025-01-01T17:26:08.000,2025-01-02T17:10:34.000,NYPD,Noise - Residential,BRONX,Closed
63591609,2025-01-01T17:26:42.000,2025-01-01T20:29:09.000,NYPD,Blocked Driveway,QUEENS,Closed
63594814,2025-01-01T17:26:44.000,2025-01-01T18:33:29.000,NYPD,Noise - Residential,BROOKLYN,Closed
63588334,2025-01-01T17:26:46.000,2025-01-02T17:06:23.000,NYPD,Noise - Residential,BRONX,Closed
63586083,2025-01-01T17:26:54.000,2025-01-02T17:03:01.000,NYPD,Noise - Residential,BRONX,Closed
63587610,2025-01-01T17:26:56.000,2025-01-01T18:14:51.000,NYPD,Encampment,MANHATTAN,Closed
63593115,2025-01-01T17:26:56.000,2025-01-29T09:47:43.000,DHS,Encampment,MANHATTAN,Closed
63595241,2025-01-01T17:27:06.000,2025-01-01T18:16:56.000,NYPD,Blocked Driveway,BROOKLYN,Closed
63593944,2025-01-01T17:27:10.000,2025-01-03T08:53:24.000,HPD,HEAT/HOT WATER,BROOKLYN,Closed
63594358,2025-01-01T17:27:15.000,2025-01-13T06:22:10.000,DSNY,Illegal Dumping,MANHATTAN,Closed
63588080,2025-01-01T17:27:21.000,2025-01-01T21:48:24.000,NYPD,Drug Activity,BRONX,Closed
63593638,2025-01-01T17:27:24.000,2025-01-02T17:07:57.000,NYPD,Noise - Residential,BRONX,Closed
63588451,2025-01-01T17:27:26.000,2025-01-01T17:27:26.000,DOHMH,Rodent,MANHATTAN,Closed
63595095,2025-01-01T17:27:35.000,2025-01-02T20:27:35.000,HPD,HEAT/HOT WATER,BRONX,Closed
63589269,2025-01-01T17:27:36.000,2025-01-19T05:04:07.000,HPD,PLUMBING,MANHATTAN,Closed
63592688,2025-01-01T17:27:37.000,2025-01-02T19:50:11.000,HPD,HEAT/HOT WATER,BROOKLYN,Closed
63594596,2025-01-01T17:27:41.000,2025-01-02T17:09:00.000,NYPD,Noise - Residential,BRONX,Closed
63587638,2025-01-01T17:27:47.000,2025-04-16T03:57:46.000,DHS,Encampment,MANHATTAN,Closed
63591316,2025-01-01T17:27:47.000,2025-01-02T00:41:43.000,NYPD,Encampment,MANHATTAN,Closed
63594579,2025-01-01T17:27:47.000,2025-01-02T09:17:17.000,DPR,Damaged Tree,BROOKLYN,Closed
63594512,2025-01-01T17:28:06.000,2025-01-02T17:06:24.000,NYPD,Noise - Residential,BRONX,Closed
63593438,2025-01-01T17:28:29.000,2025-01-02T17:02:59.000,NYPD,Noise - Residential,BRONX,Closed
63595420,2025-01-01T17:28:57.000,2025-01-01T18:21:05.000,NYPD,Blocked Driveway,BROOKLYN,Closed
63594844,2025-01-01T17:29:09.000,2025-01-01T17:42:44.000,NYPD,Noise - Residential,BRONX,Closed
63587304,2025-01-01T17:29:16.000,2025-01-02T17:04:47.000,NYPD,Noise - Residential,BRONX,Closed
63592341,2025-01-01T17:29:19.000,2025-01-02T17:04:48.000,NYPD,Noise - Residential,BRONX,Closed
63589315,2025-01-01T17:29:31.000,2025-01-01T18:27:23.000,NYPD,Drug Activity,QUEENS,Closed
63588060,2025-01-01T17:29:35.000,2025-01-01T18:27:32.000,NYPD,Drug Activity,QUEENS,Closed
63590531,2025-01-01T17:29:45.000,2025-01-01T18:27:41.000,NYPD,Drug Activity,QUEENS,Closed
63588227,2025-01-01T17:29:57.000,2025-01-02T17:12:15.000,NYPD,Noise - Residential,BRONX,Closed
63587342,2025-01-01T17:30:05.000,2025-01-02T17:09:01.000,NYPD,Noise - Residential,BRONX,Closed
63588784,2025-01-01T17:30:07.000,2025-01-01T18:03:25.000,NYPD,Noise - Residential,BRONX,Closed
63587619,2025-01-01T17:30:15.000,2025-01-01T18:14:17.000,NYPD,Non-Emergency Police Matter,STATEN ISLAND,Closed
63592033,2025-01-01T17:30:21.000,2025-01-15T11:11:31.000,DOHMH,Indoor Sewage,BRONX,Closed
63590291,2025-01-01T17:30:26.000,2025-01-04T15:21:45.000,DSNY,Obstruction,BROOKLYN,Closed
63593875,2025-01-01T17:30:32.000,2025-01-29T14:21:55.000,HPD,ELECTRIC,BRONX,Closed
63593045,2025-01-01T17:30:35.000,2025-01-01T17:31:37.000,NYPD,Illegal Parking,BROOKLYN,Closed
63592234,2025-01-01T17:30:35.000,2025-01-02T17:06:20.000,NYPD,Noise - Residential,BRONX,Closed
63586526,2025-01-01T17:30:38.000,2025-01-13T18:23:01.000,HPD,GENERAL,MANHATTAN,Closed
63591410,2025-01-01T17:30:38.000,2025-01-02T15:58:03.000,HPD,HEAT/HOT WATER,MANHATTAN,Closed
63593935,2025-01-01T17:30:41.000,2025-01-03T13:39:58.000,HPD,HEAT/HOT WATER,BRONX,Closed
63586825,2025-01-01T17:30:52.000,2025-01-01T18:27:06.000,NYPD,Drug Activity,QUEENS,Closed
63586056,2025-01-01T17:30:52.000,2025-01-02T17:06:24.000,NYPD,Noise - Residential,BRONX,Closed
63585679,2025-01-01T17:30:53.000,2025-01-02T01:35:47.000,NYPD,Illegal Parking,BRONX,Closed
63595115,2025-01-01T17:30:58.000,2025-01-02T16:23:20.000,HPD,HEAT/HOT WATER,BRONX,Closed
63595416,2025-01-01T17:30:59.000,2025-01-01T18:27:14.000,NYPD,Drug Activity,QUEENS,Closed
63588460,2025-01-01T17:31:13.000,2025-01-02T17:07:58.000,NYPD,Noise - Residential,BRONX,Closed
63589089,2025-01-01T17:31:29.000,2025-01-01T19:37:33.000,NYPD,Blocked Driveway,BROOKLYN,Closed
63593086,2025-01-01T17:31:31.000,2025-01-02T11:49:36.000,DSNY,Residential Disposal Complaint,STATEN ISLAND,Closed
63594632,2025-01-01T17:31:39.000,2025-01-02T17:12:15.000,NYPD,Noise - Residential,BRONX,Closed
63587564,2025-01-01T17:31:42.000,2025-01-02T04:30:07.000,NYPD,Encampment,MANHATTAN,Closed
63588700,2025-01-01T17:31:53.000,2025-01-02T17:07:59.000,NYPD,Noise - Residential,BRONX,Closed
63591154,2025-01-01T17:31:55.000,2025-01-01T17:43:54.000,NYPD,Noise - Residential,BRONX,Closed
63587476,2025-01-01T17:31:55.000,2025-01-01T18:16:20.000,NYPD,Noise - Residential,BRONX,Closed
63585634,2025-01-01T17:32:00.000,2025-01-03T14:22:00.000,DEP,Lead,BROOKLYN,Closed
63587280,2025-01-01T17:32:00.000,2025-01-01T18:55:00.000,DEP,Sewer,QUEENS,Closed
63589873,2025-01-01T17:32:04.000,2025-01-02T00:00:00.000,DOB,Investigations and Discipline (IAD),BROOKLYN,Closed
63591582,2025-01-01T17:32:20.000,2025-01-01T20:58:54.000,NYPD,Non-Emergency Police Matter,BRONX,Closed
63586055,2025-01-01T17:32:27.000,2025-01-02T17:06:23.000,NYPD,Noise - Residential,BRONX,Closed
63585707,2025-01-01T17:32:33.000,2025-03-17T07:59:53.000,DPR,Root/Sewer/Sidewalk Condition,STATEN ISLAND,Closed
63594126,2025-01-01T17:32:33.000,2025-01-01T17:57:52.000,NYPD,Illegal Parking,QUEENS,Closed
63595015,2025-01-01T17:32:33.000,2025-01-01T19:35:36.000,NYPD,Noise - Residential,BRONX,Closed
63592928,2025-01-01T17:32:41.000,2025-01-01T18:26:57.000,NYPD,Traffic,QUEENS,Closed
63589568,2025-01-01T17:33:08.000,2025-01-02T17:07:54.000,NYPD,Noise - Residential,BRONX,Closed
63587233,2025-01-01T17:33:14.000,2025-01-02T17:10:37.000,NYPD,Noise - Residential,BRONX,Closed
63588716,2025-01-01T17:33:42.000,2025-01-01T17:43:30.000,NYPD,Noise - Residential,BRONX,Closed
63588143,2025-01-01T17:33:45.000,2025-01-02T17:12:18.000,NYPD,Noise - Residential,BRONX,Closed
63588495,2025-01-01T17:34:02.000,2025-01-02T17:02:59.000,NYPD,Noise - Residential,BRONX,Closed
63595077,2025-01-01T17:34:02.000,2025-01-02T17:25:02.000,HPD,HEAT/HOT WATER,MANHATTAN,Closed
63588916,2025-01-01T17:34:10.000,2025-01-02T20:27:35.000,HPD,HEAT/HOT WATER,BRONX,Closed
63588959,2025-01-01T17:34:13.000,2025-01-02T10:18:42.000,HPD,HEAT/HOT WATER,BRONX,Closed
63594321,2025-01-01T17:34:18.000,2025-01-01T18:26:48.000,NYPD,Drug Activity,QUEENS,Closed
63594458,2025-01-01T17:34:24.000,2025-01-02T17:10:37.000,NYPD,Noise - Residential,BRONX,Closed
63593897,2025-01-01T17:34:42.000,2025-01-03T16:04:13.000,HPD,HEAT/HOT WATER,BRONX,Closed
63586417,2025-01-01T17:34:48.000,2025-01-01T19:35:07.000,NYPD,Noise - Street/Sidewalk,BRONX,Closed
63588281,2025-01-01T17:34:50.000,2025-01-02T17:10:36.000,NYPD,Noise - Residential,BRONX,Closed
63591873,2025-01-01T17:34:58.000,2025-01-03T06:25:06.000,DSNY,Dirty Condition,STATEN ISLAND,Closed
63593472,2025-01-01T17:35:02.000,2025-01-02T17:09:00.000,NYPD,Noise - Residential,BRONX,Closed
63587674,2025-01-01T17:35:06.000,2025-01-02T19:18:12.000,HPD,HEAT/HOT WATER,BRONX,Closed
63593035,2025-01-01T17:35:20.000,2025-01-01T20:29:38.000,NYPD,Illegal Parking,MANHATTAN,Closed
63593054,2025-01-01T17:35:21.000,2025-01-01T22:55:21.000,NYPD,Illegal Parking,QUEENS,Closed
63589405,2025-01-01T17:35:37.000,2025-01-02T17:10:37.000,NYPD,Noise - Residential,BRONX,Closed
63585776,2025-01-01T17:35:40.000,2025-01-02T17:12:16.000,NYPD,Noise - Residential,BRONX,Closed
63594275,2025-01-01T17:35:42.000,2025-01-01T20:42:11.000,NYPD,Illegal Parking,QUEENS,Closed
63587383,2025-01-01T17:35:53.000,2025-01-01T19:02:42.000,NYPD,Panhandling,BROOKLYN,Closed
63586960,2025-01-01T17:36:01.000,2025-01-02T04:57:34.000,NYPD,Illegal Parking,QUEENS,Closed
63593816,2025-01-01T17:36:15.000,2025-01-01T17:57:30.000,NYPD,Noise - Street/Sidewalk,QUEENS,Closed
63594560,2025-01-01T17:36:18.000,2025-01-02T17:04:47.000,NYPD,Noise - Residential,BRONX,Closed
63586053,2025-01-01T17:36:25.000,2025-01-02T17:06:28.000,NYPD,Noise - Residential,BRONX,Closed
63589604,2025-01-01T17:36:28.000,2025-01-14T14:12:00.000,DOT,Street Condition,BROOKLYN,Closed
63586183,2025-01-01T17:36:30.000,2025-01-02T08:32:38.000,NYPD,Blocked Driveway,QUEENS,Closed
63590868,2025-01-01T17:36:38.000,2025-01-03T00:14:25.000,DSNY,Dirty Condition,BRONX,Closed
63588038,2025-01-01T17:36:53.000,2025-01-01T20:32:00.000,NYPD,Illegal Parking,QUEENS,Closed
63587215,2025-01-01T17:36:56.000,2025-01-02T17:06:22.000,NYPD,Noise - Residential,BRONX,Closed
63593494,2025-01-01T17:37:12.000,2025-01-02T17:08:00.000,NYPD,Noise - Residential,BRONX,Closed
63587614,2025-01-01T17:37:16.000,2025-01-01T17:43:09.000,NYPD,Noise - Residential,BRONX,Closed
63586886,2025-01-01T17:37:27.000,2025-01-11T09:06:20.000,DOHMH,Food Establishment,STATEN ISLAND,Closed
63595048,2025-01-01T17:37:33.000,2025-01-01T20:02:14.000,NYPD,Noise - Street/Sidewalk,MANHATTAN,Closed
63590698,2025-01-01T17:37:34.000,2025-01-02T17:12:19.000,NYPD,Noise - Residential,BRONX,Closed
63595080,2025-01-01T17:37:35.000,2025-01-03T20:35:58.000,HPD,HEAT/HOT WATER,BROOKLYN,Closed
63589352,2025-01-01T17:37:43.000,2025-01-30T16:18:32.000,DOHMH,Rodent,BROOKLYN,Closed
63592674,2025-01-01T17:37:50.000,2025-01-02T10:28:18.000,HPD,HEAT/HOT WATER,BRONX,Closed
63589080,2025-01-01T17:37:55.000,2025-01-15T20:15:51.000,HPD,PAINT/PLASTER,MANHATTAN,Closed
63591832,2025-01-01T17:37:55.000,2025-01-15T20:15:50.000,HPD,APPLIANCE,MANHATTAN,Closed
63591358,2025-01-01T17:37:56.000,2025-01-15T20:15:51.000,HPD,DOOR/WINDOW,MANHATTAN,Closed
63592803,2025-01-01T17:37:56.000,2025-01-15T20:15:51.000,HPD,PLUMBING,MANHATTAN,Closed
63593401,2025-01-01T17:38:00.000,2025-01-02T17:04:44.000,NYPD,Noise - Residential,BRONX,Closed
63591129,2025-01-01T17:38:01.000,2025-01-01T22:53:21.000,NYPD,Panhandling,QUEENS,Closed
63589375,2025-01-01T17:38:12.000,2025-01-02T17:12:17.000,NYPD,Noise - Residential,BRONX,Closed
63588194,2025-01-01T17:38:16.000,2025-01-02T08:55:26.000,DPR,Damaged Tree,STATEN ISLAND,Closed
63590642,2025-01-01T17:38:22.000,2025-01-01T19:26:41.000,NYPD,Illegal Parking,BROOKLYN,Closed
63586120,2025-01-01T17:38:47.000,2025-01-02T17:07:54.000,NYPD,Noise - Residential,BRONX,Closed
63591196,2025-01-01T17:38:51.000,2025-01-02T17:09:01.000,NYPD,Noise - Residential,BRONX,Closed
63593493,2025-01-01T17:39:29.000,2025-01-02T17:07:58.000,NYPD,Noise - Residential,BRONX,Closed
63592078,2025-01-01T17:39:35.000,2025-01-02T17:06:24.000,NYPD,Noise - Residential,BRONX,Closed
63585824,2025-01-01T17:40:07.000,2025-01-02T17:10:37.000,NYPD,Noise - Residential,BRONX,Closed
63590796,2025-01-01T17:40:18.000,2025-01-01T17:40:18.000,DOHMH,Rodent,BROOKLYN,Closed
63587297,2025-01-01T17:40:22.000,2025-01-02T17:04:46.000,NYPD,Noise - Residential,BRONX,Closed
63586678,2025-01-01T17:40:24.000,2025-01-01T21:58:43.000,NYPD,Illegal Parking,BROOKLYN,Closed
63590565,2025-01-01T17:40:28.000,2025-01-01T18:11:43.000,NYPD,Illegal Parking,BROOKLYN,Closed
63593842,2025-01-01T17:40:35.000,2025-01-01T21:20:32.000,NYPD,Noise - Residential,QUEENS,Closed
63594779,2025-01-01T17:40:37.000,2025-01-01T17:44:05.000,NYPD,Noise - Residential,QUEENS,Closed
63586132,2025-01-01T17:40:45.000,2025-01-02T17:03:01.000,NYPD,Noise - Residential,BRONX,Closed
63591518,2025-01-01T17:40:50.000,2025-01-01T18:41:23.000,NYPD,Abandoned Vehicle,MANHATTAN,Closed
63595153,2025-01-01T17:40:54.000,2025-01-03T08:44:12.000,HPD,HEAT/HOT WATER,BRONX,Closed
63589792,2025-01-01T17:41:00.000,2025-01-02T05:50:27.000,NYPD,Illegal Parking,BRONX,Closed
63590283,2025-01-01T17:41:06.000,2025-07-15T00:00:00.000,DOB,Building/Use,BROOKLYN,Closed
63592310,2025-01-01T17:41:10.000,2025-01-02T17:06:24.000,NYPD,Noise - Residential,BRONX,Closed
63593586,2025-01-01T17:41:23.000,2025-01-02T17:02:59.000,NYPD,Noise - Residential,BRONX,Closed
63586501,2025-01-01T17:41:30.000,2025-01-02T19:46:24.000,HPD,ELECTRIC,BROOKLYN,Closed
63592849,2025-01-01T17:41:36.000,2025-01-02T10:28:08.000,NYPD,Abandoned Vehicle,QUEENS,Closed
63590121,2025-01-01T17:41:47.000,2025-01-01T18:26:39.000,NYPD,Noise - Residential,QUEENS,Closed
63585701,2025-01-01T17:41:57.000,2025-01-02T17:12:17.000,NYPD,Noise - Residential,BRONX,Closed
63591169,2025-01-01T17:41:58.000,2025-01-01T19:09:05.000,NYPD,Noise - Residential,MANHATTAN,Closed
63586256,2025-01-01T17:41:59.000,2025-01-01T18:26:30.000,NYPD,Noise - House of Worship,QUEENS,Closed
63587379,2025-01-01T17:42:01.000,2025-01-02T17:06:19.000,NYPD,Noise - Residential,BRONX,Closed
63587997,2025-01-01T17:42:28.000,2025-01-01T18:45:34.000,NYPD,Illegal Parking,BROOKLYN,Closed
63589247,2025-01-01T17:42:38.000,2025-01-01T19:01:29.000,DSNY,Vendor Enforcement,MANHATTAN,Closed
63592307,2025-01-01T17:42:39.000,2025-01-02T17:06:23.000,NYPD,Noise - Residential,BRONX,Closed
63594293,2025-01-01T17:42:39.000,2025-01-01T18:28:04.000,NYPD,Illegal Parking,BRONX,Closed
63594885,2025-01-01T17:42:45.000,2025-01-02T17:08:02.000,NYPD,Noise - Residential,BRONX,Closed
63595267,2025-01-01T17:43:05.000,2025-01-01T18:26:21.000,NYPD,Traffic,QUEENS,Closed
63589170,2025-01-01T17:43:15.000,2025-03-21T08:11:10.000,TLC,Green Taxi Complaint,MANHATTAN,Closed
63587443,2025-01-01T17:43:17.000,2025-01-02T17:02:59.000,NYPD,Noise - Residential,BRONX,Closed
63593610,2025-01-01T17:43:33.000,2025-01-02T17:04:51.000,NYPD,Noise - Residential,BRONX,Closed
63592601,2025-01-01T17:43:35.000,2025-01-01T19:47:13.000,NYPD,Noise - Residential,QUEENS,Closed
63586578,2025-01-01T17:43:40.000,2025-01-02T18:39:53.000,HPD,HEAT/HOT WATER,MANHATTAN,Closed
63593306,2025-01-01T17:43:56.000,2025-01-02T17:12:21.000,NYPD,Noise - Residential,BRONX,Closed
63590241,2025-01-01T17:43:57.000,2025-01-02T19:50:11.000,HPD,HEAT/HOT WATER,BROOKLYN,Closed
63593118,2025-01-01T17:43:57.000,2025-01-21T08:06:05.000,HPD,APPLIANCE,BRONX,Closed
63590829,2025-01-01T17:44:00.000,2025-01-02T08:40:00.000,DEP,Noise,QUEENS,Closed
63585745,2025-01-01T17:44:00.000,2025-01-02T08:40:00.000,DEP,Noise,QUEENS,Closed
63591109,2025-01-01T17:44:00.000,2025-01-15T16:45:00.000,DEP,Water System,QUEENS,Closed
63595506,2025-01-01T17:44:09.000,2025-01-01T18:26:11.000,NYPD,Drug Activity,QUEENS,Closed
63590813,2025-01-01T17:44:20.000,2025-01-02T17:06:27.000,NYPD,Noise - Residential,BRONX,Closed
63585725,2025-01-01T17:44:21.000,2025-01-02T05:25:43.000,NYPD,Noise - Residential,QUEENS,Closed
63591163,2025-01-01T17:44:34.000,2025-01-02T17:04:48.000,NYPD,Noise - Residential,BRONX,Closed
63588110,2025-01-01T17:44:51.000,2025-01-02T15:48:26.000,DSNY,Illegal Dumping,MANHATTAN,Closed
63593360,2025-01-01T17:45:08.000,2025-01-02T17:12:17.000,NYPD,Noise - Residential,BRONX,Closed
63592140,2025-01-01T17:45:12.000,2025-01-02T17:03:02.000,NYPD,Noise - Residential,BRONX,Closed
63591624,2025-01-01T17:45:34.000,2025-01-01T22:37:34.000,NYPD,Illegal Parking,QUEENS,Closed
63592038,2025-01-01T17:45:50.000,2025-01-02T17:12:18.000,NYPD,Noise - Residential,BRONX,Closed
63589770,2025-01-01T17:45:55.000,2025-01-02T17:03:01.000,NYPD,Noise - Residential,BRONX,Closed
63593647,2025-01-01T17:46:28.000,2025-01-02T17:03:00.000,NYPD,Noise - Residential,BRONX,Closed
63594624,2025-01-01T17:46:42.000,2025-01-02T05:52:39.000,NYPD,Illegal Parking,BRONX,Closed
63588332,2025-01-01T17:46:43.000,2025-01-02T17:06:25.000,NYPD,Noise - Residential,BRONX,Closed
63587712,2025-01-01T17:46:44.000,2025-01-04T10:13:46.000,HPD,HEAT/HOT WATER,MANHATTAN,Closed
63588898,2025-01-01T17:46:51.000,2025-01-02T10:28:18.000,HPD,HEAT/HOT WATER,BRONX,Closed
63591536,2025-01-01T17:46:55.000,2025-01-02T05:55:16.000,NYPD,Blocked Driveway,QUEENS,Closed
63592488,2025-01-01T17:46:56.000,2025-01-01T18:27:10.000,NYPD,Noise - Residential,BROOKLYN,Closed
63607102,2025-01-01T17:47:00.000,2025-01-02T07:49:00.000,DSNY,Derelict Vehicles,BRONX,Closed
63589479,2025-01-01T17:47:06.000,2025-01-02T17:04:45.000,NYPD,Noise - Residential,BRONX,Closed
63591995,2025-01-01T17:47:23.000,2025-01-02T10:10:03.000,DPR,Damaged Tree,QUEENS,Closed
63586012,2025-01-01T17:47:30.000,2025-01-02T17:06:23.000,NYPD,Noise - Residential,BRONX,Closed
63589210,2025-01-01T17:47:37.000,2025-01-01T18:54:35.000,NYPD,Illegal Parking,QUEENS,Closed
63589830,2025-01-01T17:47:44.000,2025-01-02T17:07:53.000,NYPD,Noise - Residential,BRONX,Closed
63591662,2025-01-01T17:47:52.000,2025-01-04T12:04:54.000,DSNY,Illegal Dumping,BROOKLYN,Closed
63592302,2025-01-01T17:48:18.000,2025-01-02T17:07:57.000,NYPD,Noise - Residential,BRONX,Closed
63585956,2025-01-01T17:48:23.000,2025-01-02T17:06:25.000,NYPD,Noise - Residential,BRONX,Closed
63590015,2025-01-01T17:48:33.000,2025-01-01T19:15:16.000,NYPD,Noise - Residential,QUEENS,Closed
63589674,2025-01-01T17:48:39.000,2025-01-02T04:36:04.000,DSNY,Dirty Condition,BROOKLYN,Closed
63586095,2025-01-01T17:49:01.000,2025-01-02T17:09:00.000,NYPD,Noise - Residential,BRONX,Closed
63588616,2025-01-01T17:49:06.000,2025-01-02T17:06:25.000,NYPD,Noise - Residential,BRONX,Closed
63590471,2025-01-01T17:49:11.000,2025-01-01T20:28:23.000,NYPD,Illegal Parking,QUEENS,Closed
63592685,2025-01-01T17:49:36.000,2025-01-02T08:08:26.000,HPD,HEAT/HOT WATER,QUEENS,Closed
63586535,2025-01-01T17:49:38.000,2025-01-04T10:14:23.000,HPD,HEAT/HOT WATER,MANHATTAN,Closed
63592333,2025-01-01T17:49:39.000,2025-01-02T17:09:01.000,NYPD,Noise - Residential,BRONX,Closed
63591461,2025-01-01T17:49:40.000,2025-01-02T08:50:58.000,HPD,HEAT/HOT WATER,BROOKLYN,Closed
63591978,2025-01-01T17:49:44.000,2026-05-28T15:07:54.000,DPR,Dead/Dying Tree,QUEENS,Closed
63589027,2025-01-01T17:49:47.000,2025-01-02T11:29:27.000,HPD,HEAT/HOT WATER,BRONX,Closed
63591821,2025-01-01T17:49:48.000,2025-03-13T11:12:26.000,HPD,WATER LEAK,BRONX,Closed
63591038,2025-01-01T17:49:53.000,2025-01-02T17:07:55.000,NYPD,Noise - Residential,BRONX,Closed
63591872,2025-01-01T17:50:00.000,2025-01-03T21:15:00.000,DEP,Water System,BROOKLYN,Closed
63586404,2025-01-01T17:50:08.000,2025-01-02T00:41:26.000,NYPD,Encampment,MANHATTAN,Closed
63586875,2025-01-01T17:50:08.000,2025-01-02T00:00:00.000,DOB,Real Time Enforcement,MANHATTAN,Closed
63586433,2025-01-01T17:50:08.000,2025-04-16T03:58:09.000,DHS,Encampment,MANHATTAN,Closed
63588971,2025-01-01T17:50:17.000,2025-01-02T10:18:08.000,HPD,HEAT/HOT WATER,BRONX,Closed
63591104,2025-01-01T17:50:17.000,2025-01-02T17:09:00.000,NYPD,Noise - Residential,BRONX,Closed
63588658,2025-01-01T17:50:23.000,2025-01-01T18:57:52.000,NYPD,Noise - Residential,MANHATTAN,Closed
63590351,2025-01-01T17:50:30.000,2025-01-01T18:40:23.000,NYPD,Blocked Driveway,BROOKLYN,Closed
63588010,2025-01-01T17:50:39.000,2025-01-01T23:16:34.000,NYPD,Illegal Parking,BRONX,Closed
63592331,2025-01-01T17:50:41.000,2025-01-02T17:09:01.000,NYPD,Noise - Residential,BRONX,Closed
63592210,2025-01-01T17:50:55.000,2025-01-02T17:04:43.000,NYPD,Noise - Residential,BRONX,Closed
63592429,2025-01-01T17:51:20.000,2025-01-01T18:00:49.000,NYPD,Noise - Residential,QUEENS,Closed
63586978,2025-01-01T17:51:28.000,2025-01-02T17:12:18.000,NYPD,Noise - Residential,BRONX,Closed
63586082,2025-01-01T17:51:33.000,2025-01-02T17:03:00.000,NYPD,Noise - Residential,BRONX,Closed
63593817,2025-01-01T17:51:37.000,2025-01-01T18:26:49.000,NYPD,Noise - Residential,MANHATTAN,Closed
63593173,2025-01-01T17:51:43.000,2026-05-28T15:07:54.000,DPR,Dead/Dying Tree,QUEENS,Closed
63587987,2025-01-01T17:51:50.000,2025-01-01T23:12:50.000,NYPD,Illegal Parking,BROOKLYN,Closed
63588426,2025-01-01T17:52:11.000,2025-01-02T17:08:04.000,NYPD,Noise - Residential,BRONX,Closed
63586667,2025-01-01T17:52:14.000,2025-01-02T12:51:25.000,DSNY,Illegal Posting,BROOKLYN,Closed
63589778,2025-01-01T17:52:16.000,2025-01-02T17:09:00.000,NYPD,Noise - Residential,BRONX,Closed
63594170,2025-01-01T17:52:21.000,2025-01-01T23:38:54.000,NYPD,Abandoned Vehicle,BROOKLYN,Closed
63587015,2025-01-01T17:52:28.000,2025-03-17T12:30:42.000,DPR,Maintenance or Facility,BROOKLYN,Closed
63592328,2025-01-01T17:52:50.000,2025-01-02T17:03:01.000,NYPD,Noise - Residential,BRONX,Closed
63586996,2025-01-01T17:53:00.000,2025-01-01T17:53:00.000,DEP,Water System,BROOKLYN,Closed
63589689,2025-01-01T17:53:03.000,2025-01-02T17:06:21.000,NYPD,Noise - Residential,BRONX,Closed
63590792,2025-01-01T17:53:08.000,2025-01-02T00:00:00.000,DOB,Real Time Enforcement,MANHATTAN,Closed
63588950,2025-01-01T17:53:14.000,2025-01-02T14:47:14.000,HPD,HEAT/HOT WATER,BROOKLYN,Closed
63591222,2025-01-01T17:53:22.000,2025-01-01T18:18:06.000,NYPD,Noise - Park,MANHATTAN,Closed
63589614,2025-01-01T17:53:28.000,2025-01-02T17:10:37.000,NYPD,Noise - Residential,BRONX,Closed
63592698,2025-01-01T17:53:41.000,2025-01-02T19:53:06.000,HPD,HEAT/HOT WATER,BRONX,Closed
63590169,2025-01-01T17:53:44.000,2025-01-02T20:27:35.000,HPD,HEAT/HOT WATER,BRONX,Closed
63592672,2025-01-01T17:53:44.000,2025-01-02T20:27:35.000,HPD,HEAT/HOT WATER,BRONX,Closed
63595236,2025-01-01T17:53:46.000,2025-01-31T10:33:34.000,HPD,PLUMBING,BRONX,Closed
63588994,2025-01-01T17:53:47.000,2025-01-02T14:31:47.000,HPD,HEAT/HOT WATER,MANHATTAN,Closed
63586607,2025-01-01T17:53:49.000,2025-01-02T10:18:54.000,HPD,HEAT/HOT WATER,BRONX,Closed
63590266,2025-01-01T17:53:50.000,2025-01-05T17:09:16.000,HPD,PAINT/PLASTER,BROOKLYN,Closed
63591512,2025-01-01T17:53:50.000,2025-01-05T17:09:16.000,HPD,PAINT/PLASTER,BROOKLYN,Closed
63588676,2025-01-01T17:53:51.000,2025-01-02T17:09:00.000,NYPD,Noise - Residential,BRONX,Closed
63586288,2025-01-01T17:53:57.000,2025-01-01T18:27:31.000,NYPD,Noise - Residential,BROOKLYN,Closed
63590980,2025-01-01T17:54:06.000,2025-01-02T17:04:49.000,NYPD,Noise - Residential,BRONX,Closed
63590174,2025-01-01T17:54:13.000,2025-01-02T20:27:35.000,HPD,HEAT/HOT WATER,BRONX,Closed
63593269,2025-01-01T17:54:16.000,2025-01-02T05:58:03.000,NYPD,Illegal Parking,BRONX,Closed
63593491,2025-01-01T17:54:39.000,2025-01-02T17:07:57.000,NYPD,Noise - Residential,BRONX,Closed
63595379,2025-01-01T17:54:39.000,2025-01-02T12:52:50.000,DSNY,Illegal Posting,BROOKLYN,Closed
63591382,2025-01-01T17:54:40.000,2025-01-02T20:27:35.000,HPD,HEAT/HOT WATER,BRONX,Closed
63590910,2025-01-01T17:54:44.000,2025-01-02T17:06:26.000,NYPD,Noise - Residential,BRONX,Closed
63587424,2025-01-01T17:55:21.000,2025-01-01T18:27:43.000,NYPD,Noise - Residential,BROOKLYN,Closed
63589812,2025-01-01T17:55:22.000,2025-01-02T17:07:55.000,NYPD,Noise - Residential,BRONX,Closed
63590935,2025-01-01T17:55:26.000,2025-01-02T17:06:25.000,NYPD,Noise - Residential,BRONX,Closed
63595358,2025-01-01T17:55:38.000,2025-01-01T20:36:27.000,NYPD,Illegal Parking,QUEENS,Closed
63587327,2025-01-01T17:56:00.000,2025-01-02T17:03:00.000,NYPD,Noise - Residential,BRONX,Closed
63593577,2025-01-01T17:56:00.000,2025-01-02T13:48:00.000,DOT,Street Light Condition,QUEENS,Closed
63596038,2025-01-01T17:56:00.000,2025-01-02T11:39:00.000,DSNY,Derelict Vehicles,QUEENS,Closed
63588762,2025-01-01T17:56:09.000,2025-01-02T00:00:00.000,DOB,General Construction/Plumbing,MANHATTAN,Closed
63587947,2025-01-01T17:56:09.000,2025-01-01T18:16:44.000,NYPD,Noise - Vehicle,BROOKLYN,Closed
63592288,2025-01-01T17:56:12.000,2025-01-03T09:27:17.000,DOT,Street Condition,QUEENS,Closed
63586114,2025-01-01T17:56:14.000,2025-01-02T17:03:00.000,NYPD,Noise - Residential,BRONX,Closed
63595164,2025-01-01T17:56:27.000,2025-01-02T19:57:00.000,HPD,HEAT/HOT WATER,QUEENS,Closed
63592735,2025-01-01T17:56:32.000,2025-01-02T15:06:54.000,HPD,HEAT/HOT WATER,BRONX,Closed
63592301,2025-01-01T17:56:38.000,2025-01-02T17:07:54.000,NYPD,Noise - Residential,BRONX,Closed
63590524,2025-01-01T17:56:55.000,2025-01-01T18:21:09.000,NYPD,Illegal Parking,MANHATTAN,Closed
63592363,2025-01-01T17:57:00.000,2025-01-11T11:43:00.000,DOT,Street Light Condition,BROOKLYN,Closed
63592344,2025-01-01T17:57:01.000,2025-01-02T17:03:00.000,NYPD,Noise - Residential,BRONX,Closed
63591524,2025-01-01T17:57:06.000,2025-01-01T18:13:53.000,NYPD,Abandoned Vehicle,BROOKLYN,Closed
63590483,2025-01-01T17:57:08.000,2025-01-01T20:35:33.000,NYPD,Illegal Parking,QUEENS,Closed
63591103,2025-01-01T17:57:16.000,2025-01-02T17:09:01.000,NYPD,Noise - Residential,BRONX,Closed
63594448,2025-01-01T17:57:49.000,2025-01-02T17:10:39.000,NYPD,Noise - Residential,BRONX,Closed
63586143,2025-01-01T17:57:54.000,2025-01-02T17:09:00.000,NYPD,Noise - Residential,BRONX,Closed
63601525,2025-01-01T17:58:00.000,2025-01-02T10:48:00.000,DSNY,Derelict Vehicles,BROOKLYN,Closed
63590623,2025-01-01T17:58:04.000,2025-01-02T11:05:00.000,DOT,Street Condition,QUEENS,Closed
63592451,2025-01-01T17:58:13.000,2025-01-01T20:04:26.000,NYPD,Noise - Residential,BROOKLYN,Closed
63590694,2025-01-01T17:58:13.000,2025-01-02T01:39:12.000,NYPD,Drug Activity,BRONX,Closed
63590380,2025-01-01T17:58:22.000,2025-01-02T12:52:34.000,DSNY,Illegal Posting,BROOKLYN,Closed
63592450,2025-01-01T17:58:32.000,2025-01-01T18:49:32.000,NYPD,Noise - Residential,BROOKLYN,Closed
63587244,2025-01-01T17:58:33.000,2025-01-02T17:12:15.000,NYPD,Noise - Residential,BRONX,Closed
63587321,2025-01-01T17:58:36.000,2025-01-02T17:03:03.000,NYPD,Noise - Residential,BRONX,Closed
63593058,2025-01-01T17:58:42.000,2025-01-01T18:19:47.000,NYPD,Illegal Parking,MANHATTAN,Closed
63588117,2025-01-01T17:58:42.000,2025-01-01T18:52:03.000,NYPD,Illegal Parking,BROOKLYN,Closed
63593066,2025-01-01T17:58:54.000,2025-01-01T19:01:29.000,DSNY,Vendor Enforcement,MANHATTAN,Closed
63601577,2025-01-01T17:59:00.000,2025-01-02T05:30:00.000,DSNY,Derelict Vehicles,QUEENS,Closed
63592552,2025-01-01T17:59:02.000,2025-01-01T18:24:23.000,NYPD,Noise - Residential,MANHATTAN,Closed
63586915,2025-01-01T17:59:08.000,2025-01-01T20:34:27.000,NYPD,Illegal Parking,QUEENS,Closed
63587334,2025-01-01T17:59:11.000,2025-01-02T17:09:00.000,NYPD,Noise - Residential,BRONX,Closed
63591412,2025-01-01T17:59:21.000,2025-01-03T14:46:47.000,HPD,HEAT/HOT WATER,MANHATTAN,Closed
63590149,2025-01-01T17:59:21.000,2025-01-02T14:07:27.000,HPD,HEAT/HOT WATER,QUEENS,Closed
63595193,2025-01-01T17:59:21.000,2025-01-04T14:07:00.000,HPD,HEAT/HOT WATER,MANHATTAN,Closed
63589564,2025-01-01T17:59:24.000,2025-01-02T17:12:17.000,NYPD,Noise - Residential,BRONX,Closed
63595253,2025-01-01T17:59:30.000,2025-01-05T12:04:30.000,HPD,UNSANITARY CONDITION,MANHATTAN,Closed
63587320,2025-01-01T17:59:49.000,2025-01-02T17:03:05.000,NYPD,Noise - Residential,BRONX,Closed
63591697,2025-01-01T17:59:58.000,2025-01-01T18:19:30.000,NYPD,Illegal Parking,MANHATTAN,Closed
63594256,2025-01-01T18:00:08.000,2025-01-01T20:32:50.000,NYPD,Illegal Parking,QUEENS,Closed
63586046,2025-01-01T18:00:11.000,2025-01-02T17:04:47.000,NYPD,Noise - Residential,BRONX,Closed
63591633,2025-01-01T18:00:20.000,2025-01-01T18:52:18.000,NYPD,Illegal Parking,BROOKLYN,Closed
63588418,2025-01-01T18:00:27.000,2025-01-02T17:09:02.000,NYPD,Noise - Residential,BRONX,Closed
63588515,2025-01-01T18:00:28.000,2025-01-02T10:18:15.000,DOT,Sidewalk Condition,BRONX,Closed
63589975,2025-01-01T18:00:59.000,2025-01-02T17:09:02.000,NYPD,Noise - Residential,BRONX,Closed
63595368,2025-01-01T18:01:03.000,2025-01-01T18:19:33.000,NYPD,Illegal Parking,MANHATTAN,Closed
63594356,2025-01-01T18:01:04.000,2025-01-02T10:15:32.000,DSNY,Dirty Condition,MANHATTAN,Closed
63589789,2025-01-01T18:01:05.000,2025-01-02T17:09:02.000,NYPD,Noise - Residential,BRONX,Closed
63586703,2025-01-01T18:01:30.000,2025-01-01T20:30:02.000,NYPD,Illegal Parking,QUEENS,Closed
63595475,2025-01-01T18:01:31.000,2025-01-01T19:04:19.000,NYPD,Illegal Parking,BROOKLYN,Closed
63587277,2025-01-01T18:01:43.000,2025-01-02T17:06:31.000,NYPD,Noise - Residential,BRONX,Closed
63586033,2025-01-01T18:01:47.000,2025-01-02T17:04:47.000,NYPD,Noise - Residential,BRONX,Closed
63592844,2025-01-01T18:02:00.000,2025-01-01T19:20:00.000,DOT,Traffic Signal Condition,QUEENS,Closed
63595487,2025-01-01T18:02:01.000,2025-01-02T12:52:15.000,DSNY,Illegal Posting,BROOKLYN,Closed
63590384,2025-01-01T18:02:18.000,2025-01-01T19:33:02.000,NYPD,Illegal Parking,MANHATTAN,Closed
63587276,2025-01-01T18:02:21.000,2025-01-02T17:06:26.000,NYPD,Noise - Residential,BRONX,Closed
63586684,2025-01-01T18:02:29.000,2025-01-01T20:35:22.000,NYPD,Illegal Parking,MANHATTAN,Closed
63592652,2025-01-01T18:02:34.000,2025-01-16T06:21:44.000,HPD,FLOORING/STAIRS,BROOKLYN,Closed
63586177,2025-01-01T18:02:34.000,2025-01-02T17:08:03.000,NYPD,Noise - Residential,BRONX,Closed
63594016,2025-01-01T18:02:34.000,2025-01-16T06:21:44.000,HPD,PAINT/PLASTER,BROOKLYN,Closed
63595322,2025-01-01T18:02:37.000,2025-01-01T20:30:30.000,NYPD,Illegal Parking,QUEENS,Closed
63586801,2025-01-01T18:02:54.000,2025-01-01T18:20:04.000,NYPD,Illegal Parking,MANHATTAN,Closed
63586021,2025-01-01T18:02:59.000,2025-01-02T17:04:45.000,NYPD,Noise - Residential,BRONX,Closed
63587758,2025-01-01T18:03:02.000,2025-01-03T08:46:23.000,HPD,HEAT/HOT WATER,BRONX,Closed
63590800,2025-01-01T18:03:07.000,2025-01-02T05:50:02.000,NYPD,Illegal Parking,BRONX,Closed
63586611,2025-01-01T18:03:09.000,2025-01-03T18:29:05.000,HPD,HEAT/HOT WATER,BRONX,Closed
63587250,2025-01-01T18:03:22.000,2025-01-02T17:07:56.000,NYPD,Noise - Residential,BRONX,Closed
63592836,2025-01-01T18:03:26.000,2025-04-23T08:10:23.000,TLC,Taxi Complaint,MANHATTAN,Closed
63587303,2025-01-01T18:03:37.000,2025-01-02T17:04:48.000,NYPD,Noise - Residential,BRONX,Closed
63590880,2025-01-01T18:04:09.000,2025-01-02T17:09:02.000,NYPD,Noise - Residential,BRONX,Closed
63586118,2025-01-01T18:04:16.000,2025-01-02T17:12:23.000,NYPD,Noise - Residential,BRONX,Closed
63589971,2025-01-01T18:04:54.000,2025-01-02T17:03:01.000,NYPD,Noise - Residential,BRONX,Closed
63594599,2025-01-01T18:04:57.000,2025-01-02T17:12:18.000,NYPD,Noise - Residential,BRONX,Closed
63588610,2025-01-01T18:05:10.000,2025-01-02T00:00:00.000,DOB,General Construction/Plumbing,MANHATTAN,Closed
63585873,2025-01-01T18:05:13.000,2025-01-01T20:59:47.000,NYPD,Illegal Parking,MANHATTAN,Closed
63593454,2025-01-01T18:05:32.000,2025-01-02T17:06:26.000,NYPD,Noise - Residential,BRONX,Closed
63591952,2025-01-01T18:05:33.000,2025-01-02T05:54:47.000,NYPD,Illegal Parking,BROOKLYN,Closed
63594700,2025-01-01T18:05:44.000,2025-01-02T17:06:22.000,NYPD,Noise - Residential,BRONX,Closed
63592893,2025-01-01T18:05:45.000,2025-01-01T23:14:03.000,NYPD,Blocked Driveway,BRONX,Closed
63591565,2025-01-01T18:05:47.000,2025-01-01T19:40:35.000,NYPD,Blocked Driveway,BROOKLYN,Closed
63591908,2025-01-01T18:05:52.000,2025-01-01T19:56:27.000,NYPD,Illegal Parking,MANHATTAN,Closed
63594202,2025-01-01T18:05:52.000,2025-01-02T12:51:58.000,DSNY,Illegal Posting,BROOKLYN,Closed
63586257,2025-01-01T18:05:55.000,2025-01-01T18:14:41.000,NYPD,Noise - Residential,BROOKLYN,Closed
63593890,2025-01-01T18:05:57.000,2025-01-03T08:58:29.000,HPD,HEAT/HOT WATER,MANHATTAN,Closed
63586879,2025-01-01T18:05:58.000,2025-01-02T16:41:04.000,HPD,APPLIANCE,BROOKLYN,Closed
63587663,2025-01-01T18:05:58.000,2025-01-02T16:41:04.000,HPD,HEAT/HOT WATER,BROOKLYN,Closed
63592804,2025-01-01T18:05:58.000,2025-01-02T16:41:05.000,HPD,PLUMBING,BROOKLYN,Closed
63595464,2025-01-01T18:05:58.000,2025-01-01T18:22:39.000,NYPD,Illegal Parking,STATEN ISLAND,Closed
63590411,2025-01-01T18:06:04.000,2025-01-01T18:11:48.000,NYPD,Illegal Parking,QUEENS,Closed
63589214,2025-01-01T18:06:06.000,2025-01-02T12:11:28.000,NYPD,Illegal Parking,QUEENS,Closed
63588681,2025-01-01T18:06:10.000,2025-01-02T17:12:16.000,NYPD,Noise - Residential,BRONX,Closed
63588004,2025-01-01T18:06:16.000,2025-01-01T19:57:12.000,NYPD,Illegal Parking,BROOKLYN,Closed
63591613,2025-01-01T18:06:31.000,2025-01-01T20:27:58.000,NYPD,Blocked Driveway,QUEENS,Closed
63592347,2025-01-01T18:06:32.000,2025-01-02T17:12:18.000,NYPD,Noise - Residential,BRONX,Closed
63588159,2025-01-01T18:06:43.000,2025-01-02T10:07:02.000,DPR,Damaged Tree,BROOKLYN,Closed
63592183,2025-01-01T18:06:48.000,2025-01-02T17:09:02.000,NYPD,Noise - Residential,BRONX,Closed
63589168,2025-01-01T18:06:49.000,2025-01-01T22:26:08.000,NYPD,Blocked Driveway,BROOKLYN,Closed
63589788,2025-01-01T18:07:20.000,2025-01-02T17:09:03.000,NYPD,Noise - Residential,BRONX,Closed
63592352,2025-01-01T18:07:26.000,2025-01-02T17:08:02.000,NYPD,Noise - Residential,BRONX,Closed
63594828,2025-01-01T18:08:04.000,2025-01-02T17:03:00.000,NYPD,Noise - Residential,BRONX,Closed
63588520,2025-01-01T18:08:07.000,2025-01-02T17:09:02.000,NYPD,Noise - Residential,BRONX,Closed
63589287,2025-01-01T18:08:30.000,2025-01-01T20:35:08.000,NYPD,Illegal Parking,BRONX,Closed
63590516,2025-01-01T18:08:35.000,2025-01-01T23:17:07.000,NYPD,Illegal Parking,BRONX,Closed
63587269,2025-01-01T18:08:42.000,2025-01-02T17:04:48.000,NYPD,Noise - Residential,BRONX,Closed
63594201,2025-01-01T18:08:45.000,2025-01-02T12:51:42.000,DSNY,Illegal Posting,BROOKLYN,Closed
63586470,2025-01-01T18:08:49.000,2025-01-01T23:19:16.000,NYPD,Blocked Driveway,BROOKLYN,Closed
63590987,2025-01-01T18:08:55.000,2025-01-02T17:03:01.000,NYPD,Noise - Residential,BRONX,Closed
63586663,2025-01-01T18:09:00.000,2025-01-02T10:41:25.000,DSNY,Residential Disposal Complaint,QUEENS,Closed
63587484,2025-01-01T18:09:02.000,2025-01-01T18:26:30.000,NYPD,Noise - Residential,MANHATTAN,Closed
63591376,2025-01-01T18:09:14.000,2025-01-10T20:15:05.000,HPD,GENERAL,BRONX,Closed
63587779,2025-01-01T18:09:14.000,2025-01-02T01:19:03.000,NYPD,Blocked Driveway,MANHATTAN,Closed
63585698,2025-01-01T18:09:15.000,2025-02-11T14:10:54.000,DPR,Maintenance or Facility,QUEENS,Closed
63588438,2025-01-01T18:09:21.000,2025-01-02T17:09:01.000,NYPD,Noise - Residential,BRONX,Closed
63594980,2025-01-01T18:09:35.000,2025-01-01T18:40:55.000,NYPD,Noise - Residential,BRONX,Closed
63585911,2025-01-01T18:09:42.000,2025-01-02T17:06:26.000,NYPD,Noise - Residential,BRONX,Closed
63593271,2025-01-01T18:09:45.000,2025-01-02T11:27:46.000,TLC,Lost Property,MANHATTAN,Closed
63586982,2025-01-01T18:09:49.000,2025-01-01T18:09:49.000,DOHMH,Rodent,BROOKLYN,Closed
63587850,2025-01-01T18:09:54.000,2025-01-02T00:27:48.000,NYPD,Blocked Driveway,BROOKLYN,Closed
63588583,2025-01-01T18:09:59.000,2025-01-02T17:06:24.000,NYPD,Noise - Residential,BRONX,Closed
63592935,2025-01-01T18:10:03.000,2025-01-01T19:09:09.000,NYPD,Blocked Driveway,BROOKLYN,Closed
63595261,2025-01-01T18:10:13.000,2025-01-01T20:19:30.000,NYPD,Blocked Driveway,QUEENS,Closed
63591158,2025-01-01T18:10:30.000,2025-01-02T17:04:47.000,NYPD,Noise - Residential,BRONX,Closed
63586273,2025-01-01T18:10:36.000,2025-01-01T22:33:12.000,NYPD,Noise - Commercial,BROOKLYN,Closed
63591002,2025-01-01T18:10:37.000,2025-01-02T17:09:02.000,NYPD,Noise - Residential,BRONX,Closed
63590947,2025-01-01T18:10:39.000,2025-01-02T10:39:07.000,DOHMH,Rodent,BROOKLYN,Closed
63588600,2025-01-01T18:11:11.000,2025-01-02T00:00:00.000,DOB,General Construction/Plumbing,MANHATTAN,Closed
63587109,2025-01-01T18:11:16.000,2025-01-02T17:06:30.000,NYPD,Noise - Residential,BRONX,Closed
63588378,2025-01-01T18:11:18.000,2025-01-02T17:04:50.000,NYPD,Noise - Residential,BRONX,Closed
63595019,2025-01-01T18:11:32.000,2025-01-01T18:52:09.000,NYPD,Noise - Residential,BROOKLYN,Closed
63593795,2025-01-01T18:11:43.000,2025-01-01T20:18:46.000,NYPD,Noise - Residential,MANHATTAN,Closed
63588417,2025-01-01T18:11:53.000,2025-01-02T17:09:02.000,NYPD,Noise - Residential,BRONX,Closed
63591777,2025-01-01T18:11:55.000,2025-01-02T12:51:08.000,DSNY,Illegal Posting,BROOKLYN,Closed
63589659,2025-01-01T18:12:01.000,2025-01-01T19:44:30.000,NYPD,Illegal Fireworks,BROOKLYN,Closed
63593304,2025-01-01T18:12:05.000,2025-01-02T17:10:36.000,NYPD,Noise - Residential,BRONX,Closed
63592729,2025-01-01T18:12:16.000,2025-01-02T14:30:41.000,HPD,HEAT/HOT WATER,MANHATTAN,Closed
63591764,2025-01-01T18:12:25.000,2025-01-01T19:57:49.000,NYPD,Illegal Parking,BROOKLYN,Closed
63586543,2025-01-01T18:12:27.000,2025-01-02T20:27:35.000,HPD,HEAT/HOT WATER,BRONX,Closed
63593919,2025-01-01T18:12:30.000,2025-01-02T15:14:39.000,HPD,HEAT/HOT WATER,BRONX,Closed
63589519,2025-01-01T18:12:31.000,2025-01-02T17:03:00.000,NYPD,Noise - Residential,BRONX,Closed
63587042,2025-01-01T18:12:35.000,2025-01-01T21:39:28.000,NYPD,Illegal Parking,STATEN ISLAND,Closed
63591009,2025-01-01T18:12:52.000,2025-01-02T17:08:04.000,NYPD,Noise - Residential,BRONX,Closed
63601213,2025-01-01T18:13:00.000,2025-01-03T07:02:00.000,DSNY,Derelict Vehicles,BRONX,Closed
63589518,2025-01-01T18:13:09.000,2025-01-02T17:03:02.000,NYPD,Noise - Residential,BRONX,Closed
63593041,2025-01-01T18:13:12.000,2025-01-01T18:33:53.000,NYPD,Illegal Parking,MANHATTAN,Closed
63591801,2025-01-01T18:13:26.000,2025-01-12T11:08:54.000,HPD,UNSANITARY CONDITION,BRONX,Closed
63590156,2025-01-01T18:13:26.000,2025-01-12T11:08:55.000,HPD,FLOORING/STAIRS,BRONX,Closed
63592773,2025-01-01T18:13:26.000,2025-01-12T11:08:55.000,HPD,PAINT/PLASTER,BRONX,Closed
63594234,2025-01-01T18:13:26.000,2025-01-12T11:08:54.000,HPD,WATER LEAK,BRONX,Closed
63594906,2025-01-01T18:13:40.000,2025-01-02T17:09:04.000,NYPD,Noise - Residential,BRONX,Closed
63586028,2025-01-01T18:13:48.000,2025-01-02T17:04:48.000,NYPD,Noise - Residential,BRONX,Closed
63588580,2025-01-01T18:13:59.000,2025-01-01T20:54:43.000,NYPD,Illegal Fireworks,STATEN ISLAND,Closed
63594225,2025-01-01T18:14:00.000,2025-01-02T18:34:00.000,DEP,Noise,BRONX,Closed
63589212,2025-01-01T18:14:17.000,2025-01-01T18:45:20.000,NYPD,Illegal Parking,BROOKLYN,Closed
63591208,2025-01-01T18:14:26.000,2025-01-02T17:07:58.000,NYPD,Noise - Residential,BRONX,Closed
63589808,2025-01-01T18:14:28.000,2025-01-02T17:07:59.000,NYPD,Noise - Residential,BRONX,Closed
63593064,2025-01-01T18:14:31.000,2025-01-01T20:07:24.000,NYPD,Illegal Parking,BRONX,Closed
63590485,2025-01-01T18:14:50.000,2025-01-01T19:20:07.000,NYPD,Illegal Parking,MANHATTAN,Closed
63592277,2025-01-01T18:15:04.000,2025-01-02T17:12:22.000,NYPD,Noise - Residential,BRONX,Closed
63591457,2025-01-01T18:15:14.000,2025-01-02T17:03:19.000,HPD,HEAT/HOT WATER,BRONX,Closed
63586102,2025-01-01T18:15:15.000,2025-01-02T17:07:59.000,NYPD,Noise - Residential,BRONX,Closed
63590328,2025-01-01T18:15:17.000,2025-01-02T13:15:43.000,HPD,HEAT/HOT WATER,BRONX,Closed
63587827,2025-01-01T18:15:22.000,2025-01-02T06:01:54.000,NYPD,Blocked Driveway,BRONX,Closed
63590428,2025-01-01T18:15:26.000,2025-01-01T18:37:34.000,NYPD,Illegal Parking,MANHATTAN,Closed
63593881,2025-01-01T18:15:26.000,2025-01-31T06:03:20.000,HPD,GENERAL,BRONX,Closed
63586529,2025-01-01T18:15:31.000,2025-01-01T20:39:52.000,NYPD,Non-Emergency Police Matter,BRONX,Closed
63587760,2025-01-01T18:15:33.000,2025-01-02T19:53:06.000,HPD,HEAT/HOT WATER,BRONX,Closed
63586539,2025-01-01T18:15:38.000,2025-01-02T20:27:35.000,HPD,HEAT/HOT WATER,BRONX,Closed
63591884,2025-01-01T18:15:42.000,2025-01-02T17:10:36.000,NYPD,Noise - Residential,BRONX,Closed
63591644,2025-01-01T18:15:43.000,2025-01-01T18:46:04.000,NYPD,Illegal Parking,QUEENS,Closed
63593928,2025-01-01T18:15:45.000,2025-01-03T20:37:05.000,HPD,HEAT/HOT WATER,BROOKLYN,Closed
63589777,2025-01-01T18:16:03.000,2025-01-02T17:09:01.000,NYPD,Noise - Residential,BRONX,Closed
63589068,2025-01-01T18:16:16.000,2025-01-02T12:50:50.000,DSNY,Illegal Posting,BROOKLYN,Closed
63592327,2025-01-01T18:16:20.000,2025-01-02T17:03:00.000,NYPD,Noise - Residential,BRONX,Closed
63589502,2025-01-01T18:16:37.000,2025-01-02T11:25:34.000,TLC,Lost Property,MANHATTAN,Closed
63594373,2025-01-01T18:16:49.000,2025-01-02T07:13:56.000,NYPD,Illegal Parking,BROOKLYN,Closed
63587108,2025-01-01T18:16:50.000,2025-01-02T17:06:24.000,NYPD,Noise - Residential,BRONX,Closed
63590074,2025-01-01T18:16:53.000,2025-01-01T20:18:13.000,NYPD,Noise - Residential,MANHATTAN,Closed
63586142,2025-01-01T18:16:58.000,2025-01-02T17:09:02.000,NYPD,Noise - Residential,BRONX,Closed
63594577,2025-01-01T18:17:03.000,2025-01-01T21:10:30.000,NYPD,Illegal Parking,MANHATTAN,Closed
63587955,2025-01-01T18:17:18.000,2025-01-01T22:51:26.000,NYPD,Blocked Driveway,QUEENS,Closed
63587357,2025-01-01T18:17:21.000,2025-01-02T00:00:00.000,DOB,General Construction/Plumbing,MANHATTAN,Closed
63587187,2025-01-01T18:17:36.000,2025-01-02T17:09:01.000,NYPD,Noise - Residential,BRONX,Closed
63592351,2025-01-01T18:17:38.000,2025-01-02T17:08:01.000,NYPD,Noise - Residential,BRONX,Closed
63595346,2025-01-01T18:17:44.000,2025-01-01T18:54:14.000,NYPD,Illegal Parking,BROOKLYN,Closed
63587931,2025-01-01T18:18:05.000,2025-01-01T18:30:59.000,NYPD,Blocked Driveway,BROOKLYN,Closed
63588779,2025-01-01T18:18:05.000,2025-01-01T20:17:06.000,NYPD,Noise - Street/Sidewalk,MANHATTAN,Closed
63592728,2025-01-01T18:18:08.000,2025-01-02T17:03:19.000,HPD,HEAT/HOT WATER,BRONX,Closed
63589507,2025-01-01T18:18:14.000,2025-01-02T17:10:36.000,NYPD,Noise - Residential,BRONX,Closed
63593072,2025-01-01T18:18:15.000,2025-01-02T12:50:35.000,DSNY,Illegal Posting,BROOKLYN,Closed
63593010,2025-01-01T18:18:16.000,2025-01-01T23:19:03.000,NYPD,Illegal Parking,BROOKLYN,Closed
63587186,2025-01-01T18:18:25.000,2025-01-02T17:09:02.000,NYPD,Noise - Residential,BRONX,Closed
63586429,2025-01-01T18:18:25.000,2025-01-01T20:19:03.000,NYPD,Noise - Street/Sidewalk,MANHATTAN,Closed
63586582,2025-01-01T18:18:36.000,2025-01-03T18:29:05.000,HPD,HEAT/HOT WATER,BRONX,Closed
63587854,2025-01-01T18:18:49.000,2025-01-01T18:58:58.000,NYPD,Blocked Driveway,BRONX,Closed
63585597,2025-01-01T18:18:50.000,2025-01-01T21:06:13.000,NYPD,Illegal Parking,MANHATTAN,Closed
63588435,2025-01-01T18:18:52.000,2025-01-02T17:03:01.000,NYPD,Noise - Residential,BRONX,Closed
63594296,2025-01-01T18:19:00.000,2025-01-03T13:24:00.000,DOT,Street Light Condition,BRONX,Closed
63586051,2025-01-01T18:19:07.000,2025-01-01T20:06:35.000,NYPD,Abandoned Vehicle,BROOKLYN,Closed
63588445,2025-01-01T18:19:13.000,2025-01-02T17:04:47.000,NYPD,Noise - Residential,BRONX,Closed
63587656,2025-01-01T18:19:25.000,2025-01-22T15:53:14.000,HPD,GENERAL,BRONX,Closed
63590175,2025-01-01T18:19:28.000,2025-01-02T13:15:43.000,HPD,HEAT/HOT WATER,BRONX,Closed
63589506,2025-01-01T18:19:31.000,2025-01-02T17:10:36.000,NYPD,Noise - Residential,BRONX,Closed
63590373,2025-01-01T18:19:32.000,2025-01-01T18:20:20.000,NYPD,Blocked Driveway,QUEENS,Closed
63586868,2025-01-01T18:20:00.000,2025-01-02T12:03:00.000,DEP,Air Quality,QUEENS,Closed
63588351,2025-01-01T18:20:01.000,2025-01-02T17:04:49.000,NYPD,Noise - Residential,BRONX,Closed
63595235,2025-01-01T18:20:03.000,2025-01-01T20:42:27.000,NYPD,Blocked Driveway,BROOKLYN,Closed
63592182,2025-01-01T18:20:09.000,2025-01-02T17:09:01.000,NYPD,Noise - Residential,BRONX,Closed
63593405,2025-01-01T18:20:40.000,2025-01-01T18:45:46.000,NYPD,Encampment,MANHATTAN,Closed
63591128,2025-01-01T18:20:40.000,2025-01-16T06:43:59.000,DHS,Encampment,MANHATTAN,Closed
63589985,2025-01-01T18:20:42.000,2025-01-01T19:29:50.000,NYPD,Noise - Residential,QUEENS,Closed
63594391,2025-01-01T18:20:47.000,2025-01-02T17:10:39.000,NYPD,Noise - Residential,BRONX,Closed
63585747,2025-01-01T18:20:48.000,2025-01-02T17:10:35.000,NYPD,Noise - Residential,BRONX,Closed
63586757,2025-01-01T18:20:58.000,2025-01-01T19:31:08.000,NYPD,Illegal Parking,MANHATTAN,Closed
63591776,2025-01-01T18:21:05.000,2025-01-09T06:39:36.000,DSNY,Illegal Dumping,BRONX,Closed
63595117,2025-01-01T18:21:09.000,2025-01-02T17:03:19.000,HPD,HEAT/HOT WATER,BRONX,Closed
63594536,2025-01-01T18:21:25.000,2025-01-02T17:04:48.000,NYPD,Noise - Residential,BRONX,Closed
63590379,2025-01-01T18:21:27.000,2025-01-02T12:53:10.000,DSNY,Illegal Posting,BROOKLYN,Closed
63592725,2025-01-01T18:21:34.000,2025-01-03T18:29:05.000,HPD,HEAT/HOT WATER,BRONX,Closed
63588901,2025-01-01T18:21:34.000,2025-01-02T20:27:35.000,HPD,HEAT/HOT WATER,BRONX,Closed
63593596,2025-01-01T18:21:36.000,2025-01-02T17:04:50.000,NYPD,Noise - Residential,BRONX,Closed
63586455,2025-01-01T18:21:53.000,2025-01-01T20:03:42.000,NYPD,Noise - Street/Sidewalk,BROOKLYN,Closed
63588350,2025-01-01T18:22:03.000,2025-01-02T17:04:48.000,NYPD,Noise - Residential,BRONX,Closed
63586623,2025-01-01T18:22:07.000,2025-01-03T13:48:03.000,HPD,HEAT/HOT WATER,BRONX,Closed
63593462,2025-01-01T18:22:23.000,2025-01-02T17:06:25.000,NYPD,Noise - Residential,BRONX,Closed
63587426,2025-01-01T18:22:26.000,2025-01-01T19:19:12.000,NYPD,Noise - Residential,BROOKLYN,Closed
63591975,2025-01-01T18:22:41.000,2025-01-02T17:06:26.000,NYPD,Noise - Residential,BRONX,Closed
63587922,2025-01-01T18:23:08.000,2025-01-01T19:39:10.000,NYPD,Illegal Parking,MANHATTAN,Closed
63588679,2025-01-01T18:23:11.000,2025-01-02T17:12:21.000,NYPD,Noise - Residential,BRONX,Closed
63589290,2025-01-01T18:23:16.000,2025-01-01T20:19:51.000,NYPD,Illegal Parking,BROOKLYN,Closed
63589714,2025-01-01T18:23:19.000,2025-01-02T17:04:46.000,NYPD,Noise - Residential,BRONX,Closed
63590549,2025-01-01T18:23:35.000,2025-01-01T18:34:27.000,NYPD,Illegal Parking,MANHATTAN,Closed
63586871,2025-01-01T18:23:47.000,2025-01-04T13:25:00.000,DSNY,Residential Disposal Complaint,STATEN ISLAND,Closed
63589941,2025-01-01T18:23:58.000,2025-01-02T17:04:47.000,NYPD,Noise - Residential,BRONX,Closed
63590907,2025-01-01T18:24:01.000,2025-01-02T17:07:56.000,NYPD,Noise - Residential,BRONX,Closed
63595110,2025-01-01T18:24:12.000,2025-01-02T10:18:37.000,HPD,HEAT/HOT WATER,BROOKLYN,Closed
63593968,2025-01-01T18:24:14.000,2025-01-03T19:33:06.000,HPD,HEAT/HOT WATER,BROOKLYN,Closed
63586524,2025-01-01T18:24:24.000,2025-01-01T20:33:50.000,NYPD,Blocked Driveway,MANHATTAN,Closed
63592189,2025-01-01T18:24:36.000,2025-01-02T17:08:01.000,NYPD,Noise - Residential,BRONX,Closed
63589059,2025-01-01T18:24:38.000,2025-01-02T20:55:07.000,NYPD,Blocked Driveway,BROOKLYN,Closed
63592666,2025-01-01T18:24:38.000,2025-01-02T20:27:35.000,HPD,HEAT/HOT WATER,BRONX,Closed
63595339,2025-01-01T18:24:38.000,2025-01-02T12:53:29.000,DSNY,Illegal Posting,BROOKLYN,Closed
63587319,2025-01-01T18:24:46.000,2025-01-02T17:03:02.000,NYPD,Noise - Residential,BRONX,Closed
63593749,2025-01-01T18:25:00.000,2025-01-01T22:49:16.000,NYPD,Noise - Residential,QUEENS,Closed
63593425,2025-01-01T18:25:14.000,2025-01-02T17:09:01.000,NYPD,Noise - Residential,BRONX,Closed
63587551,2025-01-01T18:25:16.000,2025-01-01T19:29:52.000,NYPD,Noise - Street/Sidewalk,QUEENS,Closed
63590673,2025-01-01T18:25:20.000,2025-01-01T19:59:02.000,NYPD,Illegal Parking,QUEENS,Closed
63586853,2025-01-01T18:25:29.000,2025-02-03T07:11:08.000,HPD,UNSANITARY CONDITION,BRONX,Closed
63589404,2025-01-01T18:25:34.000,2025-01-02T17:09:03.000,NYPD,Noise - Residential,BRONX,Closed
63588054,2025-01-01T18:25:42.000,2025-01-01T19:39:38.000,NYPD,Illegal Parking,MANHATTAN,Closed
63594948,2025-01-01T18:25:52.000,2025-01-01T19:41:03.000,NYPD,Illegal Fireworks,BROOKLYN,Closed
63594615,2025-01-01T18:25:52.000,2025-01-02T17:07:56.000,NYPD,Noise - Residential,BRONX,Closed
63593033,2025-01-01T18:26:06.000,2025-01-01T19:41:05.000,NYPD,Illegal Parking,BROOKLYN,Closed
63595280,2025-01-01T18:26:11.000,2025-01-01T18:41:06.000,NYPD,Illegal Parking,BROOKLYN,Closed
63588521,2025-01-01T18:26:21.000,2025-01-02T17:12:17.000,NYPD,Noise - Residential,BRONX,Closed
63591573,2025-01-01T18:26:26.000,2025-01-02T05:54:11.000,NYPD,Blocked Driveway,BROOKLYN,Closed
63587442,2025-01-01T18:26:31.000,2025-01-02T17:03:00.000,NYPD,Noise - Residential,BRONX,Closed
63587937,2025-01-01T18:26:55.000,2025-01-01T19:41:10.000,NYPD,Illegal Parking,MANHATTAN,Closed
63591681,2025-01-01T18:26:59.000,2025-01-02T12:53:46.000,DSNY,Illegal Posting,BROOKLYN,Closed
63587249,2025-01-01T18:27:08.000,2025-01-02T17:08:00.000,NYPD,Noise - Residential,BRONX,Closed
63586155,2025-01-01T18:27:09.000,2025-01-02T17:08:04.000,NYPD,Noise - Residential,BRONX,Closed
63586646,2025-01-01T18:27:13.000,2025-02-03T07:11:12.000,HPD,PAINT/PLASTER,BROOKLYN,Closed
63586850,2025-01-01T18:27:13.000,2025-01-07T14:22:57.000,HPD,WATER LEAK,BROOKLYN,Closed
63588088,2025-01-01T18:27:13.000,2025-01-05T12:05:21.000,HPD,WATER LEAK,BROOKLYN,Closed
63590214,2025-01-01T18:27:20.000,2025-01-04T10:13:55.000,HPD,HEAT/HOT WATER,MANHATTAN,Closed
63590750,2025-01-01T18:27:46.000,2025-01-02T17:06:20.000,NYPD,Noise - Residential,BRONX,Closed
63593448,2025-01-01T18:27:57.000,2025-01-02T17:03:00.000,NYPD,Noise - Residential,BRONX,Closed
63594567,2025-01-01T18:28:24.000,2025-01-02T17:03:03.000,NYPD,Noise - Residential,BRONX,Closed
63590468,2025-01-01T18:28:32.000,2025-01-01T19:34:24.000,NYPD,Blocked Driveway,BROOKLYN,Closed
63585861,2025-01-01T18:28:44.000,2025-01-02T17:09:02.000,NYPD,Noise - Residential,BRONX,Closed
63591528,2025-01-01T18:29:00.000,2025-01-02T10:26:00.000,DEP,Water Quality,MANHATTAN,Closed
63586976,2025-01-01T18:29:03.000,2025-01-02T17:10:36.000,NYPD,Noise - Residential,BRONX,Closed
63590108,2025-01-01T18:29:05.000,2025-01-01T19:07:45.000,NYPD,Noise - Residential,BROOKLYN,Closed
63592112,2025-01-01T18:29:31.000,2025-01-02T17:04:52.000,NYPD,Noise - Residential,BRONX,Closed
63587431,2025-01-01T18:29:41.000,2025-01-02T17:03:02.000,NYPD,Noise - Residential,BRONX,Closed
63586280,2025-01-01T18:29:46.000,2025-01-01T18:46:35.000,NYPD,Noise - Residential,MANHATTAN,Closed
63588035,2025-01-01T18:29:49.000,2025-01-01T21:49:01.000,NYPD,Illegal Parking,BROOKLYN,Closed
63593002,2025-01-01T18:29:51.000,2025-01-01T19:25:35.000,NYPD,Illegal Parking,MANHATTAN,Closed
63590036,2025-01-01T18:29:59.000,2025-01-01T18:51:51.000,NYPD,Encampment,MANHATTAN,Closed
63594374,2025-01-01T18:30:10.000,2025-01-02T06:02:43.000,NYPD,Illegal Parking,BRONX,Closed
63592825,2025-01-01T18:30:14.000,2025-02-13T06:26:28.000,HPD,UNSANITARY CONDITION,BROOKLYN,Closed
63587085,2025-01-01T18:30:19.000,2025-01-02T17:09:01.000,NYPD,Noise - Residential,BRONX,Closed
63592282,2025-01-01T18:30:19.000,2025-01-02T17:07:55.000,NYPD,Noise - Residential,BRONX,Closed
63591478,2025-01-01T18:30:22.000,2025-01-03T09:00:50.000,HPD,HEAT/HOT WATER,BRONX,Closed
63591706,2025-01-01T18:30:27.000,2025-01-01T19:53:07.000,NYPD,Illegal Parking,MANHATTAN,Closed
63593966,2025-01-01T18:30:28.000,2025-01-03T09:00:50.000,HPD,HEAT/HOT WATER,BRONX,Closed
63593927,2025-01-01T18:30:40.000,2025-01-02T16:17:11.000,HPD,HEAT/HOT WATER,QUEENS,Closed
63590206,2025-01-01T18:30:42.000,2025-01-02T16:08:29.000,HPD,HEAT/HOT WATER,BROOKLYN,Closed
63593022,2025-01-01T18:30:50.000,2025-01-01T22:08:14.000,NYPD,Illegal Parking,STATEN ISLAND,Closed
63591003,2025-01-01T18:31:04.000,2025-01-02T17:12:16.000,NYPD,Noise - Residential,BRONX,Closed
63585860,2025-01-01T18:31:06.000,2025-01-02T17:09:03.000,NYPD,Noise - Residential,BRONX,Closed
63590477,2025-01-01T18:31:15.000,2025-01-01T18:40:42.000,NYPD,Blocked Driveway,BROOKLYN,Closed
63591598,2025-01-01T18:31:30.000,2025-01-01T20:07:32.000,NYPD,Blocked Driveway,BROOKLYN,Closed
63591324,2025-01-01T18:31:30.000,2025-01-01T20:00:36.000,NYPD,Noise - Street/Sidewalk,MANHATTAN,Closed
63587181,2025-01-01T18:31:54.000,2025-01-02T17:03:02.000,NYPD,Noise - Residential,BRONX,Closed
63589236,2025-01-01T18:31:58.000,2025-01-01T19:25:18.000,NYPD,Illegal Parking,MANHATTAN,Closed
63590442,2025-01-01T18:32:00.000,2025-01-01T21:15:31.000,NYPD,Illegal Parking,QUEENS,Closed
63589769,2025-01-01T18:32:13.000,2025-01-02T17:03:01.000,NYPD,Noise - Residential,BRONX,Closed
63594177,2025-01-01T18:32:14.000,2025-01-02T02:15:06.000,NYPD,Blocked Driveway,QUEENS,Closed
63591889,2025-01-01T18:32:24.000,2025-01-02T00:00:00.000,DOB,Real Time Enforcement,MANHATTAN,Closed
63590302,2025-01-01T18:32:29.000,2025-01-01T21:34:28.000,NYPD,Blocked Driveway,BROOKLYN,Closed
63589798,2025-01-01T18:32:41.000,2025-01-02T17:10:37.000,NYPD,Noise - Residential,BRONX,Closed
63587105,2025-01-01T18:32:51.000,2025-01-02T17:06:25.000,NYPD,Noise - Residential,BRONX,Closed
63595272,2025-01-01T18:33:15.000,2025-01-06T09:24:56.000,HPD,UNSANITARY CONDITION,BRONX,Closed
63588909,2025-01-01T18:33:15.000,2025-01-06T09:24:56.000,HPD,HEAT/HOT WATER,BRONX,Closed
63594109,2025-01-01T18:33:18.000,2025-01-01T22:51:02.000,NYPD,Illegal Parking,QUEENS,Closed
63586619,2025-01-01T18:33:20.000,2025-01-03T15:18:12.000,HPD,HEAT/HOT WATER,MANHATTAN,Closed
63587702,2025-01-01T18:33:27.000,2025-01-03T13:06:24.000,HPD,HEAT/HOT WATER,BRONX,Closed
63591543,2025-01-01T18:33:27.000,2025-05-14T15:49:29.000,HPD,PLUMBING,BRONX,Closed
63587454,2025-01-01T18:33:29.000,2025-01-02T17:12:17.000,NYPD,Noise - Residential,BRONX,Closed
63587412,2025-01-01T18:33:29.000,2025-01-02T17:04:49.000,NYPD,Noise - Residential,BRONX,Closed
63586897,2025-01-01T18:33:44.000,2025-01-04T13:42:09.000,DSNY,Residential Disposal Complaint,BROOKLYN,Closed
63592289,2025-01-01T18:34:00.000,2025-01-02T13:36:00.000,DOT,Street Light Condition,QUEENS,Closed
63596037,2025-01-01T18:34:00.000,2025-01-02T05:08:00.000,DSNY,Derelict Vehicles,BRONX,Closed
63590272,2025-01-01T18:34:02.000,2025-01-01T20:42:33.000,NYPD,Abandoned Vehicle,QUEENS,Closed
63593256,2025-01-01T18:34:04.000,2025-01-02T08:46:32.000,DSNY,Dirty Condition,MANHATTAN,Closed
63591040,2025-01-01T18:34:08.000,2025-01-02T17:09:04.000,NYPD,Noise - Residential,BRONX,Closed
63593079,2025-01-01T18:34:09.000,2025-01-01T19:19:25.000,NYPD,Noise - Vehicle,BROOKLYN,Closed
63586020,2025-01-01T18:34:17.000,2025-01-02T17:04:46.000,NYPD,Noise - Residential,BRONX,Closed
63592994,2025-01-01T18:34:18.000,2025-01-01T22:28:54.000,NYPD,Illegal Parking,QUEENS,Closed
63593377,2025-01-01T18:34:46.000,2025-01-02T17:04:46.000,NYPD,Noise - Residential,BRONX,Closed
63591910,2025-01-01T18:34:48.000,2025-03-02T18:45:12.000,DOHMH,Mobile Food Vendor,BRONX,Closed
63589453,2025-01-01T18:34:51.000,2025-01-01T18:48:42.000,NYPD,Illegal Parking,BROOKLYN,Closed
63590804,2025-01-01T18:35:00.000,2025-01-07T15:07:00.000,DEP,Noise,STATEN ISLAND,Closed
63588251,2025-01-01T18:35:04.000,2025-01-02T17:06:28.000,NYPD,Noise - Residential,BRONX,Closed
63592295,2025-01-01T18:35:24.000,2025-01-02T17:04:50.000,NYPD,Noise - Residential,BRONX,Closed
63594716,2025-01-01T18:35:24.000,2025-02-12T00:00:00.000,DOB,Elevator,QUEENS,Closed
63592385,2025-01-01T18:35:52.000,2025-01-02T17:07:59.000,NYPD,Noise - Residential,BRONX,Closed
63605154,2025-01-01T18:36:00.000,2025-01-02T05:08:00.000,DSNY,Derelict Vehicles,BRONX,Closed
63591067,2025-01-01T18:36:02.000,2025-01-02T17:06:27.000,NYPD,Noise - Residential,BRONX,Closed
63587019,2025-01-01T18:36:28.000,2025-01-01T23:20:12.000,NYPD,Illegal Parking,BROOKLYN,Closed
63587461,2025-01-01T18:36:30.000,2025-01-01T18:47:26.000,NYPD,Noise - Commercial,MANHATTAN,Closed
63590495,2025-01-01T18:36:37.000,2025-01-01T21:10:33.000,NYPD,Illegal Parking,BRONX,Closed
63589811,2025-01-01T18:36:39.000,2025-01-02T17:07:57.000,NYPD,Noise - Residential,BRONX,Closed
63588434,2025-01-01T18:36:40.000,2025-01-02T17:03:02.000,NYPD,Noise - Residential,BRONX,Closed
63592448,2025-01-01T18:36:48.000,2025-01-01T18:39:29.000,NYPD,Noise - Residential,QUEENS,Closed
63593861,2025-01-01T18:36:54.000,2025-01-01T20:01:53.000,NYPD,Noise - Street/Sidewalk,MANHATTAN,Closed
63595125,2025-01-01T18:37:04.000,2025-01-02T20:05:30.000,HPD,HEAT/HOT WATER,BROOKLYN,Closed
63592700,2025-01-01T18:37:06.000,2025-01-02T15:02:36.000,HPD,HEAT/HOT WATER,BRONX,Closed
63587903,2025-01-01T18:37:13.000,2025-01-01T19:19:40.000,NYPD,Illegal Parking,BROOKLYN,Closed
63593595,2025-01-01T18:37:18.000,2025-01-02T17:04:48.000,NYPD,Noise - Residential,BRONX,Closed
63591176,2025-01-01T18:37:21.000,2025-01-02T00:37:56.000,NYPD,Noise - Residential,MANHATTAN,Closed
63590690,2025-01-01T18:37:27.000,2025-01-02T17:10:38.000,NYPD,Noise - Residential,BRONX,Closed
63589226,2025-01-01T18:37:53.000,2025-01-01T19:24:58.000,NYPD,Illegal Parking,MANHATTAN,Closed
63593015,2025-01-01T18:37:56.000,2025-01-01T21:10:16.000,NYPD,Illegal Parking,BRONX,Closed
63587189,2025-01-01T18:37:56.000,2025-01-02T17:12:20.000,NYPD,Noise - Residential,BRONX,Closed
63594129,2025-01-01T18:38:00.000,2025-01-03T01:00:00.000,DEP,Noise,BROOKLYN,Closed
63591238,2025-01-01T18:38:03.000,2025-01-07T15:41:50.000,DOT,Sidewalk Condition,BROOKLYN,Closed
63594166,2025-01-01T18:38:10.000,2025-02-03T16:21:49.000,DOHMH,Smoking or Vaping,BROOKLYN,Closed
63585690,2025-01-01T18:38:12.000,2025-01-02T04:58:23.000,NYPD,Illegal Parking,QUEENS,Closed
63594683,2025-01-01T18:38:14.000,2025-01-02T17:09:03.000,NYPD,Noise - Residential,BRONX,Closed
63590674,2025-01-01T18:38:25.000,2025-01-02T00:00:00.000,DOB,Real Time Enforcement,MANHATTAN,Closed
63590932,2025-01-01T18:38:35.000,2025-01-02T17:06:24.000,NYPD,Noise - Residential,BRONX,Closed
63588685,2025-01-01T18:39:02.000,2025-01-02T17:08:05.000,NYPD,Noise - Residential,BRONX,Closed
63592240,2025-01-01T18:39:13.000,2025-01-02T17:03:02.000,NYPD,Noise - Residential,BRONX,Closed
63589756,2025-01-01T18:39:19.000,2025-01-01T19:53:06.000,NYPD,Noise - Residential,BROOKLYN,Closed
63594147,2025-01-01T18:39:20.000,2025-01-01T21:41:10.000,NYPD,Illegal Parking,QUEENS,Closed
63587421,2025-01-01T18:39:22.000,2025-01-01T22:27:36.000,NYPD,Noise - Residential,BRONX,Closed
63595104,2025-01-01T18:39:28.000,2025-01-03T07:38:25.000,HPD,HEAT/HOT WATER,BRONX,Closed
63587673,2025-01-01T18:39:29.000,2025-01-02T13:41:57.000,HPD,HEAT/HOT WATER,QUEENS,Closed
63591230,2025-01-01T18:39:39.000,2025-01-01T19:08:50.000,NYPD,Noise - Residential,MANHATTAN,Closed
63588896,2025-01-01T18:39:41.000,2025-01-03T14:04:44.000,HPD,HEAT/HOT WATER,BRONX,Closed
63586431,2025-01-01T18:39:44.000,2025-01-01T19:22:25.000,NYPD,Noise - Street/Sidewalk,MANHATTAN,Closed
63585730,2025-01-01T18:39:49.000,2025-01-02T17:10:40.000,NYPD,Noise - Residential,BRONX,Closed
63588678,2025-01-01T18:39:51.000,2025-01-02T17:12:18.000,NYPD,Noise - Residential,BRONX,Closed
63590526,2025-01-01T18:40:00.000,2025-01-07T14:00:00.000,DOT,Street Light Condition,BROOKLYN,Closed
63594290,2025-01-01T18:40:19.000,2025-01-01T21:18:25.000,NYPD,Illegal Parking,BROOKLYN,Closed
63586635,2025-01-01T18:40:20.000,2025-01-04T17:14:27.000,HPD,HEAT/HOT WATER,MANHATTAN,Closed
63590893,2025-01-01T18:40:29.000,2025-01-02T17:09:03.000,NYPD,Noise - Residential,BRONX,Closed
63586255,2025-01-01T18:40:35.000,2025-01-01T20:04:46.000,NYPD,Noise - Residential,BROOKLYN,Closed
63591157,2025-01-01T18:40:37.000,2025-01-02T17:04:49.000,NYPD,Noise - Residential,BRONX,Closed
63591179,2025-01-01T18:40:52.000,2025-01-01T19:46:53.000,NYPD,Noise - Residential,QUEENS,Closed
63595369,2025-01-01T18:41:00.000,2025-01-02T11:30:00.000,DEP,Hazardous Materials,BRONX,Closed
63588181,2025-01-01T18:41:07.000,2025-01-02T17:09:03.000,NYPD,Noise - Residential,BRONX,Closed
63587333,2025-01-01T18:41:25.000,2025-01-02T17:12:20.000,NYPD,Noise - Residential,BRONX,Closed
63595306,2025-01-01T18:41:37.000,2025-01-01T22:46:35.000,NYPD,Blocked Driveway,BROOKLYN,Closed
63587312,2025-01-01T18:41:45.000,2025-01-02T17:03:01.000,NYPD,Noise - Residential,BRONX,Closed
63586019,2025-01-01T18:42:12.000,2025-01-02T17:04:46.000,NYPD,Noise - Residential,BRONX,Closed
63592921,2025-01-01T18:42:14.000,2025-01-01T19:38:02.000,NYPD,Blocked Driveway,QUEENS,Closed
63592564,2025-01-01T18:42:19.000,2025-01-01T19:16:18.000,NYPD,Noise - Street/Sidewalk,BROOKLYN,Closed
63592856,2025-01-01T18:42:24.000,2025-01-02T20:55:22.000,NYPD,Blocked Driveway,BROOKLYN,Closed
63594441,2025-01-01T18:42:24.000,2025-01-02T17:09:04.000,NYPD,Noise - Residential,BRONX,Closed
63592597,2025-01-01T18:42:35.000,2025-01-01T20:31:12.000,NYPD,Noise - Residential,MANHATTAN,Closed
63587822,2025-01-01T18:42:35.000,2025-01-03T10:30:56.000,NYPD,Blocked Driveway,BRONX,Closed
63586456,2025-01-01T18:42:58.000,2025-01-01T19:29:19.000,NYPD,Noise - Street/Sidewalk,MANHATTAN,Closed
63592097,2025-01-01T18:43:00.000,2025-01-02T17:10:39.000,NYPD,Noise - Residential,BRONX,Closed
63589591,2025-01-01T18:43:01.000,2025-01-02T17:09:04.000,NYPD,Noise - Residential,BRONX,Closed
63588943,2025-01-01T18:43:02.000,2025-01-02T09:33:20.000,HPD,HEAT/HOT WATER,BRONX,Closed
63590475,2025-01-01T18:43:12.000,2025-01-01T21:40:40.000,NYPD,Illegal Parking,QUEENS,Closed
63587795,2025-01-01T18:43:21.000,2025-01-01T19:09:05.000,NYPD,Blocked Driveway,QUEENS,Closed
63587550,2025-01-01T18:43:28.000,2025-01-01T19:55:37.000,NYPD,Noise - Street/Sidewalk,MANHATTAN,Closed
63591944,2025-01-01T18:43:29.000,2025-01-02T01:36:10.000,NYPD,Noise - Residential,BRONX,Closed
63587451,2025-01-01T18:43:40.000,2025-01-02T17:12:19.000,NYPD,Noise - Residential,BRONX,Closed
63587164,2025-01-01T18:43:47.000,2025-01-02T17:06:26.000,NYPD,Noise - Residential,BRONX,Closed
63587945,2025-01-01T18:43:52.000,2025-01-01T21:13:36.000,NYPD,Blocked Driveway,BROOKLYN,Closed
63589143,2025-01-01T18:43:57.000,2025-01-02T01:51:12.000,NYPD,Blocked Driveway,QUEENS,Closed
63589323,2025-01-01T18:43:58.000,2025-01-03T19:21:04.000,HPD,WATER LEAK,BRONX,Closed
63586490,2025-01-01T18:43:58.000,2025-01-03T19:21:04.000,HPD,ELECTRIC,BRONX,Closed
63593979,2025-01-01T18:43:58.000,2025-01-03T19:21:04.000,HPD,PAINT/PLASTER,BRONX,Closed
63592633,2025-01-01T18:44:02.000,2025-01-01T19:44:07.000,NYPD,Noise - Street/Sidewalk,BROOKLYN,Closed
63593437,2025-01-01T18:44:18.000,2025-01-02T17:03:02.000,NYPD,Noise - Residential,BRONX,Closed
63591875,2025-01-01T18:44:23.000,2025-01-03T14:03:18.000,DSNY,Illegal Dumping,BRONX,Closed
63594440,2025-01-01T18:44:35.000,2025-01-02T17:09:03.000,NYPD,Noise - Residential,BRONX,Closed
63594905,2025-01-01T18:44:56.000,2025-01-02T17:12:18.000,NYPD,Noise - Residential,BRONX,Closed
63592481,2025-01-01T18:45:04.000,2025-01-01T19:08:19.000,NYPD,Noise - Commercial,MANHATTAN,Closed
63590879,2025-01-01T18:45:22.000,2025-01-02T17:12:23.000,NYPD,Noise - Residential,BRONX,Closed
63595458,2025-01-01T18:45:30.000,2025-01-01T18:59:14.000,NYPD,Illegal Parking,MANHATTAN,Closed
63594566,2025-01-01T18:45:34.000,2025-01-02T17:03:04.000,NYPD,Noise - Residential,BRONX,Closed
63590954,2025-01-01T18:45:36.000,2025-01-02T05:41:06.000,NYPD,Noise - Residential,BRONX,Closed
63593789,2025-01-01T18:45:39.000,2025-01-01T20:27:43.000,NYPD,Noise - Residential,QUEENS,Closed
63592920,2025-01-01T18:45:43.000,2025-01-01T22:50:40.000,NYPD,Blocked Driveway,QUEENS,Closed
63588960,2025-01-01T18:45:48.000,2025-01-02T18:39:53.000,HPD,HEAT/HOT WATER,MANHATTAN,Closed
63591682,2025-01-01T18:46:10.000,2025-01-01T22:52:36.000,NYPD,Illegal Parking,QUEENS,Closed
63590726,2025-01-01T18:46:10.000,2025-01-02T17:09:03.000,NYPD,Noise - Residential,BRONX,Closed
63585858,2025-01-01T18:46:12.000,2025-01-02T17:09:03.000,NYPD,Noise - Residential,BRONX,Closed
63591980,2025-01-01T18:46:16.000,2025-01-31T09:04:46.000,DPR,Illegal Tree Damage,BRONX,Closed
63595393,2025-01-01T18:46:17.000,2025-01-02T02:10:29.000,NYPD,Blocked Driveway,QUEENS,Closed
63591337,2025-01-01T18:46:39.000,2025-01-01T19:02:55.000,NYPD,Noise - Street/Sidewalk,BROOKLYN,Closed
63587450,2025-01-01T18:46:50.000,2025-01-02T17:12:18.000,NYPD,Noise - Residential,BRONX,Closed
63593436,2025-01-01T18:46:58.000,2025-01-02T17:03:08.000,NYPD,Noise - Residential,BRONX,Closed
63589931,2025-01-01T18:47:03.000,2025-01-01T21:49:06.000,NYPD,Noise - Residential,BRONX,Closed
63591585,2025-01-01T18:47:27.000,2025-01-06T00:00:00.000,DOB,Boilers,MANHATTAN,Closed
63588494,2025-01-01T18:47:28.000,2025-01-02T17:03:02.000,NYPD,Noise - Residential,BRONX,Closed
63593422,2025-01-01T18:47:45.000,2025-01-02T17:09:05.000,NYPD,Noise - Residential,BRONX,Closed
63594176,2025-01-01T18:47:55.000,2025-01-01T19:25:29.000,NYPD,Illegal Parking,BROOKLYN,Closed
63587570,2025-01-01T18:48:03.000,2025-01-01T20:26:02.000,NYPD,Noise - Residential,BRONX,Closed
63587050,2025-01-01T18:48:06.000,2025-01-02T17:10:39.000,NYPD,Noise - Residential,BRONX,Closed
63588002,2025-01-01T18:48:21.000,2025-01-01T20:40:38.000,NYPD,Illegal Parking,STATEN ISLAND,Closed
63588183,2025-01-01T18:48:33.000,2025-01-02T17:12:20.000,NYPD,Noise - Residential,BRONX,Closed
63591579,2025-01-01T18:48:36.000,2025-01-02T16:10:54.000,DSNY,Obstruction,BROOKLYN,Closed
63591675,2025-01-01T18:48:43.000,2025-01-01T22:34:58.000,NYPD,Illegal Parking,QUEENS,Closed
63589598,2025-01-01T18:48:44.000,2025-01-02T17:12:19.000,NYPD,Noise - Residential,BRONX,Closed
63590506,2025-01-01T18:48:47.000,2025-01-01T19:03:08.000,NYPD,Illegal Parking,MANHATTAN,Closed
63592537,2025-01-01T18:48:54.000,2025-01-01T23:07:33.000,NYPD,Noise - Residential,BRONX,Closed
63591753,2025-01-01T18:48:57.000,2025-01-06T17:13:47.000,HPD,UNSANITARY CONDITION,QUEENS,Closed
63585731,2025-01-01T18:48:58.000,2025-02-27T23:00:48.000,DCWP,Consumer Complaint,BROOKLYN,Closed
63587359,2025-01-01T18:49:20.000,2025-01-02T17:07:58.000,NYPD,Noise - Residential,BRONX,Closed
63588032,2025-01-01T18:49:23.000,2025-01-01T19:37:04.000,NYPD,Illegal Parking,BROOKLYN,Closed
63589597,2025-01-01T18:49:23.000,2025-01-02T17:12:17.000,NYPD,Noise - Residential,BRONX,Closed
63588200,2025-01-01T18:49:26.000,2025-04-16T13:35:56.000,DOT,Curb Condition,BROOKLYN,Closed
63589348,2025-01-01T18:49:27.000,2025-01-02T08:59:43.000,DOHMH,Indoor Air Quality,BRONX,Closed
63595341,2025-01-01T18:49:31.000,2025-01-01T19:12:23.000,NYPD,Illegal Parking,BROOKLYN,Closed
63594075,2025-01-01T18:49:37.000,2025-01-01T19:56:19.000,NYPD,Blocked Driveway,QUEENS,Closed
63589270,2025-01-01T18:49:54.000,2025-01-02T21:02:39.000,HPD,PLUMBING,BRONX,Closed
63592798,2025-01-01T18:49:54.000,2025-01-02T21:02:39.000,HPD,PAINT/PLASTER,BRONX,Closed
63587766,2025-01-01T18:49:54.000,2025-01-02T21:02:39.000,HPD,PLUMBING,BRONX,Closed
63588082,2025-01-01T18:49:54.000,2025-01-02T21:02:38.000,HPD,UNSANITARY CONDITION,BRONX,Closed
63588065,2025-01-01T18:49:54.000,2025-01-02T21:02:39.000,HPD,PLUMBING,BRONX,Closed
63586818,2025-01-01T18:49:54.000,2025-01-02T21:02:39.000,HPD,PLUMBING,BRONX,Closed
63592683,2025-01-01T18:49:54.000,2025-01-02T21:02:38.000,HPD,HEAT/HOT WATER,BRONX,Closed
63586848,2025-01-01T18:49:54.000,2025-01-02T21:02:39.000,HPD,PLUMBING,BRONX,Closed
63595209,2025-01-01T18:49:54.000,2025-01-02T21:02:39.000,HPD,PAINT/PLASTER,BRONX,Closed
63592317,2025-01-01T18:50:01.000,2025-01-02T17:03:02.000,NYPD,Noise - Residential,BRONX,Closed
63587372,2025-01-01T18:50:08.000,2025-01-02T17:07:57.000,NYPD,Noise - Residential,BRONX,Closed
63595147,2025-01-01T18:50:38.000,2025-01-02T17:11:28.000,HPD,HEAT/HOT WATER,BRONX,Closed
63589746,2025-01-01T18:50:39.000,2025-01-02T17:04:50.000,NYPD,Noise - Residential,BRONX,Closed
63593954,2025-01-01T18:50:40.000,2025-01-02T13:39:22.000,HPD,HEAT/HOT WATER,QUEENS,Closed
63595132,2025-01-01T18:50:47.000,2025-01-02T13:41:57.000,HPD,HEAT/HOT WATER,QUEENS,Closed
63586794,2025-01-01T18:50:53.000,2025-01-01T19:01:47.000,NYPD,Illegal Parking,QUEENS,Closed
63585891,2025-01-01T18:50:55.000,2025-01-02T17:06:26.000,NYPD,Noise - Residential,BRONX,Closed
63592056,2025-01-01T18:51:02.000,2025-01-02T05:56:38.000,NYPD,Illegal Parking,BRONX,Closed
63592779,2025-01-01T18:51:06.000,2025-01-03T13:08:23.000,HPD,HEAT/HOT WATER,BRONX,Closed
63591947,2025-01-01T18:51:17.000,2025-01-02T17:10:36.000,NYPD,Noise - Residential,BRONX,Closed
63589419,2025-01-01T18:51:34.000,2025-01-02T01:48:54.000,NYPD,Noise - Residential,BRONX,Closed
63585868,2025-01-01T18:51:43.000,2025-01-02T17:12:18.000,NYPD,Noise - Residential,BRONX,Closed
63586081,2025-01-01T18:51:55.000,2025-01-02T17:03:02.000,NYPD,Noise - Residential,BRONX,Closed
63590176,2025-01-01T18:52:15.000,2025-01-03T14:33:08.000,HPD,HEAT/HOT WATER,QUEENS,Closed
63586573,2025-01-01T18:52:15.000,2025-01-03T14:33:08.000,HPD,HEAT/HOT WATER,QUEENS,Closed
63586648,2025-01-01T18:52:18.000,2025-01-02T00:11:05.000,HPD,HEAT/HOT WATER,MANHATTAN,Closed
63590265,2025-01-01T18:52:18.000,2025-01-02T16:25:55.000,HPD,HEAT/HOT WATER,MANHATTAN,Closed
63591430,2025-01-01T18:52:19.000,2025-01-02T00:11:05.000,HPD,HEAT/HOT WATER,MANHATTAN,Closed
63588216,2025-01-01T18:52:30.000,2025-01-02T17:10:38.000,NYPD,Noise - Residential,BRONX,Closed
63592187,2025-01-01T18:52:33.000,2025-01-02T17:07:55.000,NYPD,Noise - Residential,BRONX,Closed
63594281,2025-01-01T18:52:42.000,2025-01-01T20:08:46.000,NYPD,Illegal Parking,MANHATTAN,Closed
63593180,2025-01-01T18:52:47.000,2025-03-02T19:13:52.000,DOHMH,Mobile Food Vendor,BRONX,Closed
63591210,2025-01-01T18:52:48.000,2025-01-02T02:45:24.000,NYPD,Noise - Residential,MANHATTAN,Closed
63595155,2025-01-01T18:52:52.000,2025-01-02T19:55:27.000,HPD,HEAT/HOT WATER,QUEENS,Closed
63590413,2025-01-01T18:52:59.000,2025-01-01T20:01:57.000,NYPD,Illegal Parking,BROOKLYN,Closed
63588447,2025-01-01T18:53:04.000,2025-01-02T11:30:06.000,TLC,Lost Property,MANHATTAN,Closed
63587229,2025-01-01T18:53:11.000,2025-01-02T17:09:02.000,NYPD,Noise - Residential,BRONX,Closed
63589596,2025-01-01T18:53:18.000,2025-01-02T17:12:24.000,NYPD,Noise - Residential,BRONX,Closed
63587063,2025-01-01T18:53:24.000,2025-01-02T07:42:35.000,DOHMH,Rodent,MANHATTAN,Closed
63585616,2025-01-01T18:53:33.000,2025-01-01T21:33:26.000,NYPD,Illegal Parking,BROOKLYN,Closed
63586491,2025-01-01T18:53:50.000,2025-01-04T11:18:03.000,HPD,ELECTRIC,BRONX,Closed
63591972,2025-01-01T18:53:50.000,2025-01-02T17:06:22.000,NYPD,Noise - Residential,BRONX,Closed
63588812,2025-01-01T18:53:52.000,2025-01-02T03:29:02.000,NYPD,Encampment,QUEENS,Closed
63592206,2025-01-01T18:54:06.000,2025-01-02T17:04:49.000,NYPD,Noise - Residential,BRONX,Closed
63587838,2025-01-01T18:54:26.000,2025-01-01T23:15:57.000,NYPD,Abandoned Vehicle,BRONX,Closed
63592316,2025-01-01T18:54:28.000,2025-01-02T17:03:02.000,NYPD,Noise - Residential,BRONX,Closed
63593593,2025-01-01T18:54:53.000,2025-01-02T17:04:48.000,NYPD,Noise - Residential,BRONX,Closed
63595437,2025-01-01T18:54:56.000,2025-01-01T20:18:20.000,NYPD,Illegal Parking,QUEENS,Closed
63589900,2025-01-01T18:54:57.000,2025-01-01T19:15:34.000,NYPD,Encampment,MANHATTAN,Closed
63586227,2025-01-01T18:55:00.000,2025-05-05T14:45:00.000,DOT,Street Light Condition,QUEENS,Closed
63588493,2025-01-01T18:55:06.000,2025-01-02T17:03:03.000,NYPD,Noise - Residential,BRONX,Closed
63591720,2025-01-01T18:55:06.000,2025-01-01T20:04:51.000,NYPD,Noise - Vehicle,MANHATTAN,Closed
63586122,2025-01-01T18:55:30.000,2025-01-01T22:33:59.000,NYPD,Abandoned Vehicle,BROOKLYN,Closed
63594627,2025-01-01T18:55:32.000,2025-05-21T15:19:43.000,EDC,Noise - Helicopter,QUEENS,Closed
63589009,2025-01-01T18:55:34.000,2025-01-03T14:33:08.000,HPD,HEAT/HOT WATER,QUEENS,Closed
63585753,2025-01-01T18:55:41.000,2025-01-02T17:08:05.000,NYPD,Noise - Residential,BRONX,Closed
63589712,2025-01-01T18:55:44.000,2025-01-02T17:04:52.000,NYPD,Noise - Residential,BRONX,Closed
63591834,2025-01-01T18:56:00.000,2025-01-02T11:30:00.000,DEP,Sewer,QUEENS,Closed
63592810,2025-01-01T18:56:01.000,2025-01-08T14:51:30.000,HPD,PLUMBING,BROOKLYN,Closed
63588091,2025-01-01T18:56:01.000,2025-01-08T14:51:30.000,HPD,UNSANITARY CONDITION,BROOKLYN,Closed
63595078,2025-01-01T18:56:04.000,2025-01-03T19:31:22.000,HPD,HEAT/HOT WATER,BROOKLYN,Closed
63585680,2025-01-01T18:56:09.000,2025-01-02T05:29:04.000,NYPD,Illegal Parking,BROOKLYN,Closed
63589039,2025-01-01T18:56:15.000,2025-01-31T06:03:17.000,HPD,PLUMBING,MANHATTAN,Closed
63595176,2025-01-01T18:56:15.000,2025-01-31T06:03:17.000,HPD,PLUMBING,MANHATTAN,Closed
63593289,2025-01-01T18:56:22.000,2025-01-02T17:06:27.000,NYPD,Noise - Residential,BRONX,Closed
63592861,2025-01-01T18:56:25.000,2025-01-02T01:48:52.000,NYPD,Illegal Parking,BROOKLYN,Closed
63592075,2025-01-01T18:56:28.000,2025-01-02T17:06:27.000,NYPD,Noise - Residential,BRONX,Closed
63590776,2025-01-01T18:56:29.000,2025-01-02T00:00:00.000,DOB,Real Time Enforcement,MANHATTAN,Closed
63595279,2025-01-01T18:56:36.000,2025-01-01T19:04:11.000,NYPD,Illegal Parking,BROOKLYN,Closed
63594057,2025-01-01T18:56:36.000,2025-01-01T22:36:41.000,NYPD,Abandoned Vehicle,BROOKLYN,Closed
63594247,2025-01-01T18:56:43.000,2025-01-01T22:03:26.000,NYPD,Illegal Parking,QUEENS,Closed
63592879,2025-01-01T18:56:49.000,2025-01-01T19:34:53.000,NYPD,Blocked Driveway,QUEENS,Closed
63593673,2025-01-01T18:56:55.000,2025-01-01T18:59:56.000,NYPD,Noise - Residential,MANHATTAN,Closed
63593391,2025-01-01T18:57:00.000,2025-01-02T17:07:57.000,NYPD,Noise - Residential,BRONX,Closed
63586043,2025-01-01T18:57:16.000,2025-01-02T17:04:49.000,NYPD,Noise - Residential,BRONX,Closed
63590576,2025-01-01T18:57:19.000,2025-01-01T21:25:53.000,NYPD,Illegal Parking,QUEENS,Closed
63595511,2025-01-01T18:57:25.000,2025-01-01T23:18:00.000,NYPD,Drug Activity,BRONX,Closed
63594749,2025-01-01T18:57:31.000,2025-01-01T19:22:35.000,NYPD,Noise - Residential,MANHATTAN,Closed
63586335,2025-01-01T18:57:35.000,2025-01-01T19:38:37.000,NYPD,Noise - Residential,BROOKLYN,Closed
63594839,2025-01-01T18:57:38.000,2025-01-02T17:04:48.000,NYPD,Noise - Residential,BRONX,Closed
63586954,2025-01-01T18:58:03.000,2025-01-02T17:10:39.000,NYPD,Noise - Residential,BRONX,Closed
63591253,2025-01-01T18:58:09.000,2025-01-01T19:51:38.000,NYPD,Noise - Residential,MANHATTAN,Closed
63590875,2025-01-01T18:58:16.000,2025-01-02T17:03:01.000,NYPD,Noise - Residential,BRONX,Closed
63588984,2025-01-01T18:58:41.000,2025-01-02T00:38:30.000,HPD,HEAT/HOT WATER,BROOKLYN,Closed
63591552,2025-01-01T18:58:43.000,2025-01-01T19:20:53.000,NYPD,Blocked Driveway,QUEENS,Closed
63589413,2025-01-01T18:58:51.000,2025-01-02T17:06:32.000,NYPD,Noise - Residential,BRONX,Closed
63589386,2025-01-01T18:58:55.000,2025-01-02T17:08:04.000,NYPD,Noise - Residential,BRONX,Closed
63593815,2025-01-01T18:58:58.000,2025-01-01T20:02:54.000,NYPD,Noise - Street/Sidewalk,MANHATTAN,Closed
63586858,2025-01-01T18:58:59.000,2025-01-19T18:02:58.000,HPD,WATER LEAK,QUEENS,Closed
63590252,2025-01-01T18:58:59.000,2025-01-22T13:57:01.000,HPD,PLUMBING,QUEENS,Closed
63586632,2025-01-01T18:58:59.000,2025-01-07T16:00:29.000,HPD,PAINT/PLASTER,QUEENS,Closed
63594031,2025-01-01T18:58:59.000,2025-01-19T18:02:58.000,HPD,PLUMBING,QUEENS,Closed
63586199,2025-01-01T18:59:00.000,2025-01-27T13:00:00.000,DEP,Water System,BROOKLYN,Closed
63594122,2025-01-01T18:59:19.000,2025-01-01T19:29:08.000,NYPD,Illegal Parking,BROOKLYN,Closed
63594827,2025-01-01T18:59:33.000,2025-01-02T17:03:02.000,NYPD,Noise - Residential,BRONX,Closed
63592205,2025-01-01T18:59:39.000,2025-01-02T17:04:50.000,NYPD,Noise - Residential,BRONX,Closed
63589086,2025-01-01T18:59:40.000,2025-01-01T19:18:53.000,NYPD,Blocked Driveway,BROOKLYN,Closed
63586467,2025-01-01T18:59:41.000,2025-01-01T20:56:24.000,NYPD,Blocked Driveway,BROOKLYN,Closed
63585621,2025-01-01T18:59:57.000,2025-01-02T06:42:11.000,DSNY,Dirty Condition,BRONX,Closed
63594912,2025-01-01T19:00:07.000,2025-01-09T11:22:55.000,DOT,Street Sign - Dangling,QUEENS,Closed
63589477,2025-01-01T19:00:11.000,2025-01-02T17:04:50.000,NYPD,Noise - Residential,BRONX,Closed
63590417,2025-01-01T19:00:21.000,2025-01-31T13:48:14.000,DOT,Highway Condition,QUEENS,Closed
63593419,2025-01-01T19:00:26.000,2025-01-02T17:09:03.000,NYPD,Noise - Residential,BRONX,Closed
63591314,2025-01-01T19:00:31.000,2025-01-01T19:04:08.000,NYPD,Non-Emergency Police Matter,QUEENS,Closed
63590852,2025-01-01T19:00:49.000,2025-01-02T17:06:27.000,NYPD,Noise - Residential,BRONX,Closed
63590609,2025-01-01T19:01:10.000,2025-01-01T19:23:27.000,NYPD,Illegal Parking,MANHATTAN,Closed
63587969,2025-01-01T19:01:11.000,2025-01-01T19:31:26.000,NYPD,Illegal Parking,BROOKLYN,Closed
63592037,2025-01-01T19:01:14.000,2025-01-02T17:10:38.000,NYPD,Noise - Residential,BRONX,Closed
63587460,2025-01-01T19:01:23.000,2025-01-01T19:17:55.000,NYPD,Noise - Commercial,MANHATTAN,Closed
63595297,2025-01-01T19:01:23.000,2025-01-02T00:10:50.000,NYPD,Blocked Driveway,BRONX,Closed
63588508,2025-01-01T19:01:27.000,2025-01-02T17:10:38.000,NYPD,Noise - Residential,BRONX,Closed
63590950,2025-01-01T19:01:28.000,2025-01-02T01:37:06.000,NYPD,Illegal Parking,BRONX,Closed
63594003,2025-01-01T19:01:34.000,2025-01-02T13:39:22.000,HPD,HEAT/HOT WATER,QUEENS,Closed
63592792,2025-01-01T19:01:39.000,2025-05-08T07:23:28.000,HPD,PLUMBING,QUEENS,Closed
63591946,2025-01-01T19:02:01.000,2025-01-02T17:10:39.000,NYPD,Noise - Residential,BRONX,Closed
63590687,2025-01-01T19:02:05.000,2025-05-21T15:19:44.000,EDC,Noise - Helicopter,QUEENS,Closed
63594807,2025-01-01T19:02:05.000,2025-01-02T17:04:51.000,NYPD,Noise - Residential,BRONX,Closed
63591796,2025-01-01T19:02:30.000,2025-01-01T19:23:50.000,NYPD,Illegal Parking,MANHATTAN,Closed
63594339,2025-01-01T19:02:36.000,2025-01-02T00:00:00.000,DOB,General Construction/Plumbing,MANHATTAN,Closed
63587040,2025-01-01T19:02:43.000,2025-01-02T17:10:39.000,NYPD,Noise - Residential,BRONX,Closed
63589797,2025-01-01T19:02:49.000,2025-01-02T17:10:40.000,NYPD,Noise - Residential,BRONX,Closed
63590258,2025-01-01T19:02:50.000,2025-01-02T13:49:04.000,HPD,HEAT/HOT WATER,BRONX,Closed
63594971,2025-01-01T19:03:02.000,2025-01-01T20:19:00.000,NYPD,Noise - Residential,MANHATTAN,Closed
63592433,2025-01-01T19:03:03.000,2025-01-17T13:21:42.000,TLC,For Hire Vehicle Complaint,MANHATTAN,Closed
63586042,2025-01-01T19:03:21.000,2025-01-02T17:04:49.000,NYPD,Noise - Residential,BRONX,Closed
63591306,2025-01-01T19:03:24.000,2025-01-01T19:32:07.000,NYPD,Non-Emergency Police Matter,BROOKLYN,Closed
63591286,2025-01-01T19:03:34.000,2025-01-01T19:19:16.000,NYPD,Noise - Street/Sidewalk,MANHATTAN,Closed
63588790,2025-01-01T19:03:34.000,2025-01-01T19:56:48.000,NYPD,Noise - Street/Sidewalk,MANHATTAN,Closed
63592127,2025-01-01T19:03:36.000,2025-01-02T17:06:28.000,NYPD,Noise - Residential,BRONX,Closed
63589589,2025-01-01T19:04:00.000,2025-01-02T17:09:02.000,NYPD,Noise - Residential,BRONX,Closed
63590912,2025-01-01T19:04:20.000,2025-01-01T19:30:16.000,NYPD,Illegal Parking,BROOKLYN,Closed
63592096,2025-01-01T19:04:24.000,2025-01-02T17:10:37.000,NYPD,Noise - Residential,BRONX,Closed
63593101,2025-01-01T19:04:30.000,2025-01-02T09:36:25.000,NYPD,Illegal Parking,QUEENS,Closed
63588764,2025-01-01T19:04:35.000,2025-01-01T19:24:16.000,NYPD,Noise - Residential,BROOKLYN,Closed
63587295,2025-01-01T19:04:38.000,2025-01-02T17:04:47.000,NYPD,Noise - Residential,BRONX,Closed
63588871,2025-01-01T19:04:56.000,2025-01-31T06:03:25.000,HPD,GENERAL,BROOKLYN,Closed
63593940,2025-01-01T19:05:00.000,2025-01-02T20:50:57.000,HPD,HEAT/HOT WATER,BROOKLYN,Closed
63594203,2025-01-01T19:05:00.000,2025-01-09T10:23:00.000,DOT,Street Light Condition,QUEENS,Closed
63593190,2025-01-01T19:05:05.000,2025-01-02T03:37:15.000,NYPD,Illegal Parking,BRONX,Closed
63588791,2025-01-01T19:05:11.000,2025-01-01T19:33:39.000,NYPD,Noise - Street/Sidewalk,QUEENS,Closed
63588275,2025-01-01T19:05:12.000,2025-01-02T17:09:04.000,NYPD,Noise - Residential,BRONX,Closed
63590845,2025-01-01T19:05:16.000,2025-01-02T17:10:37.000,NYPD,Noise - Residential,BRONX,Closed
63585654,2025-01-01T19:05:49.000,2025-01-02T01:03:11.000,NYPD,Illegal Parking,BRONX,Closed
63593961,2025-01-01T19:05:50.000,2025-01-02T13:49:04.000,HPD,HEAT/HOT WATER,BRONX,Closed
63594432,2025-01-01T19:05:54.000,2025-01-02T17:09:02.000,NYPD,Noise - Residential,BRONX,Closed
63591987,2025-01-01T19:05:59.000,2025-01-02T17:08:05.000,NYPD,Noise - Residential,BRONX,Closed
63590570,2025-01-01T19:06:00.000,2025-01-01T20:44:37.000,NYPD,Illegal Parking,BROOKLYN,Closed
63589960,2025-01-01T19:06:06.000,2025-01-01T20:39:37.000,NYPD,Noise - Residential,BRONX,Closed
63590143,2025-01-01T19:06:07.000,2025-03-10T10:17:42.000,HPD,GENERAL,MANHATTAN,Closed
63587891,2025-01-01T19:06:11.000,2025-01-02T00:44:30.000,NYPD,Illegal Parking,BRONX,Closed
63593399,2025-01-01T19:06:32.000,2025-01-02T17:09:02.000,NYPD,Noise - Residential,BRONX,Closed
63586839,2025-01-01T19:06:40.000,2025-01-04T11:18:03.000,HPD,UNSANITARY CONDITION,BRONX,Closed
63591931,2025-01-01T19:06:47.000,2025-01-02T17:12:19.000,NYPD,Noise - Residential,BRONX,Closed
63587803,2025-01-01T19:06:49.000,2025-01-02T14:46:00.000,HPD,HEAT/HOT WATER,BRONX,Closed
63589366,2025-01-01T19:06:59.000,2025-05-21T15:19:45.000,EDC,Noise - Helicopter,QUEENS,Closed
63590324,2025-01-01T19:07:03.000,2025-01-02T11:48:25.000,HPD,HEAT/HOT WATER,BRONX,Closed
63587238,2025-01-01T19:07:11.000,2025-01-02T17:06:23.000,NYPD,Noise - Residential,BRONX,Closed
63588817,2025-01-01T19:07:34.000,2025-01-01T19:29:41.000,NYPD,Non-Emergency Police Matter,BROOKLYN,Closed
63593592,2025-01-01T19:07:34.000,2025-01-02T17:04:48.000,NYPD,Noise - Residential,BRONX,Closed
63585856,2025-01-01T19:07:48.000,2025-01-02T17:09:04.000,NYPD,Noise - Residential,BRONX,Closed
63591237,2025-01-01T19:07:52.000,2025-01-03T12:29:42.000,DOT,Sidewalk Condition,BRONX,Closed
63595355,2025-01-01T19:07:55.000,2025-01-01T20:44:24.000,NYPD,Illegal Parking,BROOKLYN,Closed
63609197,2025-01-01T19:08:00.000,2025-01-02T23:09:00.000,DSNY,Derelict Vehicles,QUEENS,Closed
63590757,2025-01-01T19:08:16.000,2025-01-01T19:58:51.000,NYPD,Illegal Parking,BROOKLYN,Closed
63593996,2025-01-01T19:08:20.000,2025-01-02T17:02:42.000,HPD,HEAT/HOT WATER,BROOKLYN,Closed
63586906,2025-01-01T19:08:22.000,2025-01-02T17:10:38.000,NYPD,Noise - Residential,BRONX,Closed
63595174,2025-01-01T19:08:24.000,2025-01-06T00:42:59.000,HPD,UNSANITARY CONDITION,BRONX,Closed
63589610,2025-01-01T19:08:26.000,2025-01-02T17:06:27.000,NYPD,Noise - Residential,BRONX,Closed
63593730,2025-01-01T19:08:41.000,2025-01-01T20:30:45.000,NYPD,Noise - Commercial,MANHATTAN,Closed
63590502,2025-01-01T19:09:03.000,2025-01-01T20:33:00.000,NYPD,Illegal Parking,BROOKLYN,Closed
63587237,2025-01-01T19:09:05.000,2025-01-02T17:06:27.000,NYPD,Noise - Residential,BRONX,Closed
63585863,2025-01-01T19:09:09.000,2025-01-02T17:06:31.000,NYPD,Noise - Residential,BRONX,Closed
63593823,2025-01-01T19:09:30.000,2025-01-01T20:24:45.000,NYPD,Noise - Vehicle,MANHATTAN,Closed
63590744,2025-01-01T19:09:44.000,2025-01-02T17:06:25.000,NYPD,Noise - Residential,BRONX,Closed
63587123,2025-01-01T19:09:50.000,2025-01-02T11:37:11.000,TLC,Lost Property,QUEENS,Closed
63586962,2025-01-01T19:09:51.000,2025-01-13T14:55:13.000,DPR,Dead/Dying Tree,QUEENS,Closed
63585818,2025-01-01T19:09:57.000,2025-01-02T17:08:00.000,NYPD,Noise - Residential,BRONX,Closed
63591500,2025-01-01T19:10:01.000,2025-01-10T09:31:13.000,DOT,Outdoor Dining,BROOKLYN,Closed
63591981,2025-01-01T19:10:15.000,2025-01-02T08:50:52.000,TLC,Lost Property,QUEENS,Closed
63587605,2025-01-01T19:10:18.000,2025-01-01T19:20:14.000,NYPD,Noise - Street/Sidewalk,BRONX,Closed
63586322,2025-01-01T19:10:22.000,2025-01-01T19:30:48.000,NYPD,Noise - Residential,BROOKLYN,Closed
63593705,2025-01-01T19:10:27.000,2025-01-01T21:10:50.000,NYPD,Noise - Residential,BRONX,Closed
63590126,2025-01-01T19:10:28.000,2025-01-01T19:34:28.000,NYPD,Noise - Vehicle,MANHATTAN,Closed
63588106,2025-01-01T19:10:31.000,2025-01-02T11:48:47.000,DSNY,Dirty Condition,QUEENS,Closed
63587082,2025-01-01T19:10:44.000,2025-01-02T17:12:17.000,NYPD,Noise - Residential,BRONX,Closed
63592111,2025-01-01T19:10:59.000,2025-01-02T17:04:53.000,NYPD,Noise - Residential,BRONX,Closed
63593128,2025-01-01T19:11:00.000,2025-01-03T20:30:00.000,DEP,Noise,MANHATTAN,Closed
63594269,2025-01-01T19:11:09.000,2025-01-01T19:13:19.000,NYPD,Illegal Parking,QUEENS,Closed
63588053,2025-01-01T19:11:10.000,2025-01-01T19:30:29.000,NYPD,Illegal Parking,BROOKLYN,Closed
63592867,2025-01-01T19:11:14.000,2025-01-02T05:55:55.000,NYPD,Blocked Driveway,BRONX,Closed
63592854,2025-01-01T19:11:24.000,2025-01-02T02:18:13.000,NYPD,Blocked Driveway,QUEENS,Closed
63593932,2025-01-01T19:11:24.000,2025-01-03T14:33:08.000,HPD,HEAT/HOT WATER,QUEENS,Closed
63589400,2025-01-01T19:11:32.000,2025-01-02T17:12:20.000,NYPD,Noise - Residential,BRONX,Closed
63587267,2025-01-01T19:11:37.000,2025-01-02T17:04:50.000,NYPD,Noise - Residential,BRONX,Closed
63594974,2025-01-01T19:11:37.000,2025-01-01T20:05:00.000,NYPD,Noise - Residential,BROOKLYN,Closed
63587516,2025-01-01T19:11:37.000,2025-01-01T21:49:50.000,NYPD,Noise - Residential,QUEENS,Closed
63593616,2025-01-01T19:11:37.000,2025-01-10T00:00:00.000,DOB,Elevator,BRONX,Closed
63595146,2025-01-01T19:11:39.000,2025-01-03T08:29:35.000,HPD,HEAT/HOT WATER,MANHATTAN,Closed
63585815,2025-01-01T19:12:15.000,2025-01-02T17:12:23.000,NYPD,Noise - Residential,BRONX,Closed
63586690,2025-01-01T19:12:17.000,2025-01-01T21:31:23.000,NYPD,Illegal Parking,BROOKLYN,Closed
63585794,2025-01-01T19:12:20.000,2025-01-02T17:09:03.000,NYPD,Noise - Residential,BRONX,Closed
63590308,2025-01-01T19:12:21.000,2025-01-01T22:50:11.000,NYPD,Blocked Driveway,QUEENS,Closed
63588503,2025-01-01T19:12:47.000,2025-05-21T15:19:46.000,EDC,Noise - Helicopter,QUEENS,Closed
63593250,2025-01-01T19:12:49.000,2025-01-13T14:55:13.000,DPR,Dead/Dying Tree,QUEENS,Closed
63588507,2025-01-01T19:12:53.000,2025-01-02T17:10:37.000,NYPD,Noise - Residential,BRONX,Closed
63592848,2025-01-01T19:13:06.000,2025-01-01T21:51:38.000,NYPD,Abandoned Vehicle,BROOKLYN,Closed
63585804,2025-01-01T19:13:07.000,2025-01-02T17:09:03.000,NYPD,Noise - Residential,BRONX,Closed
63591117,2025-01-01T19:13:17.000,2025-01-01T19:28:57.000,NYPD,Encampment,MANHATTAN,Closed
63588637,2025-01-01T19:13:29.000,2025-01-02T00:36:05.000,NYPD,Noise - Residential,MANHATTAN,Closed
63585801,2025-01-01T19:13:31.000,2025-01-02T17:09:05.000,NYPD,Noise - Residential,BRONX,Closed
63594933,2025-01-01T19:13:39.000,2025-01-01T19:54:21.000,NYPD,Noise - Street/Sidewalk,BROOKLYN,Closed
63588442,2025-01-01T19:13:55.000,2025-01-02T17:04:48.000,NYPD,Noise - Residential,BRONX,Closed
63588171,2025-01-01T19:14:10.000,2025-01-02T17:09:05.000,NYPD,Noise - Residential,BRONX,Closed
63592645,2025-01-01T19:14:22.000,2025-04-17T07:10:04.000,HPD,DOOR/WINDOW,BROOKLYN,Closed
63587767,2025-01-01T19:14:25.000,2025-01-16T06:21:44.000,HPD,PLUMBING,BROOKLYN,Closed
63587677,2025-01-01T19:14:29.000,2025-01-02T13:09:34.000,HPD,HEAT/HOT WATER,BROOKLYN,Closed
63588140,2025-01-01T19:14:42.000,2025-01-02T17:10:41.000,NYPD,Noise - Residential,BRONX,Closed
63589262,2025-01-01T19:14:48.000,2025-01-01T21:30:31.000,NYPD,Illegal Parking,BROOKLYN,Closed
63589823,2025-01-01T19:14:48.000,2025-01-02T17:12:22.000,NYPD,Noise - Residential,BRONX,Closed
63589188,2025-01-01T19:15:05.000,2025-01-01T22:19:16.000,NYPD,Illegal Parking,BROOKLYN,Closed
63591664,2025-01-01T19:15:15.000,2025-01-08T13:50:53.000,DSNY,Illegal Dumping,BRONX,Closed
63585887,2025-01-01T19:15:26.000,2025-01-02T17:06:27.000,NYPD,Noise - Residential,BRONX,Closed
63589578,2025-01-01T19:15:31.000,2025-01-02T17:12:18.000,NYPD,Noise - Residential,BRONX,Closed
63592850,2025-01-01T19:15:42.000,2025-01-02T11:10:29.000,NYPD,Abandoned Vehicle,QUEENS,Closed
63590916,2025-01-01T19:15:49.000,2025-01-13T14:55:13.000,DPR,Dead/Dying Tree,QUEENS,Closed
63585652,2025-01-01T19:16:01.000,2025-01-13T14:55:13.000,DPR,Dead/Dying Tree,QUEENS,Closed
63585800,2025-01-01T19:16:04.000,2025-01-02T17:09:04.000,NYPD,Noise - Residential,BRONX,Closed
63592424,2025-01-01T19:16:09.000,2025-01-02T13:30:51.000,NYPD,Encampment,MANHATTAN,Closed
63601074,2025-01-01T19:16:09.000,2025-01-29T09:26:51.000,DHS,Encampment,MANHATTAN,Closed
63586980,2025-01-01T19:16:11.000,2025-01-02T11:46:35.000,TLC,Lost Property,MANHATTAN,Closed
63593840,2025-01-01T19:16:13.000,2025-01-01T21:52:05.000,NYPD,Noise - Residential,BRONX,Closed
63591184,2025-01-01T19:16:17.000,2025-01-02T17:03:03.000,NYPD,Noise - Residential,BRONX,Closed
63586274,2025-01-01T19:16:20.000,2025-01-01T20:17:40.000,NYPD,Noise - Residential,MANHATTAN,Closed
63590836,2025-01-01T19:16:42.000,2025-01-02T17:04:47.000,NYPD,Noise - Residential,BRONX,Closed
63586295,2025-01-01T19:16:46.000,2025-01-01T19:33:08.000,NYPD,Noise - Residential,QUEENS,Closed
63586515,2025-01-01T19:16:49.000,2025-01-01T21:17:40.000,NYPD,Blocked Driveway,BROOKLYN,Closed
63587153,2025-01-01T19:17:05.000,2025-01-02T17:09:05.000,NYPD,Noise - Residential,BRONX,Closed
63594896,2025-01-01T19:17:20.000,2025-01-02T17:03:02.000,NYPD,Noise - Residential,BRONX,Closed
63588935,2025-01-01T19:17:21.000,2025-01-03T19:32:28.000,HPD,HEAT/HOT WATER,BROOKLYN,Closed
63586592,2025-01-01T19:17:22.000,2025-01-03T19:31:21.000,HPD,HEAT/HOT WATER,BROOKLYN,Closed
63594006,2025-01-01T19:17:22.000,2025-01-02T21:15:32.000,HPD,HEAT/HOT WATER,STATEN ISLAND,Closed
63587719,2025-01-01T19:17:24.000,2025-01-03T19:31:21.000,HPD,HEAT/HOT WATER,BROOKLYN,Closed
63588064,2025-01-01T19:17:24.000,2025-01-06T18:14:04.000,HPD,UNSANITARY CONDITION,BRONX,Closed
63588975,2025-01-01T19:17:24.000,2025-01-06T18:14:04.000,HPD,PAINT/PLASTER,BRONX,Closed
63592659,2025-01-01T19:17:24.000,2025-04-05T18:32:03.000,HPD,GENERAL,BROOKLYN,Closed
63590329,2025-01-01T19:17:27.000,2025-01-02T09:59:44.000,HPD,HEAT/HOT WATER,BRONX,Closed
63595181,2025-01-01T19:17:45.000,2025-01-02T18:24:14.000,HPD,HEAT/HOT WATER,BRONX,Closed
63585751,2025-01-01T19:17:52.000,2025-01-02T17:08:00.000,NYPD,Noise - Residential,BRONX,Closed
63590760,2025-01-01T19:17:58.000,2025-01-02T17:08:01.000,NYPD,Noise - Residential,BRONX,Closed
63594217,2025-01-01T19:18:23.000,2025-01-01T19:56:56.000,NYPD,Blocked Driveway,BRONX,Closed
63593435,2025-01-01T19:18:36.000,2025-01-02T17:03:01.000,NYPD,Noise - Residential,BRONX,Closed
63593646,2025-01-01T19:18:40.000,2025-01-02T17:03:04.000,NYPD,Noise - Residential,BRONX,Closed
63592878,2025-01-01T19:18:46.000,2025-01-01T21:43:12.000,NYPD,Blocked Driveway,STATEN ISLAND,Closed
63590731,2025-01-01T19:18:54.000,2025-01-02T13:22:47.000,DSNY,Dirty Condition,BROOKLYN,Closed
63592578,2025-01-01T19:18:58.000,2025-01-01T20:18:33.000,NYPD,Noise - Street/Sidewalk,QUEENS,Closed
63620160,2025-01-01T19:19:00.000,2025-01-04T00:07:00.000,DSNY,Derelict Vehicles,MANHATTAN,Closed
63585641,2025-01-01T19:19:01.000,2025-01-13T14:55:13.000,DPR,Dead/Dying Tree,QUEENS,Closed
63585799,2025-01-01T19:19:15.000,2025-01-02T17:09:05.000,NYPD,Noise - Residential,BRONX,Closed
63593600,2025-01-01T19:19:24.000,2025-01-01T21:41:40.000,NYPD,Illegal Fireworks,QUEENS,Closed
63588170,2025-01-01T19:19:28.000,2025-01-02T17:12:17.000,NYPD,Noise - Residential,BRONX,Closed
63595310,2025-01-01T19:19:48.000,2025-01-01T20:25:27.000,NYPD,Illegal Parking,STATEN ISLAND,Closed
63591969,2025-01-01T19:19:53.000,2025-01-02T17:06:27.000,NYPD,Noise - Residential,BRONX,Closed
63591298,2025-01-01T19:19:59.000,2025-01-01T20:03:00.000,NYPD,Noise - Street/Sidewalk,MANHATTAN,Closed
63590693,2025-01-01T19:20:00.000,2025-02-12T16:41:00.000,DEP,Lead,BROOKLYN,Closed
63592945,2025-01-01T19:20:06.000,2025-01-01T21:23:05.000,NYPD,Illegal Parking,BROOKLYN,Closed
63589742,2025-01-01T19:20:15.000,2025-01-02T17:03:03.000,NYPD,Noise - Residential,BRONX,Closed
63588636,2025-01-01T19:20:20.000,2025-01-01T20:18:15.000,NYPD,Noise - Residential,BROOKLYN,Closed
63594204,2025-01-01T19:20:26.000,2025-01-02T09:37:13.000,DSNY,Residential Disposal Complaint,QUEENS,Closed
63585718,2025-01-01T19:20:31.000,2025-01-02T17:10:36.000,NYPD,Noise - Residential,BRONX,Closed
63588862,2025-01-01T19:20:37.000,2025-01-01T21:30:15.000,NYPD,Encampment,MANHATTAN,Closed
63593272,2025-01-01T19:20:39.000,2025-01-02T00:00:00.000,DOB,Real Time Enforcement,BROOKLYN,Closed
63586949,2025-01-01T19:20:58.000,2025-05-21T15:19:46.000,EDC,Noise - Helicopter,QUEENS,Closed
63593550,2025-01-01T19:21:03.000,2025-01-02T17:06:22.000,NYPD,Noise - Residential,BRONX,Closed
63587266,2025-01-01T19:21:09.000,2025-01-02T17:04:52.000,NYPD,Noise - Residential,BRONX,Closed
63592472,2025-01-01T19:21:25.000,2025-01-01T21:05:08.000,NYPD,Noise - Residential,BROOKLYN,Closed
63590518,2025-01-01T19:21:36.000,2025-01-01T21:09:31.000,NYPD,Illegal Parking,STATEN ISLAND,Closed
63587121,2025-01-01T19:21:47.000,2025-01-02T17:12:18.000,NYPD,Noise - Residential,BRONX,Closed
63585837,2025-01-01T19:21:50.000,2025-01-02T17:12:22.000,NYPD,Noise - Residential,BRONX,Closed
63595257,2025-01-01T19:22:20.000,2025-01-02T13:44:14.000,NYPD,Blocked Driveway,QUEENS,Closed
63592087,2025-01-01T19:22:25.000,2025-01-02T17:09:06.000,NYPD,Noise - Residential,BRONX,Closed
63586113,2025-01-01T19:22:38.000,2025-01-02T17:03:03.000,NYPD,Noise - Residential,BRONX,Closed
63589261,2025-01-01T19:22:45.000,2025-01-01T21:23:12.000,NYPD,Illegal Parking,BROOKLYN,Closed
63591756,2025-01-01T19:22:52.000,2025-01-01T21:22:51.000,NYPD,Illegal Parking,MANHATTAN,Closed
63592030,2025-01-01T19:23:03.000,2025-01-02T17:09:05.000,NYPD,Noise - Residential,BRONX,Closed
63590652,2025-01-01T19:23:21.000,2025-02-11T10:14:25.000,DOT,Curb Condition,STATEN ISLAND,Closed
63587122,2025-01-01T19:23:25.000,2025-01-02T17:09:04.000,NYPD,Noise - Residential,BRONX,Closed
63590346,2025-01-01T19:23:37.000,2025-01-02T02:25:01.000,NYPD,Blocked Driveway,QUEENS,Closed
63586062,2025-01-01T19:23:41.000,2025-01-02T17:04:49.000,NYPD,Noise - Residential,BRONX,Closed
63588941,2025-01-01T19:23:54.000,2025-01-02T20:31:50.000,HPD,HEAT/HOT WATER,BROOKLYN,Closed
63585708,2025-01-01T19:24:00.000,2025-01-22T07:34:06.000,TLC,Taxi Complaint,STATEN ISLAND,Closed
63589362,2025-01-01T19:24:06.000,2025-01-02T13:14:05.000,TLC,Lost Property,MANHATTAN,Closed
63589579,2025-01-01T19:24:13.000,2025-01-02T17:09:04.000,NYPD,Noise - Residential,BRONX,Closed
63589943,2025-01-01T19:24:20.000,2025-01-01T19:29:20.000,NYPD,Noise - Vehicle,BROOKLYN,Closed
63585792,2025-01-01T19:24:20.000,2025-01-02T17:09:04.000,NYPD,Noise - Residential,BRONX,Closed
63592473,2025-01-01T19:24:21.000,2025-01-01T21:04:41.000,NYPD,Noise - Residential,BROOKLYN,Closed
63595036,2025-01-01T19:24:27.000,2025-01-01T20:34:51.000,NYPD,Noise - Residential,BRONX,Closed
63589441,2025-01-01T19:24:56.000,2025-01-02T05:20:01.000,DSNY,Dirty Condition,BROOKLYN,Closed
63586059,2025-01-01T19:24:58.000,2025-01-02T17:06:26.000,NYPD,Noise - Residential,BRONX,Closed
63587260,2025-01-01T19:25:01.000,2025-01-02T17:06:29.000,NYPD,Noise - Residential,BRONX,Closed
63588538,2025-01-01T19:25:36.000,2025-01-02T17:12:19.000,NYPD,Noise - Residential,BRONX,Closed
63586123,2025-01-01T19:25:39.000,2025-01-02T02:24:03.000,NYPD,Blocked Driveway,QUEENS,Closed
63587905,2025-01-01T19:25:46.000,2025-01-01T22:14:01.000,NYPD,Illegal Parking,QUEENS,Closed
63594427,2025-01-01T19:25:48.000,2025-01-02T17:09:06.000,NYPD,Noise - Residential,BRONX,Closed
63593142,2025-01-01T19:26:00.000,2025-01-01T19:31:00.000,DEP,Water System,BROOKLYN,Closed
63591188,2025-01-01T19:26:02.000,2025-01-01T21:57:18.000,NYPD,Panhandling,BROOKLYN,Closed
63585714,2025-01-01T19:26:05.000,2025-05-21T15:19:47.000,EDC,Noise - Helicopter,QUEENS,Closed
63589750,2025-01-01T19:26:14.000,2025-01-02T17:03:02.000,NYPD,Noise - Residential,BRONX,Closed
63590995,2025-01-01T19:26:36.000,2025-01-02T17:08:03.000,NYPD,Noise - Residential,BRONX,Closed
63587714,2025-01-01T19:26:51.000,2025-01-02T16:06:17.000,HPD,HEAT/HOT WATER,MANHATTAN,Closed
63589398,2025-01-01T19:26:52.000,2025-01-02T17:09:03.000,NYPD,Noise - Residential,BRONX,Closed
63595084,2025-01-01T19:26:53.000,2025-01-02T16:09:57.000,HPD,HEAT/HOT WATER,BROOKLYN,Closed
63587706,2025-01-01T19:26:54.000,2025-01-03T18:29:51.000,HPD,HEAT/HOT WATER,BRONX,Closed
63586512,2025-01-01T19:27:00.000,2025-01-15T16:23:03.000,HPD,ELECTRIC,BROOKLYN,Closed
63592963,2025-01-01T19:27:08.000,2025-01-01T21:54:18.000,NYPD,Illegal Parking,QUEENS,Closed
63593296,2025-01-01T19:27:23.000,2025-01-02T17:10:39.000,NYPD,Noise - Residential,BRONX,Closed
63586905,2025-01-01T19:27:30.000,2025-01-02T17:10:38.000,NYPD,Noise - Residential,BRONX,Closed
63590304,2025-01-01T19:27:39.000,2025-01-10T18:35:11.000,HPD,PAINT/PLASTER,QUEENS,Closed
63586525,2025-01-01T19:27:39.000,2025-01-10T17:10:15.000,HPD,FLOORING/STAIRS,QUEENS,Closed
63586831,2025-01-01T19:27:39.000,2025-01-05T12:08:54.000,HPD,PLUMBING,QUEENS,Closed
63593295,2025-01-01T19:28:00.000,2025-01-11T17:03:51.000,DOHMH,Mobile Food Vendor,BROOKLYN,Closed
63589711,2025-01-01T19:28:08.000,2025-01-02T17:04:52.000,NYPD,Noise - Residential,BRONX,Closed
63592315,2025-01-01T19:28:11.000,2025-01-02T17:03:03.000,NYPD,Noise - Residential,BRONX,Closed
63594941,2025-01-01T19:28:27.000,2025-01-01T19:49:04.000,NYPD,Illegal Fireworks,BROOKLYN,Closed
63594834,2025-01-01T19:28:46.000,2025-01-02T17:06:29.000,NYPD,Noise - Residential,BRONX,Closed
63589745,2025-01-01T19:28:58.000,2025-01-02T17:04:47.000,NYPD,Noise - Residential,BRONX,Closed
63591836,2025-01-01T19:29:00.000,2025-01-03T14:22:00.000,DEP,Lead,QUEENS,Closed
63588458,2025-01-01T19:29:09.000,2025-01-02T03:55:49.000,NYPD,Illegal Parking,QUEENS,Closed
63591851,2025-01-01T19:29:10.000,2025-01-02T02:23:44.000,NYPD,Illegal Parking,QUEENS,Closed
63585669,2025-01-01T19:29:19.000,2025-01-02T06:08:57.000,NYPD,Illegal Parking,BRONX,Closed
63592109,2025-01-01T19:29:25.000,2025-01-02T17:04:51.000,NYPD,Noise - Residential,BRONX,Closed
63586953,2025-01-01T19:29:46.000,2025-01-02T17:10:43.000,NYPD,Noise - Residential,BRONX,Closed
63589752,2025-01-01T19:29:48.000,2025-01-02T20:34:58.000,NYPD,Illegal Parking,BROOKLYN,Closed
63590193,2025-01-01T19:29:51.000,2025-01-03T11:26:35.000,HPD,HEAT/HOT WATER,BRONX,Closed
63586585,2025-01-01T19:29:56.000,2025-01-02T13:25:57.000,HPD,HEAT/HOT WATER,BRONX,Closed
63587430,2025-01-01T19:30:03.000,2025-01-02T17:03:04.000,NYPD,Noise - Residential,BRONX,Closed
63592763,2025-01-01T19:30:15.000,2025-01-02T15:15:48.000,HPD,HEAT/HOT WATER,BRONX,Closed
63590889,2025-01-01T19:30:34.000,2025-01-02T17:09:04.000,NYPD,Noise - Residential,BRONX,Closed
63591070,2025-01-01T19:30:41.000,2025-01-02T17:04:52.000,NYPD,Noise - Residential,BRONX,Closed
63587423,2025-01-01T19:30:46.000,2025-01-01T20:37:52.000,NYPD,Noise - Residential,QUEENS,Closed
63590913,2025-01-01T19:30:47.000,2025-01-01T19:49:38.000,NYPD,Illegal Parking,BROOKLYN,Closed
63593809,2025-01-01T19:30:54.000,2025-01-01T19:39:30.000,NYPD,Noise - Residential,BROOKLYN,Closed
63594390,2025-01-01T19:31:00.000,2025-01-02T03:12:28.000,NYPD,Noise - Residential,QUEENS,Closed
63592036,2025-01-01T19:31:19.000,2025-01-02T17:10:41.000,NYPD,Noise - Residential,BRONX,Closed
63587257,2025-01-01T19:31:21.000,2025-01-02T17:06:26.000,NYPD,Noise - Residential,BRONX,Closed
63588789,2025-01-01T19:31:25.000,2025-01-01T20:26:33.000,NYPD,Encampment,MANHATTAN,Closed
63591979,2025-01-01T19:31:37.000,2025-01-11T17:03:55.000,DOHMH,Mobile Food Vendor,BROOKLYN,Closed
63587944,2025-01-01T19:31:38.000,2025-01-01T19:58:38.000,NYPD,Blocked Driveway,BROOKLYN,Closed
63594426,2025-01-01T19:31:57.000,2025-01-02T17:09:04.000,NYPD,Noise - Residential,BRONX,Closed
63586921,2025-01-01T19:32:09.000,2025-01-02T17:09:06.000,NYPD,Noise - Residential,BRONX,Closed
63591945,2025-01-01T19:32:35.000,2025-01-02T17:10:40.000,NYPD,Noise - Residential,BRONX,Closed
63585729,2025-01-01T19:32:56.000,2025-01-02T17:10:43.000,NYPD,Noise - Residential,BRONX,Closed
63587406,2025-01-01T19:33:14.000,2025-01-02T17:06:28.000,NYPD,Noise - Residential,BRONX,Closed
63590334,2025-01-01T19:33:30.000,2025-01-01T22:06:38.000,NYPD,Abandoned Vehicle,STATEN ISLAND,Closed
63589071,2025-01-01T19:33:38.000,2025-01-01T20:18:01.000,NYPD,Noise - Vehicle,QUEENS,Closed
63585890,2025-01-01T19:33:44.000,2025-01-02T17:10:38.000,NYPD,Noise - Residential,BRONX,Closed
63588786,2025-01-01T19:33:49.000,2025-01-01T19:49:26.000,NYPD,Noise - Residential,BRONX,Closed
63591149,2025-01-01T19:33:51.000,2025-01-02T17:04:49.000,NYPD,Noise - Residential,BRONX,Closed
63589722,2025-01-01T19:34:20.000,2025-01-11T17:03:53.000,DOHMH,Mobile Food Vendor,BROOKLYN,Closed
63586932,2025-01-01T19:34:23.000,2025-01-09T09:52:00.000,DPR,Dead/Dying Tree,QUEENS,Closed
63590986,2025-01-01T19:34:31.000,2025-01-02T17:03:02.000,NYPD,Noise - Residential,BRONX,Closed
63590802,2025-01-01T19:34:32.000,2025-01-02T17:12:21.000,NYPD,Noise - Residential,BRONX,Closed
63587995,2025-01-01T19:34:45.000,2025-01-01T20:05:38.000,NYPD,Illegal Parking,BROOKLYN,Closed
63586080,2025-01-01T19:35:08.000,2025-01-02T17:03:03.000,NYPD,Noise - Residential,BRONX,Closed
63589959,2025-01-01T19:35:19.000,2025-01-02T17:03:05.000,NYPD,Noise - Residential,BRONX,Closed
63588416,2025-01-01T19:35:32.000,2025-01-11T17:03:54.000,DOHMH,Mobile Food Vendor,BROOKLYN,Closed
63595472,2025-01-01T19:35:34.000,2025-01-01T20:00:42.000,NYPD,Illegal Parking,BROOKLYN,Closed
63592204,2025-01-01T19:35:46.000,2025-01-02T17:04:53.000,NYPD,Noise - Residential,BRONX,Closed
63594141,2025-01-01T19:35:46.000,2025-01-01T22:00:40.000,NYPD,Illegal Parking,STATEN ISLAND,Closed
63589203,2025-01-01T19:35:48.000,2025-01-01T20:29:15.000,NYPD,Illegal Parking,BROOKLYN,Closed
63589076,2025-01-01T19:35:57.000,2025-01-01T22:43:45.000,NYPD,Traffic,QUEENS,Closed
63588911,2025-01-01T19:35:58.000,2025-01-02T16:09:57.000,HPD,HEAT/HOT WATER,BROOKLYN,Closed
63591472,2025-01-01T19:35:58.000,2025-01-02T20:31:50.000,HPD,HEAT/HOT WATER,BROOKLYN,Closed
63590577,2025-01-01T19:35:59.000,2025-01-02T00:01:30.000,NYPD,Illegal Parking,BRONX,Closed
63586398,2025-01-01T19:36:03.000,2025-01-01T20:03:28.000,NYPD,Noise - Street/Sidewalk,MANHATTAN,Closed
63590759,2025-01-01T19:36:07.000,2025-01-02T17:07:57.000,NYPD,Noise - Residential,BRONX,Closed
63592863,2025-01-01T19:36:10.000,2025-01-01T20:18:05.000,NYPD,Noise - Vehicle,QUEENS,Closed
63590606,2025-01-01T19:36:12.000,2025-01-01T22:44:19.000,NYPD,Drug Activity,QUEENS,Closed
63588083,2025-01-01T19:36:18.000,2025-01-02T17:43:04.000,HPD,UNSANITARY CONDITION,QUEENS,Closed
63590170,2025-01-01T19:36:18.000,2025-01-02T17:43:04.000,HPD,HEAT/HOT WATER,QUEENS,Closed
63587749,2025-01-01T19:36:18.000,2025-01-02T17:43:04.000,HPD,PAINT/PLASTER,QUEENS,Closed
63587861,2025-01-01T19:36:22.000,2025-01-01T22:04:54.000,NYPD,Blocked Driveway,BROOKLYN,Closed
63587120,2025-01-01T19:36:24.000,2025-01-02T17:09:04.000,NYPD,Noise - Residential,BRONX,Closed
63594194,2025-01-01T19:36:50.000,2025-01-01T21:55:26.000,NYPD,Blocked Driveway,QUEENS,Closed
63588337,2025-01-01T19:36:54.000,2025-01-02T17:04:50.000,NYPD,Noise - Residential,BRONX,Closed
63585849,2025-01-01T19:37:02.000,2025-01-02T17:10:39.000,NYPD,Noise - Residential,BRONX,Closed
63590695,2025-01-01T19:37:17.000,2025-01-02T03:55:37.000,NYPD,Drug Activity,MANHATTAN,Closed
63586073,2025-01-01T19:37:21.000,2025-01-01T20:35:58.000,NYPD,Abandoned Vehicle,STATEN ISLAND,Closed
63592841,2025-01-01T19:37:33.000,2025-01-02T01:49:39.000,NYPD,Blocked Driveway,BRONX,Closed
63591144,2025-01-01T19:37:40.000,2025-01-02T17:06:28.000,NYPD,Noise - Residential,BRONX,Closed
63587255,2025-01-01T19:37:42.000,2025-01-02T17:06:25.000,NYPD,Noise - Residential,BRONX,Closed
63593201,2025-01-01T19:37:52.000,2025-01-02T02:53:41.000,NYPD,Noise - Residential,MANHATTAN,Closed
63588641,2025-01-01T19:37:56.000,2025-01-01T20:00:25.000,NYPD,Noise - Residential,QUEENS,Closed
63587926,2025-01-01T19:38:00.000,2025-05-22T11:42:00.000,DOT,Street Light Condition,Unspecified,Closed
63592161,2025-01-01T19:38:18.000,2025-01-02T17:12:21.000,NYPD,Noise - Residential,BRONX,Closed
63589307,2025-01-01T19:38:29.000,2025-02-21T09:38:53.000,DPR,Maintenance or Facility,MANHATTAN,Closed
63592160,2025-01-01T19:38:32.000,2025-01-02T17:12:19.000,NYPD,Noise - Residential,BRONX,Closed
63593574,2025-01-01T19:38:56.000,2025-01-02T17:04:50.000,NYPD,Noise - Residential,BRONX,Closed
63588433,2025-01-01T19:39:17.000,2025-01-02T17:03:10.000,NYPD,Noise - Residential,BRONX,Closed
63589000,2025-01-01T19:39:20.000,2025-01-02T02:32:36.000,NYPD,Abandoned Vehicle,STATEN ISLAND,Closed
63590264,2025-01-01T19:39:28.000,2025-01-02T17:11:28.000,HPD,HEAT/HOT WATER,BRONX,Closed
63588860,2025-01-01T19:39:30.000,2025-01-01T20:11:03.000,NYPD,Non-Emergency Police Matter,QUEENS,Closed
63590722,2025-01-01T19:39:36.000,2025-01-02T17:12:24.000,NYPD,Noise - Residential,BRONX,Closed
63588058,2025-01-01T19:39:42.000,2025-01-01T22:43:17.000,NYPD,Drug Activity,QUEENS,Closed
63587828,2025-01-01T19:39:57.000,2025-01-02T06:04:37.000,NYPD,Blocked Driveway,BRONX,Closed
63591079,2025-01-01T19:40:04.000,2025-01-02T17:03:03.000,NYPD,Noise - Residential,BRONX,Closed
63587311,2025-01-01T19:40:13.000,2025-01-02T17:03:03.000,NYPD,Noise - Residential,BRONX,Closed
63592888,2025-01-01T19:40:41.000,2025-01-01T20:50:16.000,NYPD,Blocked Driveway,BROOKLYN,Closed
63588324,2025-01-01T19:40:51.000,2025-01-02T17:10:41.000,NYPD,Noise - Residential,BRONX,Closed
63594451,2025-01-01T19:40:52.000,2025-01-02T17:10:41.000,NYPD,Noise - Residential,BRONX,Closed
63587401,2025-01-01T19:41:16.000,2025-01-02T01:54:38.000,NYPD,Noise - Residential,BRONX,Closed
63595373,2025-01-01T19:41:21.000,2025-01-02T02:18:25.000,NYPD,Blocked Driveway,MANHATTAN,Closed
63591020,2025-01-01T19:41:29.000,2025-01-02T17:09:04.000,NYPD,Noise - Residential,BRONX,Closed
63586743,2025-01-01T19:41:35.000,2025-01-01T22:38:58.000,NYPD,Traffic,QUEENS,Closed
63594895,2025-01-01T19:41:39.000,2025-01-02T17:03:03.000,NYPD,Noise - Residential,BRONX,Closed
63588826,2025-01-01T19:41:41.000,2025-01-02T09:50:45.000,DOHMH,Indoor Air Quality,QUEENS,Closed
63585985,2025-01-01T19:42:08.000,2025-01-02T17:06:28.000,NYPD,Noise - Residential,BRONX,Closed
63591416,2025-01-01T19:42:21.000,2025-01-02T17:40:59.000,HPD,HEAT/HOT WATER,BROOKLYN,Closed
63587264,2025-01-01T19:42:27.000,2025-01-02T17:04:51.000,NYPD,Noise - Residential,BRONX,Closed
63594626,2025-01-01T19:42:28.000,2025-01-02T02:18:06.000,NYPD,Illegal Parking,MANHATTAN,Closed
63595328,2025-01-01T19:42:34.000,2025-01-01T20:35:53.000,NYPD,Illegal Parking,BRONX,Closed
63592577,2025-01-01T19:42:37.000,2025-01-01T22:24:01.000,NYPD,Noise - Street/Sidewalk,BROOKLYN,Closed
63590705,2025-01-01T19:42:41.000,2025-01-02T06:56:31.000,NYPD,Illegal Parking,BROOKLYN,Closed
63590342,2025-01-01T19:42:42.000,2025-01-02T17:43:05.000,HPD,PAINT/PLASTER,QUEENS,Closed
63593915,2025-01-01T19:42:42.000,2025-01-02T17:43:04.000,HPD,HEAT/HOT WATER,QUEENS,Closed
63589124,2025-01-01T19:42:44.000,2025-01-01T22:00:16.000,NYPD,Illegal Parking,BRONX,Closed
63585855,2025-01-01T19:42:45.000,2025-01-02T17:09:06.000,NYPD,Noise - Residential,BRONX,Closed
63594361,2025-01-01T19:42:47.000,2025-01-01T20:11:52.000,NYPD,Illegal Parking,MANHATTAN,Closed
63592575,2025-01-01T19:42:57.000,2025-01-01T20:03:01.000,NYPD,Noise - Street/Sidewalk,MANHATTAN,Closed
63593712,2025-01-01T19:43:14.000,2025-01-01T22:04:26.000,NYPD,Noise - Residential,BRONX,Closed
63594535,2025-01-01T19:43:15.000,2025-01-02T17:04:51.000,NYPD,Noise - Residential,BRONX,Closed
63585987,2025-01-01T19:43:24.000,2025-01-02T17:04:52.000,NYPD,Noise - Residential,BRONX,Closed
63588990,2025-01-01T19:43:33.000,2025-01-02T08:54:29.000,DCWP,Consumer Complaint,BROOKLYN,Closed
63587119,2025-01-01T19:44:02.000,2025-01-02T17:09:04.000,NYPD,Noise - Residential,BRONX,Closed
63594462,2025-01-01T19:44:02.000,2025-01-02T17:10:40.000,NYPD,Noise - Residential,BRONX,Closed
63585648,2025-01-01T19:44:31.000,2025-01-01T20:12:38.000,NYPD,Illegal Parking,MANHATTAN,Closed
63590454,2025-01-01T19:44:36.000,2025-01-01T20:04:59.000,NYPD,Illegal Parking,BROOKLYN,Closed
63593412,2025-01-01T19:44:40.000,2025-01-02T17:10:40.000,NYPD,Noise - Residential,BRONX,Closed
63590732,2025-01-01T19:44:43.000,2025-01-02T03:02:44.000,NYPD,Noise - Residential,QUEENS,Closed
63592022,2025-01-01T19:44:49.000,2025-01-02T14:05:54.000,NYPD,Illegal Parking,QUEENS,Closed
63591069,2025-01-01T19:44:50.000,2025-01-02T17:04:51.000,NYPD,Noise - Residential,BRONX,Closed
63587521,2025-01-01T19:44:53.000,2025-01-01T21:56:05.000,NYPD,Noise - Residential,BROOKLYN,Closed
63587515,2025-01-01T19:44:54.000,2025-01-01T19:49:50.000,NYPD,Noise - Residential,QUEENS,Closed
63590460,2025-01-01T19:45:09.000,2025-01-01T21:33:15.000,NYPD,Illegal Parking,BROOKLYN,Closed
63589380,2025-01-01T19:45:19.000,2025-01-02T17:08:05.000,NYPD,Noise - Residential,BRONX,Closed
63593955,2025-01-01T19:45:20.000,2025-01-02T15:22:49.000,HPD,HEAT/HOT WATER,BROOKLYN,Closed
63591447,2025-01-01T19:45:22.000,2025-01-03T11:43:23.000,HPD,HEAT/HOT WATER,QUEENS,Closed
63592094,2025-01-01T19:45:28.000,2025-01-02T01:31:39.000,NYPD,Illegal Parking,MANHATTAN,Closed
63594693,2025-01-01T19:45:37.000,2025-01-02T17:10:40.000,NYPD,Noise - Residential,BRONX,Closed
63592435,2025-01-01T19:45:42.000,2025-01-01T21:49:25.000,NYPD,Noise - Residential,BRONX,Closed
63594145,2025-01-01T19:45:42.000,2025-01-01T20:48:01.000,NYPD,Illegal Parking,BRONX,Closed
63592695,2025-01-01T19:45:57.000,2025-01-03T13:12:22.000,HPD,HEAT/HOT WATER,BRONX,Closed
63589359,2025-01-01T19:46:00.000,2025-01-02T01:34:52.000,NYPD,Illegal Parking,BROOKLYN,Closed
63590567,2025-01-01T19:46:15.000,2025-01-01T21:56:19.000,NYPD,Illegal Parking,QUEENS,Closed
63594644,2025-01-01T19:46:26.000,2025-01-02T17:07:57.000,NYPD,Noise - Residential,BRONX,Closed
63588299,2025-01-01T19:46:35.000,2025-01-02T17:10:42.000,NYPD,Noise - Residential,BRONX,Closed
63592057,2025-01-01T19:46:37.000,2025-01-02T14:05:59.000,NYPD,Illegal Parking,QUEENS,Closed
63588619,2025-01-01T19:47:13.000,2025-01-02T17:06:28.000,NYPD,Noise - Residential,BRONX,Closed
63595354,2025-01-01T19:47:43.000,2025-01-01T20:22:40.000,NYPD,Illegal Parking,BROOKLYN,Closed
63585957,2025-01-01T19:47:50.000,2025-01-02T17:06:34.000,NYPD,Noise - Residential,BRONX,Closed
63593945,2025-01-01T19:48:18.000,2025-01-02T13:39:22.000,HPD,HEAT/HOT WATER,QUEENS,Closed
63593109,2025-01-01T19:48:24.000,2025-03-04T14:36:49.000,HPD,UNSANITARY CONDITION,BROOKLYN,Closed
63588906,2025-01-01T19:48:24.000,2025-01-03T10:25:06.000,HPD,HEAT/HOT WATER,BRONX,Closed
63586075,2025-01-01T19:48:28.000,2025-01-02T17:03:03.000,NYPD,Noise - Residential,BRONX,Closed
63608854,2025-01-01T19:49:00.000,2025-01-02T07:51:00.000,DSNY,Derelict Vehicles,BRONX,Closed
63589710,2025-01-01T19:49:06.000,2025-01-02T17:04:48.000,NYPD,Noise - Residential,BRONX,Closed
63585744,2025-01-01T19:49:47.000,2025-01-02T17:08:02.000,NYPD,Noise - Residential,BRONX,Closed
63586197,2025-01-01T19:50:00.000,2025-01-01T20:05:00.000,DEP,Water System,STATEN ISLAND,Closed
63592617,2025-01-01T19:50:15.000,2025-01-01T19:55:58.000,NYPD,Noise - Residential,STATEN ISLAND,Closed
63595377,2025-01-01T19:51:00.000,2025-01-01T23:42:00.000,DOT,Traffic Signal Condition,QUEENS,Closed
63587294,2025-01-01T19:51:01.000,2025-01-02T17:04:50.000,NYPD,Noise - Residential,BRONX,Closed
63593785,2025-01-01T19:51:15.000,2025-01-01T23:48:27.000,NYPD,Noise - Residential,BROOKLYN,Closed
63588956,2025-01-01T19:51:19.000,2025-01-03T16:53:55.000,HPD,HEAT/HOT WATER,QUEENS,Closed
63593894,2025-01-01T19:51:21.000,2025-01-02T19:19:04.000,HPD,HEAT/HOT WATER,BRONX,Closed
63594288,2025-01-01T19:51:22.000,2025-01-01T22:34:12.000,NYPD,Illegal Parking,QUEENS,Closed
63592630,2025-01-01T19:51:37.000,2025-01-01T20:26:11.000,NYPD,Noise - Street/Sidewalk,MANHATTAN,Closed
63591062,2025-01-01T19:51:39.000,2025-01-02T17:10:39.000,NYPD,Noise - Residential,BRONX,Closed
63591099,2025-01-01T19:51:48.000,2025-01-01T21:50:33.000,NYPD,Noise - Residential,BRONX,Closed
63586579,2025-01-01T19:51:50.000,2025-01-03T18:29:17.000,HPD,HEAT/HOT WATER,BRONX,Closed
63588908,2025-01-01T19:51:54.000,2025-01-04T19:27:07.000,HPD,HEAT/HOT WATER,MANHATTAN,Closed
63588827,2025-01-01T19:51:55.000,2025-01-01T20:58:28.000,NYPD,Panhandling,MANHATTAN,Closed
63588371,2025-01-01T19:52:17.000,2025-01-02T17:06:28.000,NYPD,Noise - Residential,BRONX,Closed
63589048,2025-01-01T19:52:26.000,2025-02-19T11:57:54.000,DOE,School Maintenance,QUEENS,Closed
63588530,2025-01-01T19:52:57.000,2025-01-02T17:08:05.000,NYPD,Noise - Residential,BRONX,Closed
63591835,2025-01-01T19:53:00.000,2025-01-03T14:22:00.000,DEP,Lead,QUEENS,Closed
63589297,2025-01-01T19:53:20.000,2025-01-01T21:22:22.000,NYPD,Illegal Parking,STATEN ISLAND,Closed
63589093,2025-01-01T19:53:43.000,2025-01-01T22:30:08.000,NYPD,Illegal Parking,QUEENS,Closed
63601877,2025-01-01T19:53:52.000,2025-01-02T00:00:00.000,DOB,General Construction/Plumbing,MANHATTAN,Closed
63592024,2025-01-01T19:54:00.000,2025-05-21T15:31:22.000,EDC,Noise - Helicopter,QUEENS,Closed
63588555,2025-01-01T19:54:00.000,2025-01-08T12:59:00.000,DOT,Street Light Condition,QUEENS,Closed
63591554,2025-01-01T19:54:08.000,2025-01-01T20:40:44.000,NYPD,Blocked Driveway,BROOKLYN,Closed
63586913,2025-01-01T19:54:12.000,2025-01-02T17:07:56.000,NYPD,Noise - Residential,BRONX,Closed
63589267,2025-01-01T19:54:15.000,2025-01-01T20:38:30.000,NYPD,Illegal Parking,BROOKLYN,Closed
63586952,2025-01-01T19:54:19.000,2025-01-02T04:04:45.000,NYPD,Noise - Residential,QUEENS,Closed
63591996,2025-01-01T19:54:45.000,2025-01-07T12:46:11.000,DPR,Damaged Tree,BRONX,Closed
63587830,2025-01-01T19:54:46.000,2025-03-02T20:18:39.000,DOHMH,Smoking or Vaping,QUEENS,Closed
63593389,2025-01-01T19:54:50.000,2025-01-02T17:10:38.000,NYPD,Noise - Residential,BRONX,Closed
63586933,2025-01-01T19:54:54.000,2025-01-02T05:24:17.000,NYPD,Animal-Abuse,MANHATTAN,Closed
63589015,2025-01-01T19:55:02.000,2025-01-02T15:15:48.000,HPD,HEAT/HOT WATER,BRONX,Closed
63591491,2025-01-01T19:55:06.000,2025-01-02T15:15:48.000,HPD,HEAT/HOT WATER,BRONX,Closed
63593396,2025-01-01T19:55:28.000,2025-01-02T17:09:04.000,NYPD,Noise - Residential,BRONX,Closed
63586054,2025-01-01T19:56:06.000,2025-01-02T17:06:29.000,NYPD,Noise - Residential,BRONX,Closed
63588717,2025-01-01T19:56:23.000,2025-01-02T00:22:06.000,NYPD,Noise - Residential,BROOKLYN,Closed
63585975,2025-01-01T19:56:44.000,2025-01-02T17:06:25.000,NYPD,Noise - Residential,BRONX,Closed
63589729,2025-01-01T19:56:55.000,2025-01-02T03:56:04.000,NYPD,Illegal Parking,QUEENS,Closed
63592439,2025-01-01T19:56:57.000,2025-01-01T20:49:06.000,NYPD,Noise - Residential,BROOKLYN,Closed
63589854,2025-01-01T19:57:23.000,2025-01-02T10:52:04.000,DOT,Sidewalk Condition,QUEENS,Closed
63585833,2025-01-01T19:57:23.000,2025-01-02T17:12:20.000,NYPD,Noise - Residential,BRONX,Closed
63589085,2025-01-01T19:57:29.000,2025-01-01T20:40:25.000,NYPD,Blocked Driveway,MANHATTAN,Closed
63591320,2025-01-01T19:57:37.000,2025-01-01T23:48:44.000,NYPD,Noise - Residential,BROOKLYN,Closed
63592790,2025-01-01T19:57:47.000,2025-01-02T14:31:47.000,HPD,HEAT/HOT WATER,MANHATTAN,Closed
63586458,2025-01-01T19:57:48.000,2025-01-01T20:24:46.000,NYPD,Noise - Vehicle,MANHATTAN,Closed
63591486,2025-01-01T19:57:51.000,2025-01-03T09:00:50.000,HPD,HEAT/HOT WATER,BRONX,Closed
63595088,2025-01-01T19:57:54.000,2025-01-03T06:44:24.000,HPD,HEAT/HOT WATER,QUEENS,Closed
63587747,2025-01-01T19:57:56.000,2025-01-02T19:57:43.000,HPD,HEAT/HOT WATER,BROOKLYN,Closed
63585854,2025-01-01T19:58:00.000,2025-01-02T17:12:21.000,NYPD,Noise - Residential,BRONX,Closed
63592701,2025-01-01T19:58:01.000,2025-01-02T16:06:49.000,HPD,HEAT/HOT WATER,MANHATTAN,Closed
63593913,2025-01-01T19:58:01.000,2025-01-02T16:06:49.000,HPD,HEAT/HOT WATER,MANHATTAN,Closed
63594548,2025-01-01T19:58:08.000,2025-01-01T21:36:42.000,NYPD,Illegal Parking,QUEENS,Closed
63590956,2025-01-01T19:58:14.000,2025-01-02T03:46:51.000,NYPD,Noise - Residential,MANHATTAN,Closed
63586920,2025-01-01T19:58:38.000,2025-01-02T17:12:20.000,NYPD,Noise - Residential,BRONX,Closed
63591829,2025-01-01T19:59:00.000,2025-01-02T12:03:00.000,DEP,Air Quality,QUEENS,Closed
63594277,2025-01-01T19:59:08.000,2025-01-01T20:54:30.000,NYPD,Illegal Parking,BROOKLYN,Closed
63587770,2025-01-01T19:59:16.000,2025-01-02T09:36:50.000,DCWP,Consumer Complaint,MANHATTAN,Closed
63594833,2025-01-01T19:59:16.000,2025-01-02T17:06:29.000,NYPD,Noise - Residential,BRONX,Closed
63587387,2025-01-01T19:59:29.000,2026-01-27T12:31:40.000,DOT,Sidewalk Condition,BRONX,Closed
63588727,2025-01-01T19:59:32.000,2025-01-01T20:28:44.000,NYPD,Noise - Street/Sidewalk,MANHATTAN,Closed
63589939,2025-01-01T19:59:46.000,2025-01-01T21:38:35.000,NYPD,Noise - Residential,BRONX,Closed
63595585,2025-01-01T19:59:52.000,2025-01-02T00:00:00.000,DOB,Real Time Enforcement,MANHATTAN,Closed
63588566,2025-01-01T19:59:58.000,2025-01-02T17:10:39.000,NYPD,Noise - Residential,BRONX,Closed
63592055,2025-01-01T20:00:32.000,2025-01-02T05:49:09.000,NYPD,Illegal Parking,QUEENS,Closed
63592722,2025-01-01T20:00:58.000,2025-01-03T16:04:43.000,HPD,HEAT/HOT WATER,MANHATTAN,Closed
63592759,2025-01-01T20:01:02.000,2025-01-02T20:05:44.000,HPD,HEAT/HOT WATER,BRONX,Closed
63592214,2025-01-01T20:01:12.000,2025-01-02T17:10:39.000,NYPD,Noise - Residential,BRONX,Closed
63594136,2025-01-01T20:01:22.000,2025-01-01T22:06:00.000,NYPD,Illegal Parking,MANHATTAN,Closed
63590244,2025-01-01T20:01:23.000,2025-01-04T12:34:28.000,HPD,HEAT/HOT WATER,MANHATTAN,Closed
63594469,2025-01-01T20:01:49.000,2025-01-02T05:01:36.000,NYPD,Noise - Residential,BRONX,Closed
63593170,2025-01-01T20:01:51.000,2025-01-03T11:48:43.000,DPR,Damaged Tree,QUEENS,Closed
63588207,2025-01-01T20:02:00.000,2025-01-01T22:30:00.000,DEP,Sewer,BROOKLYN,Closed
63587101,2025-01-01T20:02:00.000,2025-01-03T21:10:00.000,DEP,Water System,BROOKLYN,Closed
63594402,2025-01-01T20:02:25.000,2025-01-02T17:08:00.000,NYPD,Noise - Residential,BRONX,Closed
63591704,2025-01-01T20:03:01.000,2025-01-01T20:27:24.000,NYPD,Illegal Parking,STATEN ISLAND,Closed
63589141,2025-01-01T20:03:19.000,2025-01-02T05:49:25.000,NYPD,Blocked Driveway,QUEENS,Closed
63595324,2025-01-01T20:03:54.000,2025-01-01T20:27:29.000,NYPD,Illegal Parking,STATEN ISLAND,Closed
63592644,2025-01-01T20:04:03.000,2025-01-02T16:34:55.000,HPD,APPLIANCE,BROOKLYN,Closed
63588914,2025-01-01T20:04:03.000,2025-01-02T16:34:55.000,HPD,HEAT/HOT WATER,BROOKLYN,Closed
63595063,2025-01-01T20:04:03.000,2025-01-02T16:34:55.000,HPD,ELECTRIC,BROOKLYN,Closed
63594032,2025-01-01T20:04:03.000,2025-01-03T19:10:43.000,HPD,PLUMBING,BROOKLYN,Closed
63594066,2025-01-01T20:04:08.000,2025-01-23T06:34:02.000,HPD,UNSANITARY CONDITION,MANHATTAN,Closed
63594118,2025-01-01T20:04:23.000,2025-01-01T20:19:36.000,NYPD,Illegal Parking,BROOKLYN,Closed
63586596,2025-01-01T20:04:36.000,2025-01-02T21:35:38.000,HPD,HEAT/HOT WATER,BROOKLYN,Closed
63586683,2025-01-01T20:04:56.000,2025-01-01T20:35:27.000,NYPD,Illegal Parking,MANHATTAN,Closed
63593249,2025-01-01T20:05:32.000,2025-01-02T10:56:45.000,DPR,Damaged Tree,BRONX,Closed
63588154,2025-01-01T20:05:39.000,2025-01-06T17:58:19.000,DSNY,Litter Basket Request,BROOKLYN,Closed
63592986,2025-01-01T20:05:52.000,2025-01-01T22:05:38.000,NYPD,Illegal Parking,BRONX,Closed
63607203,2025-01-01T20:05:53.000,2025-01-02T00:00:00.000,DOB,Real Time Enforcement,MANHATTAN,Closed
63590467,2025-01-01T20:06:13.000,2025-01-01T21:33:19.000,NYPD,Blocked Driveway,BROOKLYN,Closed
63590295,2025-01-01T20:06:13.000,2025-01-01T21:33:14.000,NYPD,Blocked Driveway,BROOKLYN,Closed
63591694,2025-01-01T20:06:40.000,2025-01-01T20:14:02.000,NYPD,Illegal Parking,BROOKLYN,Closed
63588151,2025-01-01T20:06:42.000,2025-01-02T12:49:30.000,DSNY,Dirty Condition,MANHATTAN,Closed
63591623,2025-01-01T20:06:45.000,2025-01-01T21:05:32.000,NYPD,Illegal Parking,BRONX,Closed
63593837,2025-01-01T20:06:53.000,2025-01-01T20:27:21.000,NYPD,Noise - Vehicle,MANHATTAN,Closed
63594550,2025-01-01T20:06:59.000,2025-01-02T10:56:45.000,DPR,Damaged Tree,BRONX,Closed
63588920,2025-01-01T20:07:02.000,2025-01-03T19:31:22.000,HPD,HEAT/HOT WATER,BROOKLYN,Closed
63592669,2025-01-01T20:07:03.000,2025-01-02T13:17:42.000,HPD,HEAT/HOT WATER,BRONX,Closed
63591856,2025-01-01T20:07:04.000,2025-01-02T09:40:08.000,DPR,Damaged Tree,BROOKLYN,Closed
63594981,2025-01-01T20:07:04.000,2025-01-01T21:09:38.000,NYPD,Noise - Residential,MANHATTAN,Closed
63592736,2025-01-01T20:07:23.000,2025-01-03T18:29:51.000,HPD,HEAT/HOT WATER,BRONX,Closed
63587065,2025-01-01T20:08:44.000,2025-01-01T20:08:44.000,DOHMH,Unleashed Dog,BRONX,Closed
63605224,2025-01-01T20:09:00.000,2025-01-02T07:49:00.000,DSNY,Derelict Vehicles,BRONX,Closed
63592618,2025-01-01T20:09:18.000,2025-01-01T22:36:17.000,NYPD,Noise - Residential,STATEN ISLAND,Closed
63595362,2025-01-01T20:09:18.000,2025-01-01T21:05:59.000,NYPD,Illegal Parking,BRONX,Closed
63592336,2025-01-01T20:09:37.000,2025-01-06T09:42:36.000,DOT,Street Condition,MANHATTAN,Closed
63594211,2025-01-01T20:09:46.000,2025-01-02T14:35:20.000,DOT,Highway Condition,STATEN ISLAND,Closed
63595233,2025-01-01T20:09:53.000,2025-01-02T00:44:06.000,NYPD,Blocked Driveway,BROOKLYN,Closed
63586785,2025-01-01T20:10:16.000,2025-01-01T20:57:59.000,NYPD,Illegal Parking,BROOKLYN,Closed
63590235,2025-01-01T20:10:26.000,2025-01-02T19:57:43.000,HPD,HEAT/HOT WATER,BROOKLYN,Closed
63587744,2025-01-01T20:10:41.000,2025-01-03T09:24:08.000,HPD,HEAT/HOT WATER,BROOKLYN,Closed
63590250,2025-01-01T20:10:56.000,2025-01-02T11:38:02.000,HPD,HEAT/HOT WATER,MANHATTAN,Closed
63588256,2025-01-01T20:11:00.000,2025-01-02T10:05:00.000,DEP,Sewer,STATEN ISLAND,Closed
63586486,2025-01-01T20:11:29.000,2025-01-01T22:13:33.000,NYPD,Blocked Driveway,QUEENS,Closed
63594625,2025-01-01T20:11:38.000,2025-01-02T05:00:03.000,NYPD,Illegal Parking,QUEENS,Closed
63601504,2025-01-01T20:12:01.000,2025-01-02T00:00:00.000,DOB,Real Time Enforcement,MANHATTAN,Closed
63590007,2025-01-01T20:12:05.000,2025-01-01T22:12:00.000,NYPD,Noise - Residential,MANHATTAN,Closed
63594380,2025-01-01T20:12:56.000,2025-04-09T07:41:19.000,TLC,Taxi Complaint,BROOKLYN,Closed
63608762,2025-01-01T20:13:00.000,2025-01-02T07:49:00.000,DSNY,Derelict Vehicles,BRONX,Closed
63589218,2025-01-01T20:13:02.000,2025-01-01T20:13:45.000,NYPD,Illegal Parking,BROOKLYN,Closed
63587988,2025-01-01T20:13:16.000,2025-01-01T22:24:32.000,NYPD,Illegal Parking,QUEENS,Closed
63594534,2025-01-01T20:13:18.000,2025-01-02T17:04:54.000,NYPD,Noise - Residential,BRONX,Closed
63589733,2025-01-01T20:13:29.000,2025-01-01T20:34:12.000,NYPD,Noise - Residential,BRONX,Closed
63593394,2025-01-01T20:13:33.000,2025-01-02T17:12:18.000,NYPD,Noise - Residential,BRONX,Closed
63590184,2025-01-01T20:13:53.000,2025-01-03T19:18:59.000,HPD,HEAT/HOT WATER,MANHATTAN,Closed
63590888,2025-01-01T20:14:06.000,2025-01-02T17:09:06.000,NYPD,Noise - Residential,BRONX,Closed
63588282,2025-01-01T20:14:11.000,2025-01-02T17:09:07.000,NYPD,Noise - Residential,BRONX,Closed
63588119,2025-01-01T20:14:15.000,2025-01-02T13:18:41.000,DPR,Damaged Tree,STATEN ISLAND,Closed
63587889,2025-01-01T20:14:45.000,2025-01-02T09:10:06.000,NYPD,Blocked Driveway,QUEENS,Closed
63586070,2025-01-01T20:14:50.000,2025-01-02T17:03:04.000,NYPD,Noise - Residential,BRONX,Closed
63586968,2025-01-01T20:14:54.000,2025-01-02T17:10:42.000,NYPD,Noise - Residential,BRONX,Closed
63590605,2025-01-01T20:15:00.000,2025-01-02T14:03:00.000,DOT,Street Light Condition,BRONX,Closed
63601536,2025-01-01T20:15:16.000,2025-01-02T00:00:00.000,DOB,Real Time Enforcement,MANHATTAN,Closed
63590781,2025-01-01T20:15:27.000,2025-01-02T17:12:20.000,NYPD,Noise - Residential,BRONX,Closed
63586707,2025-01-01T20:15:28.000,2025-01-01T21:43:35.000,NYPD,Illegal Parking,STATEN ISLAND,Closed
63593311,2025-01-01T20:15:44.000,2025-01-02T17:07:58.000,NYPD,Noise - Residential,BRONX,Closed
63586281,2025-01-01T20:15:55.000,2025-01-01T21:11:35.000,NYPD,Noise - Residential,BRONX,Closed
63591925,2025-01-01T20:16:07.000,2025-01-02T17:09:06.000,NYPD,Noise - Residential,BRONX,Closed
63593184,2025-01-01T20:16:10.000,2025-01-02T05:58:52.000,NYPD,Illegal Parking,BRONX,Closed
63591759,2025-01-01T20:16:37.000,2025-01-01T20:17:53.000,NYPD,Illegal Parking,BROOKLYN,Closed
63588244,2025-01-01T20:16:43.000,2025-01-02T17:10:38.000,NYPD,Noise - Residential,BRONX,Closed
63593911,2025-01-01T20:16:54.000,2025-01-02T14:07:27.000,HPD,HEAT/HOT WATER,QUEENS,Closed
63588926,2025-01-01T20:16:59.000,2025-01-02T08:42:28.000,HPD,HEAT/HOT WATER,BRONX,Closed
63589365,2025-01-01T20:17:00.000,2025-01-06T21:51:00.000,DEP,Noise,BRONX,Closed
63588398,2025-01-01T20:17:00.000,2025-01-01T20:33:00.000,DEP,Water System,BROOKLYN,Closed
63587833,2025-01-01T20:17:04.000,2025-01-02T18:24:15.000,HPD,HEAT/HOT WATER,BRONX,Closed
63588976,2025-01-01T20:17:04.000,2025-01-02T18:24:14.000,HPD,HEAT/HOT WATER,BRONX,Closed
63593226,2025-01-01T20:17:21.000,2025-01-02T17:08:06.000,NYPD,Noise - Residential,BRONX,Closed
63590582,2025-01-01T20:17:23.000,2025-01-01T20:32:33.000,NYPD,Noise - Vehicle,BROOKLYN,Closed
63594264,2025-01-01T20:17:23.000,2025-01-01T22:25:56.000,NYPD,Illegal Parking,QUEENS,Closed
63586480,2025-01-01T20:17:28.000,2025-01-01T21:34:13.000,NYPD,Blocked Driveway,BRONX,Closed
63588432,2025-01-01T20:17:59.000,2025-01-02T17:03:03.000,NYPD,Noise - Residential,BRONX,Closed
63589958,2025-01-01T20:18:37.000,2025-01-02T17:03:04.000,NYPD,Noise - Residential,BRONX,Closed
63585610,2025-01-01T20:18:47.000,2025-01-09T08:13:43.000,DOT,Outdoor Dining,QUEENS,Closed
63594081,2025-01-01T20:19:14.000,2025-01-01T21:47:39.000,NYPD,Blocked Driveway,QUEENS,Closed
63588336,2025-01-01T20:19:15.000,2025-01-02T17:04:51.000,NYPD,Noise - Residential,BRONX,Closed
63592286,2025-01-01T20:19:16.000,2025-01-03T12:30:25.000,DOT,Sidewalk Condition,BRONX,Closed
63592090,2025-01-01T20:19:54.000,2025-01-02T17:06:29.000,NYPD,Noise - Residential,BRONX,Closed
63597934,2025-01-01T20:20:00.000,2025-01-02T11:44:00.000,DSNY,Derelict Vehicles,BRONX,Closed
63595161,2025-01-01T20:20:03.000,2025-01-02T18:20:37.000,HPD,HEAT/HOT WATER,BRONX,Closed
63591441,2025-01-01T20:20:04.000,2025-01-04T10:14:23.000,HPD,HEAT/HOT WATER,MANHATTAN,Closed
63588910,2025-01-01T20:20:04.000,2025-01-04T10:14:23.000,HPD,HEAT/HOT WATER,MANHATTAN,Closed
63589084,2025-01-01T20:20:18.000,2025-01-01T21:11:29.000,NYPD,Blocked Driveway,BROOKLYN,Closed
63587118,2025-01-01T20:20:32.000,2025-01-02T17:09:06.000,NYPD,Noise - Residential,BRONX,Closed
63594545,2025-01-01T20:20:39.000,2025-01-01T20:55:53.000,NYPD,Illegal Parking,BROOKLYN,Closed
63593005,2025-01-01T20:20:47.000,2025-01-01T21:29:52.000,NYPD,Illegal Parking,BROOKLYN,Closed
63590159,2025-01-01T20:21:09.000,2025-01-02T15:15:32.000,HPD,HEAT/HOT WATER,BRONX,Closed
63594050,2025-01-01T20:21:09.000,2025-01-02T01:28:42.000,NYPD,Blocked Driveway,BRONX,Closed
63594415,2025-01-01T20:21:10.000,2025-01-02T17:07:59.000,NYPD,Noise - Residential,BRONX,Closed
63595187,2025-01-01T20:21:11.000,2025-01-04T17:14:27.000,HPD,HEAT/HOT WATER,MANHATTAN,Closed
63601642,2025-01-01T20:21:18.000,2025-01-02T00:00:00.000,DOB,Real Time Enforcement,MANHATTAN,Closed
63589744,2025-01-01T20:21:48.000,2025-01-02T17:04:50.000,NYPD,Noise - Residential,BRONX,Closed
63607165,2025-01-01T20:22:00.000,2025-01-02T08:00:00.000,DSNY,Derelict Vehicles,BRONX,Closed
63585661,2025-01-01T20:22:07.000,2025-01-02T02:48:18.000,NYPD,Illegal Parking,BRONX,Closed
63586092,2025-01-01T20:22:26.000,2025-01-02T17:03:04.000,NYPD,Noise - Residential,BRONX,Closed
63591535,2025-01-01T20:22:40.000,2025-01-02T05:49:44.000,NYPD,Blocked Driveway,QUEENS,Closed
63592421,2025-01-01T20:22:54.000,2025-01-03T12:31:43.000,DOT,Street Condition,BRONX,Closed
63595422,2025-01-01T20:23:00.000,2025-01-02T20:56:00.000,DEP,Noise,QUEENS,Closed
63592813,2025-01-01T20:23:04.000,2025-04-17T08:25:19.000,HPD,UNSANITARY CONDITION,MANHATTAN,Closed
63588243,2025-01-01T20:23:05.000,2025-01-02T17:10:40.000,NYPD,Noise - Residential,BRONX,Closed
63593253,2025-01-01T20:23:24.000,2025-01-02T07:10:31.000,DSNY,Dirty Condition,BRONX,Closed
63594623,2025-01-01T20:23:30.000,2025-01-02T04:03:37.000,NYPD,Illegal Parking,QUEENS,Closed
63589822,2025-01-01T20:23:42.000,2025-01-02T17:09:06.000,NYPD,Noise - Residential,BRONX,Closed
63588514,2025-01-01T20:23:50.000,2025-01-02T03:51:11.000,NYPD,Noise - Vehicle,MANHATTAN,Closed
63603348,2025-01-01T20:24:18.000,2025-01-02T00:00:00.000,DOB,Real Time Enforcement,MANHATTAN,Closed
63588270,2025-01-01T20:24:21.000,2025-01-02T17:09:07.000,NYPD,Noise - Residential,BRONX,Closed
63589298,2025-01-01T20:24:36.000,2025-01-04T11:18:03.000,HPD,UNSANITARY CONDITION,BRONX,Closed
63591688,2025-01-01T20:24:55.000,2025-01-02T12:52:30.000,DSNY,Residential Disposal Complaint,QUEENS,Closed
63591571,2025-01-01T20:24:56.000,2025-01-02T03:47:29.000,NYPD,Blocked Driveway,QUEENS,Closed
63587410,2025-01-01T20:24:59.000,2025-01-02T17:04:48.000,NYPD,Noise - Residential,BRONX,Closed
63593893,2025-01-01T20:25:04.000,2025-01-02T20:27:35.000,HPD,HEAT/HOT WATER,BRONX,Closed
63588965,2025-01-01T20:25:07.000,2025-01-02T20:50:57.000,HPD,HEAT/HOT WATER,BROOKLYN,Closed
63588780,2025-01-01T20:25:11.000,2025-01-01T22:24:12.000,NYPD,Noise - Street/Sidewalk,BROOKLYN,Closed
63595331,2025-01-01T20:25:12.000,2025-01-02T15:10:23.000,DSNY,Obstruction,BROOKLYN,Closed
63587487,2025-01-01T20:25:19.000,2025-01-01T22:22:00.000,NYPD,Noise - Residential,STATEN ISLAND,Closed
63591642,2025-01-01T20:25:30.000,2025-01-01T23:11:50.000,NYPD,Illegal Parking,BROOKLYN,Closed
63594611,2025-01-01T20:25:37.000,2025-01-02T17:07:58.000,NYPD,Noise - Residential,BRONX,Closed
63586698,2025-01-01T20:25:58.000,2025-01-01T22:33:36.000,NYPD,Illegal Parking,QUEENS,Closed
63594058,2025-01-01T20:26:00.000,2025-01-07T10:22:00.000,DEP,Water Quality,BROOKLYN,Closed
63588867,2025-01-01T20:26:09.000,2025-01-06T10:20:08.000,HPD,GENERAL,MANHATTAN,Closed
63593248,2025-01-01T20:26:15.000,2025-01-02T17:09:07.000,NYPD,Noise - Residential,BRONX,Closed
63585624,2025-01-01T20:26:25.000,2025-01-03T12:36:20.000,DSNY,Illegal Dumping,BRONX,Closed
63589321,2025-01-01T20:26:33.000,2025-01-12T17:36:53.000,HPD,UNSANITARY CONDITION,BROOKLYN,Closed
63592591,2025-01-01T20:26:46.000,2025-01-01T20:29:13.000,NYPD,Non-Emergency Police Matter,QUEENS,Closed
63592559,2025-01-01T20:26:49.000,2025-01-01T22:53:16.000,NYPD,Noise - Street/Sidewalk,MANHATTAN,Closed
63589572,2025-01-01T20:26:53.000,2025-01-02T17:09:05.000,NYPD,Noise - Residential,BRONX,Closed
63605490,2025-01-01T20:27:19.000,2025-01-02T00:00:00.000,DOB,General Construction/Plumbing,MANHATTAN,Closed
63587275,2025-01-01T20:27:31.000,2025-01-02T17:06:33.000,NYPD,Noise - Residential,BRONX,Closed
63595041,2025-01-01T20:27:32.000,2025-01-01T22:22:34.000,NYPD,Noise - Street/Sidewalk,MANHATTAN,Closed
63593761,2025-01-01T20:27:38.000,2025-01-01T21:14:42.000,NYPD,Noise - Residential,BROOKLYN,Closed
63673976,2025-01-01T20:28:00.000,2025-01-07T12:07:00.000,DSNY,Derelict Vehicles,QUEENS,Closed
63595430,2025-01-01T20:28:04.000,2025-01-01T20:57:12.000,NYPD,Illegal Parking,BROOKLYN,Closed
63593207,2025-01-01T20:28:06.000,2025-01-11T18:13:18.000,DOHMH,Mobile Food Vendor,MANHATTAN,Closed
63592220,2025-01-01T20:28:11.000,2025-01-02T17:06:27.000,NYPD,Noise - Residential,BRONX,Closed
63592902,2025-01-01T20:28:14.000,2025-01-01T22:06:00.000,NYPD,Non-Emergency Police Matter,MANHATTAN,Closed
63586300,2025-01-01T20:28:18.000,2025-01-01T21:08:51.000,NYPD,Noise - Residential,MANHATTAN,Closed
63586527,2025-01-01T20:28:25.000,2025-01-01T20:51:06.000,NYPD,Blocked Driveway,QUEENS,Closed
63590854,2025-01-01T20:28:49.000,2025-01-02T17:06:28.000,NYPD,Noise - Residential,BRONX,Closed
63587571,2025-01-01T20:28:56.000,2025-01-01T20:33:13.000,NYPD,Noise - Residential,BRONX,Closed
63589344,2025-01-01T20:29:11.000,2025-01-01T21:43:05.000,NYPD,Illegal Parking,QUEENS,Closed
63595202,2025-01-01T20:29:12.000,2025-01-16T05:03:04.000,HPD,UNSANITARY CONDITION,BRONX,Closed
63589330,2025-01-01T20:29:15.000,2025-03-31T08:19:41.000,HPD,UNSANITARY CONDITION,MANHATTAN,Closed
63588067,2025-01-01T20:29:15.000,2025-03-31T08:19:41.000,HPD,UNSANITARY CONDITION,MANHATTAN,Closed
63595139,2025-01-01T20:29:17.000,2025-01-02T09:59:44.000,HPD,HEAT/HOT WATER,BRONX,Closed
63594651,2025-01-01T20:29:26.000,2025-01-02T17:12:25.000,NYPD,Noise - Residential,BRONX,Closed
63586843,2025-01-01T20:29:29.000,2025-02-05T16:39:37.000,HPD,UNSANITARY CONDITION,BROOKLYN,Closed
63590345,2025-01-01T20:29:29.000,2025-01-02T05:50:00.000,NYPD,Blocked Driveway,QUEENS,Closed
63593987,2025-01-01T20:29:32.000,2025-01-05T13:43:52.000,HPD,PLUMBING,BROOKLYN,Closed
63587675,2025-01-01T20:29:35.000,2025-01-02T16:20:10.000,HPD,HEAT/HOT WATER,BRONX,Closed
63594308,2025-01-01T20:29:35.000,2025-01-01T20:29:35.000,DOT,Street Condition,MANHATTAN,Closed
63589721,2025-01-01T20:29:48.000,2025-01-01T21:36:07.000,NYPD,Illegal Parking,QUEENS,Closed
63589627,2025-01-01T20:30:00.000,2025-01-11T13:20:00.000,DOT,Street Light Condition,BROOKLYN,Closed
63594407,2025-01-01T20:30:04.000,2025-01-02T17:12:21.000,NYPD,Noise - Residential,BRONX,Closed
63595034,2025-01-01T20:30:07.000,2025-01-02T00:34:58.000,NYPD,Noise - Street/Sidewalk,QUEENS,Closed
63595573,2025-01-01T20:30:19.000,2025-01-02T00:00:00.000,DOB,Real Time Enforcement,MANHATTAN,Closed
63590461,2025-01-01T20:30:26.000,2025-01-01T21:57:56.000,NYPD,Illegal Parking,BROOKLYN,Closed
63595003,2025-01-01T20:30:30.000,2025-01-01T21:08:37.000,NYPD,Noise - Residential,MANHATTAN,Closed
63594401,2025-01-01T20:30:44.000,2025-01-02T17:07:57.000,NYPD,Noise - Residential,BRONX,Closed
63594357,2025-01-01T20:31:14.000,2025-01-03T16:27:56.000,DSNY,Illegal Dumping,BROOKLYN,Closed
63594249,2025-01-01T20:31:27.000,2025-01-01T21:30:44.000,NYPD,Illegal Parking,QUEENS,Closed
63594733,2025-01-01T20:31:31.000,2025-01-03T15:10:23.000,NYPD,Encampment,BRONX,Closed
63587117,2025-01-01T20:31:59.000,2025-01-02T17:09:06.000,NYPD,Noise - Residential,BRONX,Closed
63595142,2025-01-01T20:32:17.000,2025-01-03T18:44:46.000,HPD,HEAT/HOT WATER,QUEENS,Closed
63587817,2025-01-01T20:32:21.000,2025-01-02T14:31:47.000,HPD,HEAT/HOT WATER,MANHATTAN,Closed
63589616,2025-01-01T20:32:37.000,2025-01-02T17:10:42.000,NYPD,Noise - Residential,BRONX,Closed
63592753,2025-01-01T20:32:41.000,2025-01-02T18:22:10.000,HPD,HEAT/HOT WATER,BRONX,Closed
63586832,2025-01-01T20:32:43.000,2025-01-23T05:03:04.000,HPD,UNSANITARY CONDITION,MANHATTAN,Closed
63595043,2025-01-01T20:32:43.000,2025-01-23T05:03:04.000,HPD,FLOORING/STAIRS,MANHATTAN,Closed
63592760,2025-01-01T20:32:48.000,2025-01-03T14:33:17.000,HPD,HEAT/HOT WATER,BROOKLYN,Closed
63594628,2025-01-01T20:33:08.000,2025-01-02T10:33:53.000,NYPD,Noise - Residential,QUEENS,Closed
63588673,2025-01-01T20:33:09.000,2025-01-01T21:39:32.000,NYPD,Noise - Residential,BRONX,Closed
63589416,2025-01-01T20:33:14.000,2025-01-02T17:06:29.000,NYPD,Noise - Residential,BRONX,Closed
63608724,2025-01-01T20:33:20.000,2025-01-08T00:00:00.000,DOB,Boilers,MANHATTAN,Closed
63591454,2025-01-01T20:33:27.000,2025-01-02T15:27:57.000,HPD,HEAT/HOT WATER,BRONX,Closed
63588062,2025-01-01T20:33:39.000,2025-01-01T22:05:47.000,NYPD,Drug Activity,MANHATTAN,Closed
63591047,2025-01-01T20:33:53.000,2025-01-02T17:04:54.000,NYPD,Noise - Residential,BRONX,Closed
63586768,2025-01-01T20:34:11.000,2025-01-01T22:24:18.000,NYPD,Illegal Parking,QUEENS,Closed
63591961,2025-01-01T20:34:31.000,2025-01-02T17:08:06.000,NYPD,Noise - Residential,BRONX,Closed
63586700,2025-01-01T20:34:57.000,2025-01-01T23:59:31.000,NYPD,Illegal Parking,BROOKLYN,Closed
63590784,2025-01-01T20:35:02.000,2025-01-02T05:23:34.000,NYPD,Noise - Residential,MANHATTAN,Closed
63590886,2025-01-01T20:35:09.000,2025-01-02T17:09:05.000,NYPD,Noise - Residential,BRONX,Closed
63587080,2025-01-01T20:35:47.000,2025-01-02T17:04:50.000,NYPD,Noise - Residential,BRONX,Closed
63586528,2025-01-01T20:35:51.000,2025-01-01T22:07:15.000,NYPD,Blocked Driveway,STATEN ISLAND,Closed
63592962,2025-01-01T20:35:53.000,2025-01-01T22:39:42.000,NYPD,Traffic,QUEENS,Closed
63588109,2025-01-01T20:35:54.000,2025-01-03T14:33:51.000,DSNY,Illegal Dumping,QUEENS,Closed
63595350,2025-01-01T20:36:02.000,2025-01-01T23:29:29.000,NYPD,Illegal Parking,BRONX,Closed
63591550,2025-01-01T20:36:07.000,2025-01-01T22:51:48.000,NYPD,Blocked Driveway,QUEENS,Closed
63586523,2025-01-01T20:36:24.000,2025-01-23T06:34:07.000,HPD,FLOORING/STAIRS,BROOKLYN,Closed
63593981,2025-01-01T20:36:24.000,2025-01-23T06:34:07.000,HPD,PAINT/PLASTER,BROOKLYN,Closed
63585827,2025-01-01T20:36:25.000,2025-01-02T17:10:44.000,NYPD,Noise - Residential,BRONX,Closed
63590076,2025-01-01T20:36:46.000,2025-01-01T20:57:49.000,NYPD,Noise - Residential,BRONX,Closed
63591646,2025-01-01T20:36:46.000,2025-01-01T20:36:46.000,DOT,Street Condition,STATEN ISLAND,Closed
63592965,2025-01-01T20:36:48.000,2025-01-01T21:54:27.000,NYPD,Illegal Parking,BROOKLYN,Closed
63592449,2025-01-01T20:36:49.000,2025-01-01T21:32:42.000,NYPD,Noise - Residential,BRONX,Closed
63593434,2025-01-01T20:37:03.000,2025-01-02T17:03:03.000,NYPD,Noise - Residential,BRONX,Closed
63594788,2025-01-01T20:37:41.000,2025-01-02T17:04:53.000,NYPD,Noise - Residential,BRONX,Closed
63595283,2025-01-01T20:37:46.000,2025-01-01T23:12:50.000,NYPD,Blocked Driveway,BRONX,Closed
63586828,2025-01-01T20:37:52.000,2025-01-01T22:37:33.000,NYPD,Drug Activity,QUEENS,Closed
63585633,2025-01-01T20:38:00.000,2025-01-03T14:22:00.000,DEP,Lead,BROOKLYN,Closed
63593143,2025-01-01T20:38:00.000,2025-01-01T20:51:00.000,DEP,Water System,QUEENS,Closed
63593460,2025-01-01T20:38:19.000,2025-01-02T17:10:42.000,NYPD,Noise - Residential,BRONX,Closed
63594080,2025-01-01T20:38:23.000,2025-01-01T21:12:25.000,NYPD,Blocked Driveway,QUEENS,Closed
63587097,2025-01-01T20:38:27.000,2025-01-02T01:19:40.000,NYPD,Illegal Parking,QUEENS,Closed
63586672,2025-01-01T20:38:36.000,2025-01-01T22:38:05.000,NYPD,Traffic,QUEENS,Closed
63586286,2025-01-01T20:38:50.000,2025-01-01T21:44:13.000,NYPD,Noise - Residential,BROOKLYN,Closed
63594094,2025-01-01T20:38:53.000,2025-01-01T21:17:20.000,NYPD,Blocked Driveway,QUEENS,Closed
63588267,2025-01-01T20:38:57.000,2025-01-02T17:12:19.000,NYPD,Noise - Residential,BRONX,Closed
63587517,2025-01-01T20:38:59.000,2025-01-01T21:10:00.000,NYPD,Noise - Residential,STATEN ISLAND,Closed
63599617,2025-01-01T20:39:00.000,2025-01-02T12:35:00.000,DSNY,Derelict Vehicles,QUEENS,Closed
63590098,2025-01-01T20:39:26.000,2025-01-27T07:34:25.000,HPD,APPLIANCE,QUEENS,Closed
63586847,2025-01-01T20:39:26.000,2025-01-27T07:34:25.000,HPD,WATER LEAK,QUEENS,Closed
63593956,2025-01-01T20:39:28.000,2025-01-02T10:13:05.000,HPD,HEAT/HOT WATER,BRONX,Closed
63590355,2025-01-01T20:39:34.000,2025-01-30T14:43:47.000,HPD,PAINT/PLASTER,MANHATTAN,Closed
63586522,2025-01-01T20:39:34.000,2025-01-30T14:43:47.000,HPD,GENERAL,MANHATTAN,Closed
63589331,2025-01-01T20:39:34.000,2025-01-30T14:43:47.000,HPD,DOOR/WINDOW,MANHATTAN,Closed
63590595,2025-01-01T20:39:34.000,2025-01-30T14:43:48.000,HPD,WATER LEAK,MANHATTAN,Closed
63595194,2025-01-01T20:39:34.000,2025-01-30T14:43:48.000,HPD,UNSANITARY CONDITION,MANHATTAN,Closed
63590312,2025-01-01T20:39:46.000,2025-01-02T00:45:49.000,NYPD,Abandoned Vehicle,BROOKLYN,Closed
63589194,2025-01-01T20:39:47.000,2025-01-01T21:28:05.000,NYPD,Illegal Parking,QUEENS,Closed
63592869,2025-01-01T20:39:51.000,2025-01-01T23:15:14.000,NYPD,Abandoned Vehicle,BRONX,Closed
63590192,2025-01-01T20:39:57.000,2025-01-03T18:29:17.000,HPD,HEAT/HOT WATER,BRONX,Closed
63595332,2025-01-01T20:40:16.000,2025-01-01T23:08:52.000,NYPD,Illegal Parking,BROOKLYN,Closed
63595348,2025-01-01T20:40:21.000,2025-01-01T20:57:32.000,NYPD,Illegal Parking,BROOKLYN,Closed
63585886,2025-01-01T20:40:58.000,2025-01-02T02:34:06.000,NYPD,Noise - Residential,MANHATTAN,Closed
63586022,2025-01-01T20:41:00.000,2025-01-02T01:20:00.000,DEP,Water System,MANHATTAN,Closed
63588045,2025-01-01T20:41:04.000,2025-01-01T22:04:24.000,NYPD,Illegal Parking,QUEENS,Closed
63595313,2025-01-01T20:41:19.000,2025-01-01T23:52:58.000,NYPD,Illegal Parking,BROOKLYN,Closed
63592456,2025-01-01T20:42:10.000,2025-01-01T22:25:33.000,NYPD,Noise - Residential,QUEENS,Closed
63594997,2025-01-01T20:42:22.000,2025-01-01T21:12:52.000,NYPD,Noise - Residential,MANHATTAN,Closed
63601153,2025-01-01T20:42:35.000,2025-01-02T00:00:00.000,DOB,Elevator,MANHATTAN,Closed
63590365,2025-01-01T20:42:40.000,2025-01-01T22:17:45.000,NYPD,Blocked Driveway,QUEENS,Closed
63588930,2025-01-01T20:42:40.000,2025-01-02T20:50:57.000,HPD,HEAT/HOT WATER,BROOKLYN,Closed
63585665,2025-01-01T20:43:10.000,2025-01-02T12:54:47.000,DSNY,Obstruction,QUEENS,Closed
63590498,2025-01-01T20:43:20.000,2025-01-01T21:44:42.000,NYPD,Noise - Residential,BROOKLYN,Closed
63587775,2025-01-01T20:43:31.000,2025-01-02T06:01:24.000,NYPD,Illegal Parking,QUEENS,Closed
63591521,2025-01-01T20:43:43.000,2025-01-02T08:16:50.000,DPR,Overgrown Tree/Branches,QUEENS,Closed
63588525,2025-01-01T20:44:00.000,2025-01-07T10:15:00.000,DEP,Water System,MANHATTAN,Closed
63590629,2025-01-01T20:44:00.000,2025-01-02T12:03:00.000,DEP,Noise,BROOKLYN,Closed
63586027,2025-01-01T20:44:00.000,2025-01-01T20:51:00.000,DEP,Water System,QUEENS,Closed
63587986,2025-01-01T20:44:01.000,2025-01-01T21:57:57.000,NYPD,Illegal Parking,BROOKLYN,Closed
63595232,2025-01-01T20:44:12.000,2025-01-01T21:20:15.000,NYPD,Blocked Driveway,BROOKLYN,Closed
63586192,2025-01-01T20:44:32.000,2025-01-03T08:30:50.000,DOT,Street Condition,BROOKLYN,Closed
63589730,2025-01-01T20:44:48.000,2025-01-02T01:04:01.000,NYPD,Illegal Parking,BROOKLYN,Closed
63591641,2025-01-01T20:44:49.000,2025-01-01T21:57:42.000,NYPD,Illegal Parking,BROOKLYN,Closed
63591711,2025-01-01T20:44:50.000,2025-01-01T21:08:13.000,NYPD,Noise - Residential,BROOKLYN,Closed
63591277,2025-01-01T20:44:50.000,2025-01-01T21:04:56.000,NYPD,Noise - Residential,MANHATTAN,Closed
63586321,2025-01-01T20:44:56.000,2025-01-01T21:07:23.000,NYPD,Noise - Residential,BROOKLYN,Closed
63592647,2025-01-01T20:45:44.000,2025-01-19T05:04:06.000,HPD,DOOR/WINDOW,BRONX,Closed
63588876,2025-01-01T20:45:44.000,2025-01-19T05:04:06.000,HPD,DOOR/WINDOW,BRONX,Closed
63595390,2025-01-01T20:46:00.000,2025-01-02T01:35:20.000,NYPD,Abandoned Vehicle,BROOKLYN,Closed
63593995,2025-01-01T20:46:01.000,2025-01-04T13:55:54.000,HPD,HEAT/HOT WATER,MANHATTAN,Closed
63595234,2025-01-01T20:46:02.000,2025-01-02T00:22:33.000,NYPD,Blocked Driveway,QUEENS,Closed
63592410,2025-01-01T20:46:03.000,2025-01-01T21:11:26.000,NYPD,Noise - Residential,BRONX,Closed
63594280,2025-01-01T20:46:22.000,2025-01-01T22:41:07.000,NYPD,Illegal Parking,STATEN ISLAND,Closed
63593163,2025-01-01T20:46:37.000,2025-01-01T21:29:28.000,NYPD,Illegal Parking,BROOKLYN,Closed
63589127,2025-01-01T20:46:38.000,2025-01-01T21:57:39.000,NYPD,Non-Emergency Police Matter,BROOKLYN,Closed
63593301,2025-01-01T20:46:39.000,2025-01-01T20:46:39.000,DOHMH,Rodent,MANHATTAN,Closed
63589774,2025-01-01T20:46:52.000,2025-01-02T00:22:58.000,NYPD,Noise - Residential,QUEENS,Closed
63592973,2025-01-01T20:47:00.000,2025-01-01T22:15:06.000,NYPD,Illegal Parking,BROOKLYN,Closed
63588360,2025-01-01T20:47:00.000,2025-01-02T12:03:00.000,DEP,Air Quality,BROOKLYN,Closed
63589140,2025-01-01T20:47:15.000,2025-01-02T01:59:43.000,NYPD,Blocked Driveway,BRONX,Closed
63594552,2025-01-01T20:47:34.000,2025-01-01T20:47:34.000,DOHMH,Rodent,MANHATTAN,Closed
63590473,2025-01-01T20:47:55.000,2025-01-01T21:51:19.000,NYPD,Illegal Parking,QUEENS,Closed
63594132,2025-01-01T20:48:33.000,2025-01-01T22:11:57.000,NYPD,Animal-Abuse,QUEENS,Closed
63586628,2025-01-01T20:48:46.000,2025-01-03T09:08:17.000,HPD,HEAT/HOT WATER,BRONX,Closed
63586254,2025-01-01T20:48:48.000,2025-01-01T21:09:47.000,NYPD,Noise - Residential,BROOKLYN,Closed
63593978,2025-01-01T20:48:49.000,2025-01-03T06:39:10.000,HPD,HEAT/HOT WATER,QUEENS,Closed
63586459,2025-01-01T20:48:49.000,2025-01-02T00:10:38.000,NYPD,Noise - Vehicle,BROOKLYN,Closed
63594162,2025-01-01T20:48:59.000,2025-01-01T23:29:51.000,NYPD,Illegal Parking,BRONX,Closed
63590286,2025-01-01T20:49:10.000,2025-01-02T15:38:11.000,HPD,HEAT/HOT WATER,BRONX,Closed
63590079,2025-01-01T20:49:22.000,2025-01-01T20:55:31.000,NYPD,Noise - Residential,BROOKLYN,Closed
63594222,2025-01-01T20:49:24.000,2025-01-01T21:19:16.000,NYPD,Blocked Driveway,BROOKLYN,Closed
63594287,2025-01-01T20:49:25.000,2025-01-01T21:46:23.000,NYPD,Illegal Parking,QUEENS,Closed
63594384,2025-01-01T20:49:26.000,2025-01-02T04:28:46.000,NYPD,Illegal Parking,QUEENS,Closed
63590078,2025-01-01T20:49:44.000,2025-01-02T00:28:59.000,NYPD,Noise - Residential,QUEENS,Closed
63590949,2025-01-01T20:49:51.000,2025-01-02T05:30:27.000,NYPD,Illegal Parking,QUEENS,Closed
63593818,2025-01-01T20:49:57.000,2025-01-01T21:08:10.000,NYPD,Noise - Residential,MANHATTAN,Closed
63586814,2025-01-01T20:50:00.000,2025-01-03T12:27:00.000,DOT,Street Light Condition,QUEENS,Closed
63586737,2025-01-01T20:50:00.000,2025-01-02T19:58:00.000,DEP,Noise,BROOKLYN,Closed
63594151,2025-01-01T20:50:00.000,2025-01-01T23:00:00.000,DOT,Traffic Signal Condition,MANHATTAN,Closed
63588196,2025-01-01T20:50:13.000,2025-03-02T21:11:20.000,DOHMH,Food Establishment,QUEENS,Closed
63588670,2025-01-01T20:50:29.000,2025-01-01T20:55:20.000,NYPD,Noise - Residential,BROOKLYN,Closed
63587823,2025-01-01T20:50:49.000,2025-01-02T01:39:58.000,NYPD,Blocked Driveway,BRONX,Closed
63592925,2025-01-01T20:51:02.000,2025-01-01T21:30:19.000,NYPD,Blocked Driveway,BROOKLYN,Closed
63590952,2025-01-01T20:51:03.000,2025-01-02T02:28:20.000,NYPD,Illegal Parking,QUEENS,Closed
63589260,2025-01-01T20:51:11.000,2025-01-01T22:50:36.000,NYPD,Illegal Parking,QUEENS,Closed
63586754,2025-01-01T20:51:19.000,2025-01-01T22:14:38.000,NYPD,Illegal Parking,QUEENS,Closed
63590456,2025-01-01T20:51:39.000,2025-01-01T20:55:00.000,NYPD,Illegal Parking,BROOKLYN,Closed
63586580,2025-01-01T20:51:40.000,2025-01-03T13:48:03.000,HPD,HEAT/HOT WATER,BRONX,Closed
63589676,2025-01-01T20:51:44.000,2025-01-01T21:17:50.000,NYPD,Illegal Fireworks,BROOKLYN,Closed
63590191,2025-01-01T20:51:49.000,2025-01-02T19:19:04.000,HPD,HEAT/HOT WATER,BRONX,Closed
63592681,2025-01-01T20:51:49.000,2025-01-02T10:13:05.000,HPD,HEAT/HOT WATER,BRONX,Closed
63593918,2025-01-01T20:51:49.000,2025-01-02T12:32:33.000,HPD,HEAT/HOT WATER,BROOKLYN,Closed
63588579,2025-01-01T20:52:03.000,2025-01-01T21:19:00.000,NYPD,Illegal Fireworks,BROOKLYN,Closed
63590229,2025-01-01T20:52:08.000,2025-01-02T19:50:11.000,HPD,HEAT/HOT WATER,BROOKLYN,Closed
63586598,2025-01-01T20:52:13.000,2025-01-02T19:57:52.000,HPD,HEAT/HOT WATER,BROOKLYN,Closed
63586532,2025-01-01T20:52:21.000,2025-01-01T22:16:59.000,NYPD,Blocked Driveway,BRONX,Closed
63590704,2025-01-01T20:52:29.000,2025-01-02T04:25:39.000,NYPD,Illegal Parking,QUEENS,Closed
63590503,2025-01-01T20:52:50.000,2025-01-01T21:26:11.000,NYPD,Illegal Parking,QUEENS,Closed
63592609,2025-01-01T20:52:58.000,2025-01-01T21:50:23.000,NYPD,Noise - Residential,BROOKLYN,Closed
63590406,2025-01-01T20:53:25.000,2025-01-01T23:14:52.000,NYPD,Abandoned Vehicle,BRONX,Closed
63592377,2025-01-01T20:53:29.000,2025-01-01T21:17:22.000,NYPD,Illegal Fireworks,BROOKLYN,Closed
63593160,2025-01-01T20:53:41.000,2025-01-01T20:55:36.000,NYPD,Illegal Parking,BROOKLYN,Closed
63589370,2025-01-01T20:53:44.000,2025-01-02T01:48:14.000,NYPD,Noise - Residential,QUEENS,Closed
63592470,2025-01-01T20:54:07.000,2025-01-01T21:27:16.000,NYPD,Noise - Residential,BROOKLYN,Closed
63594777,2025-01-01T20:54:25.000,2025-01-01T21:15:30.000,NYPD,Noise - Residential,QUEENS,Closed
63586415,2025-01-01T20:54:27.000,2025-01-01T21:55:03.000,NYPD,Noise - Street/Sidewalk,MANHATTAN,Closed
63588130,2025-01-01T20:54:38.000,2025-01-02T06:45:58.000,NYPD,Illegal Parking,BROOKLYN,Closed
63593050,2025-01-01T20:54:38.000,2025-01-01T20:55:19.000,NYPD,Illegal Parking,BROOKLYN,Closed
63589174,2025-01-01T20:54:58.000,2025-01-01T23:18:06.000,NYPD,Blocked Driveway,BROOKLYN,Closed
63591850,2025-01-01T20:55:06.000,2025-01-18T13:02:50.000,DSNY,Litter Basket Request,BROOKLYN,Closed
63590202,2025-01-01T20:55:17.000,2025-01-02T17:06:37.000,HPD,HEAT/HOT WATER,BRONX,Closed
63594123,2025-01-01T20:55:21.000,2025-01-01T22:11:30.000,NYPD,Illegal Parking,QUEENS,Closed
63590542,2025-01-01T20:55:40.000,2025-01-02T00:11:13.000,NYPD,Illegal Parking,BRONX,Closed
63593204,2025-01-01T20:55:48.000,2025-01-02T05:05:21.000,NYPD,Illegal Parking,MANHATTAN,Closed
63591059,2025-01-01T20:56:00.000,2025-01-13T11:35:00.000,DEP,Water System,QUEENS,Closed
63595243,2025-01-01T20:56:11.000,2025-01-04T11:18:03.000,HPD,UNSANITARY CONDITION,BRONX,Closed
63589156,2025-01-01T20:56:13.000,2025-01-01T21:11:13.000,NYPD,Bike/Roller/Skate Chronic,BRONX,Closed
63589142,2025-01-01T20:56:18.000,2025-01-02T02:17:52.000,NYPD,Blocked Driveway,MANHATTAN,Closed
63585727,2025-01-01T20:56:32.000,2025-01-02T04:25:22.000,NYPD,Noise - Residential,BRONX,Closed
63590476,2025-01-01T20:56:38.000,2025-01-01T20:57:30.000,NYPD,Illegal Parking,BROOKLYN,Closed
63589927,2025-01-01T20:56:45.000,2025-01-01T22:24:48.000,NYPD,Noise - Street/Sidewalk,MANHATTAN,Closed
63592546,2025-01-01T20:57:13.000,2025-01-01T21:45:30.000,NYPD,Noise - Residential,BROOKLYN,Closed
63586198,2025-01-01T20:57:26.000,2025-01-02T01:02:55.000,NYPD,Blocked Driveway,BRONX,Closed
63591845,2025-01-01T20:57:48.000,2025-01-02T06:39:18.000,DSNY,Dirty Condition,MANHATTAN,Closed
63588022,2025-01-01T20:57:49.000,2025-01-01T22:12:52.000,NYPD,Illegal Parking,QUEENS,Closed
63591620,2025-01-01T20:57:51.000,2025-01-01T22:29:27.000,NYPD,Illegal Parking,QUEENS,Closed
63589227,2025-01-01T20:57:56.000,2025-01-01T21:15:27.000,NYPD,Illegal Parking,BROOKLYN,Closed
63587899,2025-01-01T20:58:00.000,2025-01-01T21:55:00.000,DOT,Traffic Signal Condition,BRONX,Closed
63592442,2025-01-01T20:58:00.000,2025-01-07T04:05:00.000,DOT,Street Light Condition,MANHATTAN,Closed
63585666,2025-01-01T20:58:04.000,2025-01-02T01:35:20.000,NYPD,Illegal Parking,QUEENS,Closed
63592712,2025-01-01T20:58:14.000,2025-01-02T15:40:34.000,HPD,HEAT/HOT WATER,BRONX,Closed
63591407,2025-01-01T20:58:15.000,2025-01-03T16:20:12.000,HPD,HEAT/HOT WATER,QUEENS,Closed
63590136,2025-01-01T20:58:15.000,2025-01-06T21:39:24.000,HPD,ELECTRIC,BRONX,Closed
63594061,2025-01-01T20:58:15.000,2025-01-06T21:39:24.000,HPD,UNSANITARY CONDITION,BRONX,Closed
63595210,2025-01-01T20:58:15.000,2025-01-06T21:39:24.000,HPD,PAINT/PLASTER,BRONX,Closed
63594018,2025-01-01T20:58:15.000,2025-01-06T21:39:24.000,HPD,UNSANITARY CONDITION,BRONX,Closed
63594103,2025-01-01T20:58:15.000,2025-01-06T21:39:24.000,HPD,UNSANITARY CONDITION,BRONX,Closed
63594323,2025-01-01T20:58:15.000,2025-01-06T21:39:23.000,HPD,WATER LEAK,BRONX,Closed
63593274,2025-01-01T20:58:22.000,2025-01-02T12:54:11.000,DSNY,Obstruction,QUEENS,Closed
63592987,2025-01-01T20:58:24.000,2025-01-01T21:39:27.000,NYPD,Illegal Parking,MANHATTAN,Closed
63593036,2025-01-01T20:59:01.000,2025-01-01T21:14:55.000,NYPD,Illegal Parking,BROOKLYN,Closed
63595260,2025-01-01T20:59:20.000,2025-01-01T21:51:42.000,NYPD,Noise - Vehicle,MANHATTAN,Closed
63593546,2025-01-01T20:59:25.000,2025-01-02T04:03:55.000,NYPD,Noise - Vehicle,MANHATTAN,Closed
63590662,2025-01-01T20:59:52.000,2025-01-01T21:23:23.000,NYPD,Illegal Parking,BROOKLYN,Closed
63589349,2025-01-01T21:00:07.000,2025-01-02T08:56:26.000,DOHMH,Indoor Air Quality,MANHATTAN,Closed
63594124,2025-01-01T21:00:15.000,2025-01-01T21:22:51.000,NYPD,Illegal Parking,BROOKLYN,Closed
63589883,2025-01-01T21:00:22.000,2025-01-01T21:18:43.000,NYPD,Illegal Fireworks,BROOKLYN,Closed
63595391,2025-01-01T21:00:24.000,2025-01-02T01:15:15.000,NYPD,Abandoned Vehicle,BROOKLYN,Closed
63609089,2025-01-01T21:00:39.000,2025-02-13T00:00:00.000,DOB,Building/Use,BRONX,Closed
63588452,2025-01-01T21:00:41.000,2025-01-01T21:00:41.000,DOHMH,Rodent,BROOKLYN,Closed
63594640,2025-01-01T21:01:13.000,2025-01-02T01:42:01.000,NYPD,Noise - Street/Sidewalk,MANHATTAN,Closed
63587436,2025-01-01T21:01:14.000,2025-01-01T21:44:55.000,NYPD,Noise - Residential,BRONX,Closed
63590073,2025-01-01T21:01:49.000,2025-01-01T22:15:32.000,NYPD,Noise - Residential,BRONX,Closed
63591773,2025-01-01T21:01:53.000,2025-01-01T21:49:15.000,NYPD,Illegal Parking,QUEENS,Closed
63593665,2025-01-01T21:02:07.000,2025-01-01T22:50:20.000,NYPD,Noise - Residential,BROOKLYN,Closed
63591666,2025-01-01T21:02:19.000,2025-01-01T21:30:22.000,NYPD,Illegal Parking,QUEENS,Closed
63591668,2025-01-01T21:02:20.000,2025-01-01T23:08:45.000,NYPD,Illegal Parking,BRONX,Closed
63589136,2025-01-01T21:02:44.000,2025-01-01T21:36:08.000,NYPD,Illegal Parking,MANHATTAN,Closed
63593947,2025-01-01T21:02:46.000,2025-01-02T17:11:28.000,HPD,HEAT/HOT WATER,BRONX,Closed
63587962,2025-01-01T21:02:55.000,2025-01-01T21:29:28.000,NYPD,Illegal Parking,BROOKLYN,Closed
63595434,2025-01-01T21:03:01.000,2025-01-01T22:24:20.000,NYPD,Illegal Parking,QUEENS,Closed
63592555,2025-01-01T21:03:14.000,2025-01-01T21:45:35.000,NYPD,Noise - Residential,BRONX,Closed
63587402,2025-01-01T21:03:45.000,2025-01-02T01:41:28.000,NYPD,Noise - Street/Sidewalk,MANHATTAN,Closed
63594113,2025-01-01T21:03:47.000,2025-01-01T22:28:28.000,NYPD,Illegal Parking,BROOKLYN,Closed
63589207,2025-01-01T21:03:59.000,2025-01-01T22:25:23.000,NYPD,Illegal Parking,QUEENS,Closed
63592905,2025-01-01T21:04:00.000,2025-01-01T23:00:00.000,DOT,Traffic Signal Condition,MANHATTAN,Closed
63595305,2025-01-01T21:04:00.000,2025-01-01T22:17:14.000,NYPD,Blocked Driveway,BRONX,Closed
63593716,2025-01-01T21:04:09.000,2025-01-01T21:55:44.000,NYPD,Illegal Fireworks,BRONX,Closed
63588833,2025-01-01T21:04:19.000,2025-01-01T21:11:02.000,NYPD,Noise - Residential,BRONX,Closed
63593523,2025-01-01T21:04:27.000,2025-05-19T07:12:13.000,DOT,Street Sign - Missing,STATEN ISLAND,Closed
63587693,2025-01-01T21:04:42.000,2025-01-02T18:19:23.000,HPD,HEAT/HOT WATER,QUEENS,Closed
63586565,2025-01-01T21:04:48.000,2025-01-02T15:02:36.000,HPD,HEAT/HOT WATER,BRONX,Closed
63586562,2025-01-01T21:04:51.000,2025-01-03T14:00:42.000,HPD,HEAT/HOT WATER,MANHATTAN,Closed
63595096,2025-01-01T21:04:54.000,2025-01-03T18:31:16.000,HPD,HEAT/HOT WATER,BRONX,Closed
63591743,2025-01-01T21:04:56.000,2025-01-01T21:49:52.000,NYPD,Illegal Parking,BROOKLYN,Closed
63589657,2025-01-01T21:05:00.000,2025-01-03T14:22:00.000,DEP,Lead,MANHATTAN,Closed
63587722,2025-01-01T21:05:04.000,2025-01-02T18:16:43.000,HPD,HEAT/HOT WATER,QUEENS,Closed
63591749,2025-01-01T21:05:09.000,2025-01-01T21:48:41.000,NYPD,Illegal Parking,BRONX,Closed
63592406,2025-01-01T21:05:12.000,2025-01-01T22:09:49.000,NYPD,Noise - Residential,MANHATTAN,Closed
63588881,2025-01-01T21:05:19.000,2025-01-21T08:06:05.000,HPD,ELECTRIC,BRONX,Closed
63595196,2025-01-01T21:05:24.000,2025-01-04T10:59:02.000,HPD,HEAT/HOT WATER,MANHATTAN,Closed
63590968,2025-01-01T21:05:51.000,2025-01-02T03:42:23.000,NYPD,Noise - Residential,BROOKLYN,Closed
63593851,2025-01-01T21:05:53.000,2025-01-01T21:45:58.000,NYPD,Noise - Residential,BRONX,Closed
63589120,2025-01-01T21:06:14.000,2025-01-01T22:55:43.000,NYPD,Illegal Parking,BROOKLYN,Closed
63593351,2025-01-01T21:06:30.000,2025-01-02T00:59:54.000,NYPD,Noise - Residential,BROOKLYN,Closed
63587914,2025-01-01T21:06:42.000,2025-01-01T22:52:56.000,NYPD,Illegal Parking,QUEENS,Closed
63592866,2025-01-01T21:06:43.000,2025-01-02T01:02:39.000,NYPD,Blocked Driveway,BROOKLYN,Closed
63594096,2025-01-01T21:06:46.000,2025-01-01T21:14:37.000,NYPD,Blocked Driveway,BROOKLYN,Closed
63589969,2025-01-01T21:06:47.000,2025-01-01T21:58:34.000,NYPD,Noise - Residential,BROOKLYN,Closed
63590801,2025-01-01T21:06:48.000,2025-01-02T01:02:23.000,NYPD,Illegal Parking,BRONX,Closed
63593075,2025-01-01T21:07:01.000,2025-01-01T21:29:09.000,NYPD,Illegal Parking,QUEENS,Closed
63587950,2025-01-01T21:07:09.000,2025-01-01T22:26:35.000,NYPD,Illegal Parking,MANHATTAN,Closed
63590009,2025-01-01T21:07:16.000,2025-01-02T01:00:25.000,NYPD,Noise - Residential,BROOKLYN,Closed
63592254,2025-01-01T21:07:25.000,2025-01-02T04:03:30.000,NYPD,Noise - Street/Sidewalk,MANHATTAN,Closed
63589088,2025-01-01T21:07:28.000,2025-01-01T22:42:35.000,NYPD,Blocked Driveway,BROOKLYN,Closed
63593692,2025-01-01T21:07:33.000,2025-01-01T22:09:32.000,NYPD,Noise - Residential,MANHATTAN,Closed
63587739,2025-01-01T21:07:43.000,2025-01-03T21:01:10.000,HPD,HEAT/HOT WATER,BRONX,Closed
63588008,2025-01-01T21:07:43.000,2025-01-01T21:29:39.000,NYPD,Illegal Parking,QUEENS,Closed
63593907,2025-01-01T21:07:43.000,2025-01-03T13:09:22.000,HPD,HEAT/HOT WATER,BRONX,Closed
63590989,2025-01-01T21:08:00.000,2025-01-03T21:05:00.000,DEP,Water System,BROOKLYN,Closed
63594705,2025-01-01T21:08:19.000,2025-01-01T21:16:54.000,NYPD,Illegal Fireworks,BROOKLYN,Closed
63588846,2025-01-01T21:08:23.000,2025-01-01T22:26:12.000,NYPD,Noise - Street/Sidewalk,MANHATTAN,Closed
63586466,2025-01-01T21:08:35.000,2025-01-01T22:13:51.000,NYPD,Blocked Driveway,BROOKLYN,Closed
63591607,2025-01-01T21:08:36.000,2025-01-01T22:54:53.000,NYPD,Blocked Driveway,QUEENS,Closed
63587901,2025-01-01T21:08:46.000,2025-01-01T22:12:20.000,NYPD,Illegal Parking,BROOKLYN,Closed
63590439,2025-01-01T21:09:08.000,2025-01-01T22:28:29.000,NYPD,Illegal Parking,QUEENS,Closed
63595477,2025-01-01T21:09:10.000,2025-01-01T21:43:26.000,NYPD,Illegal Parking,STATEN ISLAND,Closed
63586409,2025-01-01T21:09:19.000,2025-01-01T21:50:01.000,NYPD,Noise - Residential,MANHATTAN,Closed
63591810,2025-01-01T21:09:33.000,2025-01-01T21:26:50.000,NYPD,Drug Activity,BROOKLYN,Closed
63590270,2025-01-01T21:09:47.000,2025-01-01T21:14:21.000,NYPD,Abandoned Vehicle,BROOKLYN,Closed
63607017,2025-01-01T21:09:51.000,2025-01-13T00:00:00.000,DOB,Elevator,QUEENS,Closed
63590040,2025-01-01T21:10:10.000,2025-01-01T21:46:18.000,NYPD,Noise - Residential,BRONX,Closed
63586681,2025-01-01T21:10:14.000,2025-01-01T22:29:02.000,NYPD,Illegal Parking,BROOKLYN,Closed
63595158,2025-01-01T21:10:45.000,2025-01-02T16:33:51.000,HPD,HEAT/HOT WATER,QUEENS,Closed
63590285,2025-01-01T21:10:51.000,2025-01-02T16:06:17.000,HPD,HEAT/HOT WATER,MANHATTAN,Closed
63586732,2025-01-01T21:11:06.000,2025-01-01T21:34:14.000,NYPD,Illegal Parking,BRONX,Closed
63592275,2025-01-01T21:11:09.000,2025-01-02T01:41:44.000,NYPD,Noise - Vehicle,MANHATTAN,Closed
63585649,2025-01-01T21:11:18.000,2025-01-01T22:47:33.000,NYPD,Illegal Parking,QUEENS,Closed
63591673,2025-01-01T21:11:36.000,2025-01-01T21:34:22.000,NYPD,Illegal Parking,BRONX,Closed
63587998,2025-01-01T21:11:38.000,2025-01-01T22:20:35.000,NYPD,Illegal Parking,BROOKLYN,Closed
63586740,2025-01-01T21:11:40.000,2025-01-01T21:34:21.000,NYPD,Illegal Parking,BRONX,Closed
63587852,2025-01-01T21:11:41.000,2025-01-01T22:38:37.000,NYPD,Blocked Driveway,BROOKLYN,Closed
63588661,2025-01-01T21:11:49.000,2025-01-01T22:25:18.000,NYPD,Noise - Residential,QUEENS,Closed
63589185,2025-01-01T21:11:56.000,2025-01-01T22:50:22.000,NYPD,Illegal Parking,QUEENS,Closed
63590915,2025-01-01T21:11:56.000,2025-01-03T08:17:06.000,DPR,Damaged Tree,BROOKLYN,Closed
63595461,2025-01-01T21:12:00.000,2025-01-02T13:39:00.000,DOT,Street Light Condition,QUEENS,Closed
63588725,2025-01-01T21:12:11.000,2025-01-01T22:00:54.000,NYPD,Noise - Street/Sidewalk,MANHATTAN,Closed
63594049,2025-01-01T21:12:24.000,2025-01-01T21:13:59.000,NYPD,Abandoned Vehicle,BROOKLYN,Closed
63586421,2025-01-01T21:12:31.000,2025-01-01T22:50:05.000,NYPD,Noise - Residential,QUEENS,Closed
63586381,2025-01-01T21:12:51.000,2025-01-01T21:46:39.000,NYPD,Noise - Residential,BRONX,Closed
63591716,2025-01-01T21:12:52.000,2025-01-01T21:34:00.000,NYPD,Illegal Parking,BRONX,Closed
63589602,2025-01-01T21:12:52.000,2025-01-02T03:51:32.000,NYPD,Noise - Street/Sidewalk,MANHATTAN,Closed
63594351,2025-01-01T21:13:05.000,2025-01-02T00:40:45.000,NYPD,Illegal Parking,STATEN ISLAND,Closed
63587884,2025-01-01T21:13:22.000,2025-12-01T16:04:18.000,DPR,Wood Pile Remaining,BROOKLYN,Closed
63587920,2025-01-01T21:13:27.000,2025-01-01T21:43:52.000,NYPD,Illegal Parking,BROOKLYN,Closed
63589486,2025-01-01T21:13:30.000,2025-01-02T05:50:14.000,NYPD,Illegal Parking,QUEENS,Closed
63593916,2025-01-01T21:13:47.000,2025-01-02T09:09:02.000,HPD,HEAT/HOT WATER,MANHATTAN,Closed
63588958,2025-01-01T21:13:48.000,2025-01-03T18:30:28.000,HPD,HEAT/HOT WATER,BRONX,Closed
63587745,2025-01-01T21:13:49.000,2025-01-03T10:41:41.000,HPD,HEAT/HOT WATER,MANHATTAN,Closed
63595182,2025-01-01T21:13:49.000,2025-01-02T14:07:27.000,HPD,HEAT/HOT WATER,QUEENS,Closed
63586253,2025-01-01T21:14:00.000,2025-01-01T21:40:14.000,NYPD,Noise - Residential,BRONX,Closed
63588912,2025-01-01T21:14:16.000,2025-01-02T20:27:35.000,HPD,HEAT/HOT WATER,BRONX,Closed
63586545,2025-01-01T21:14:18.000,2025-01-02T20:31:50.000,HPD,HEAT/HOT WATER,BROOKLYN,Closed
63586435,2025-01-01T21:14:19.000,2025-03-28T07:03:13.000,TLC,For Hire Vehicle Complaint,MANHATTAN,Closed
63585990,2025-01-01T21:14:38.000,2025-01-01T21:15:11.000,NYPD,Abandoned Vehicle,BROOKLYN,Closed
63588209,2025-01-01T21:14:41.000,2025-01-02T01:11:36.000,NYPD,Illegal Parking,MANHATTAN,Closed
63587126,2025-01-01T21:14:42.000,2025-01-02T01:59:22.000,NYPD,Noise - Residential,BRONX,Closed
63589306,2025-01-01T21:15:07.000,2025-01-02T00:23:23.000,NYPD,Illegal Parking,BROOKLYN,Closed
63591466,2025-01-01T21:15:24.000,2025-01-03T19:32:37.000,HPD,HEAT/HOT WATER,MANHATTAN,Closed
63595501,2025-01-01T21:15:35.000,2025-01-01T21:45:27.000,NYPD,Drug Activity,BROOKLYN,Closed
63608666,2025-01-01T21:15:52.000,2025-01-03T00:00:00.000,DOB,Elevator,BRONX,Closed
63599872,2025-01-01T21:16:05.000,2025-01-27T00:00:00.000,DOB,Building/Use,MANHATTAN,Closed
63593078,2025-01-01T21:16:08.000,2025-01-02T00:45:25.000,NYPD,Noise - Vehicle,BROOKLYN,Closed
63595032,2025-01-01T21:16:10.000,2025-01-02T00:45:51.000,NYPD,Noise - Street/Sidewalk,BROOKLYN,Closed
63594108,2025-01-01T21:16:14.000,2025-01-01T22:14:42.000,NYPD,Illegal Parking,QUEENS,Closed
63591708,2025-01-01T21:16:18.000,2025-01-01T22:35:46.000,NYPD,Illegal Parking,QUEENS,Closed
63592486,2025-01-01T21:16:19.000,2025-01-02T00:36:24.000,NYPD,Noise - Residential,QUEENS,Closed
63591581,2025-01-01T21:16:21.000,2025-01-02T00:12:19.000,NYPD,Blocked Driveway,BRONX,Closed
63592870,2025-01-01T21:16:27.000,2025-01-01T22:32:34.000,NYPD,Abandoned Vehicle,QUEENS,Closed
63588505,2025-01-01T21:16:29.000,2025-01-02T01:04:07.000,NYPD,Noise - Residential,QUEENS,Closed
63587652,2025-01-01T21:16:50.000,2025-06-02T20:02:19.000,HPD,DOOR/WINDOW,MANHATTAN,Closed
63595205,2025-01-01T21:16:50.000,2025-01-02T14:31:47.000,HPD,HEAT/HOT WATER,MANHATTAN,Closed
63586935,2025-01-01T21:16:59.000,2025-01-02T03:59:28.000,NYPD,Illegal Parking,BROOKLYN,Closed
63594174,2025-01-01T21:17:19.000,2025-01-02T01:39:42.000,NYPD,Blocked Driveway,BRONX,Closed
63593599,2025-01-01T21:17:19.000,2025-01-01T21:49:44.000,NYPD,Illegal Fireworks,BRONX,Closed
63586620,2025-01-01T21:17:38.000,2025-01-02T16:40:06.000,HPD,HEAT/HOT WATER,BRONX,Closed
63586863,2025-01-01T21:17:45.000,2025-03-22T12:43:00.000,HPD,WATER LEAK,MANHATTAN,Closed
63591295,2025-01-01T21:18:01.000,2025-01-01T22:21:48.000,NYPD,Noise - Street/Sidewalk,MANHATTAN,Closed
63594140,2025-01-01T21:18:20.000,2025-01-01T22:04:00.000,NYPD,Illegal Parking,QUEENS,Closed
63586211,2025-01-01T21:18:21.000,2025-01-02T05:00:46.000,NYPD,Noise - Street/Sidewalk,QUEENS,Closed
63594168,2025-01-01T21:18:47.000,2025-01-01T21:21:35.000,NYPD,Abandoned Vehicle,BROOKLYN,Closed
63594650,2025-01-01T21:19:00.000,2025-01-04T02:00:00.000,DOT,Street Light Condition,MANHATTAN,Closed
63590560,2025-01-01T21:19:07.000,2025-01-01T21:50:05.000,NYPD,Drug Activity,BRONX,Closed
63586755,2025-01-01T21:19:52.000,2025-01-01T21:57:07.000,NYPD,Illegal Parking,QUEENS,Closed
63593067,2025-01-01T21:19:58.000,2025-01-01T23:01:21.000,DSNY,Vendor Enforcement,BROOKLYN,Closed
63589460,2025-01-01T21:20:00.000,2025-01-02T16:35:00.000,DEP,Water System,BRONX,Closed
63589474,2025-01-01T21:20:00.000,2025-01-17T17:00:00.000,DEP,Noise,BROOKLYN,Closed
63586714,2025-01-01T21:20:03.000,2025-01-01T21:52:52.000,NYPD,Illegal Parking,BROOKLYN,Closed
63586657,2025-01-01T21:20:07.000,2025-01-03T19:33:06.000,HPD,HEAT/HOT WATER,BROOKLYN,Closed
63593903,2025-01-01T21:20:12.000,2025-01-03T13:32:36.000,HPD,HEAT/HOT WATER,BRONX,Closed
63587729,2025-01-01T21:20:16.000,2025-01-03T16:20:43.000,HPD,HEAT/HOT WATER,MANHATTAN,Closed
63588201,2025-01-01T21:20:20.000,2025-03-02T21:39:49.000,DOHMH,Food Establishment,MANHATTAN,Closed
63593522,2025-01-01T21:20:21.000,2025-01-02T09:24:11.000,DOT,Street Condition,MANHATTAN,Closed
63587641,2025-01-01T21:20:36.000,2025-01-02T00:39:31.000,NYPD,Noise - Street/Sidewalk,QUEENS,Closed
63594565,2025-01-01T21:20:53.000,2025-01-02T05:34:26.000,NYPD,Noise - Residential,QUEENS,Closed
63595254,2025-01-01T21:21:03.000,2025-01-01T21:21:53.000,NYPD,Abandoned Vehicle,BROOKLYN,Closed
63591299,2025-01-01T21:21:04.000,2025-01-01T22:20:29.000,NYPD,Noise - Vehicle,MANHATTAN,Closed
63588513,2025-01-01T21:21:14.000,2025-01-02T04:03:17.000,NYPD,Noise - Street/Sidewalk,MANHATTAN,Closed
63594914,2025-01-01T21:21:57.000,2025-01-07T07:46:24.000,DOT,Street Sign - Dangling,MANHATTAN,Closed
63592159,2025-01-01T21:22:02.000,2025-01-02T06:00:23.000,NYPD,Noise - Residential,MANHATTAN,Closed
63605570,2025-01-01T21:22:22.000,2025-01-03T00:00:00.000,DOB,Boilers,BROOKLYN,Closed
63591748,2025-01-01T21:22:38.000,2025-01-01T22:00:44.000,NYPD,Illegal Parking,STATEN ISLAND,Closed
63593172,2025-01-01T21:22:40.000,2025-01-15T12:48:47.000,DPR,Dead/Dying Tree,BROOKLYN,Closed
63594279,2025-01-01T21:22:49.000,2025-01-01T21:31:26.000,NYPD,Illegal Parking,BROOKLYN,Closed
63593119,2025-01-01T21:23:00.000,2025-01-03T14:22:00.000,DEP,Lead,MANHATTAN,Closed
63589431,2025-01-01T21:23:00.000,2025-01-03T14:22:00.000,DEP,Lead,QUEENS,Closed
63593127,2025-01-01T21:23:00.000,2025-01-03T22:45:00.000,DEP,Noise,MANHATTAN,Closed
63593194,2025-01-01T21:23:05.000,2025-01-02T05:09:32.000,NYPD,Illegal Parking,BROOKLYN,Closed
63588061,2025-01-01T21:23:06.000,2025-01-01T21:43:13.000,NYPD,Drug Activity,MANHATTAN,Closed
63587742,2025-01-01T21:23:08.000,2025-01-02T19:43:40.000,HPD,HEAT/HOT WATER,BRONX,Closed
63594630,2025-01-01T21:23:08.000,2025-01-02T00:53:34.000,NYPD,Noise - Residential,BRONX,Closed
63594133,2025-01-01T21:23:09.000,2025-01-02T02:10:15.000,NYPD,Blocked Driveway,QUEENS,Closed
63588924,2025-01-01T21:23:14.000,2025-01-03T21:01:10.000,HPD,HEAT/HOT WATER,BRONX,Closed
63588897,2025-01-01T21:23:35.000,2025-01-02T20:27:35.000,HPD,HEAT/HOT WATER,BRONX,Closed
63592719,2025-01-01T21:23:45.000,2025-01-04T12:34:02.000,HPD,HEAT/HOT WATER,MANHATTAN,Closed
63588954,2025-01-01T21:23:50.000,2025-01-02T14:27:07.000,HPD,HEAT/HOT WATER,BROOKLYN,Closed
63594952,2025-01-01T21:23:51.000,2025-01-01T23:07:12.000,NYPD,Illegal Fireworks,BROOKLYN,Closed
63590164,2025-01-01T21:24:07.000,2025-01-02T19:20:13.000,HPD,HEAT/HOT WATER,BRONX,Closed
63589102,2025-01-01T21:24:08.000,2025-01-01T21:40:18.000,NYPD,Illegal Parking,BROOKLYN,Closed
63593193,2025-01-01T21:24:09.000,2025-01-02T01:19:24.000,NYPD,Illegal Parking,STATEN ISLAND,Closed
63591448,2025-01-01T21:24:34.000,2025-01-02T17:03:19.000,HPD,HEAT/HOT WATER,BRONX,Closed
